num_links,lie_time
2,2.0023086997680366
3,2.824805600102991
4,3.798820000141859
5,4.681640000082552
6,5.624540700111538
7,6.555845899973065
8,7.720524600241333
9,8.505481699947268
10,9.308894999790937
11,10.369647399988024
12,11.347742500249296
13,12.115233200136572
14,13.0912195998244
15,14.006279099732636
16,15.09604649990797
17,15.950833700131623
18,16.861041199881583
19,18.08881689980626
20,19.00862280000001
2,2.014447399880737
3,2.9427352002821863
4,4.022222300060093
5,4.979839500039816
6,5.96097969962284
7,6.934409399982542
8,7.885991599876434
9,9.078424899838865
10,10.079764200374484
11,11.109708700329065
12,11.968393600080162
13,12.877677700016648
14,13.949308699928224
15,15.38663880014792
16,15.950980399735272
17,17.418260399717838
18,18.074333800002933
19,18.98011830030009
20,20.334114300087094
