t1,t2,t3,t4
78.47999999999999,44.144999999999996,19.62,4.905
57.12866364145225,39.73555877642903,17.317189933307866,4.838583236688128
35.89213513402361,35.11933160030049,14.902117775537388,4.722443683394575
15.008683968694541,30.323889672931536,12.389112545682577,4.556640625741466
-5.29278747631102,25.379574789057948,9.793700597435343,4.34191345472395
-24.797547667114074,20.31902753200525,7.132381229047075,4.079655528763261
-43.309357965267395,15.176644097838064,4.42237914983134,3.771874021414424
-60.65418112379729,9.987978494692818,1.6813800578616203,3.4211371667224544
-76.68317205308072,4.789109272404289,-1.0727438403980543,3.0305106746832946
-91.27487825682437,-0.38400861938577435,-3.8222112333604272,2.603485374561159
-104.33661100363918,-5.496185835582487,-6.549604873269063,2.1438983444827673
-115.80498221931612,-10.51361411100585,-9.238133609344585,1.655849896642223
-125.64563449733416,-15.404436390737928,-11.871876897924722,1.1436188079087184
-133.8522209539684,-20.13925520360037,-14.436006143228504,0.6115781192034635
-140.44471659965043,-24.6915659252828,-16.916978147280112,0.06411368114370108
-145.46716250151235,-29.03810508566687,-19.302697006674073,-0.4944525911548441
-148.9849576922237,-33.15910761488316,-21.58264193336229,-1.0599330613561473
-151.0818213395819,-37.03847068012192,-23.747959641927565,-1.6283369312866802
-151.85654929393837,-40.66382534345489,-25.791521084797218,-2.195923970247042
-151.4196852574958,-44.0265205025726,-27.70794338269782,-2.759248713345145
-149.8902182066037,-47.12152633152348,-29.493578750922218,-3.3151947680152283
-147.39240526285687,-49.947266629120676,-31.146473032151363,-3.8609991896448843
-144.05280397322855,-52.50539106284691,-32.66629709283406,-4.394267179628786
-139.9975809757019,-54.80049925972942,-34.05425481149,-4.912977613580338
-135.35014630973,-56.83982907123358,-35.31297168210572,-5.41548011784373
-130.22914510218567,-58.6329211829148,-36.446368180717414,-5.900484575468882
-124.74682180624855,-60.191271627534285,-37.459522011966904,-6.367044057548945
-119.00775721816942,-61.527982780926564,-38.35852318392311,-6.814532243635082
-113.10796559606104,-62.65742216629245,-39.15032557654063,-7.242616419105716
-107.13432863327506,-63.594896956556525,-39.84259829663218,-7.651227122659689
-101.16433491207158,-64.35635053132916,-40.44357967559795,-8.040525469386948
-95.26608775459594,-64.95808589023365,-40.96193629012091,-8.410869100664684
-89.49854095430781,-65.41651921116747,-41.40662889360042,-8.76277761819815
-83.91192047997639,-65.7479654207266,-41.786786657760686,-9.09689825253486
-78.5482906040529,-65.96845635197829,-42.11159065714381,-9.413972402580368
-73.44222469241097,-66.09359092764922,-42.39016709835332,-9.714803567643603
-68.62154376865675,-66.13841583991994,-42.63149041194684,-10.000227082142533
-64.10808960984464,-66.11733440824516,-42.844295995640735,-10.271081959200412
-59.91850324423955,-66.04404068423048,-43.037002127943815,-10.528185055908303
-56.06498404594653,-65.93147543308521,-43.21764036387731,-10.772307692033989
-52.5560089401926,-65.79180034679533,-43.39379357926421,-11.00415478655723
-49.39699537844288,-65.63638672515512,-43.57254074554773,-11.224346522947538
-46.59089559304651,-65.47581488621684,-43.760407490113174,-11.433402514232043
-44.138713119780576,-65.31988072589476,-43.963321523339616,-11.631728411715518
-42.039935646370736,-65.1776061251082,-44.18657208787985,-11.819604885360402
-40.2928809027357,-65.05725028884761,-44.43477270201063,-11.997178897631727
-38.894954578839034,-64.96631958053857,-44.71182662078931,-12.164457194170563
-37.842821183926276,-64.91157397088925,-45.02089461920495,-12.321301941979119
-37.132490405924266,-64.89902883450527,-45.36436490313293,-12.467428456860201
-36.75932295875687,-64.9339514785679,-45.74382516895425,-12.602404974688938
-36.717961186615014,-65.02085245135888,-46.16003705315383,-12.725654433866382
-37.002190891966514,-65.16347232693748,-46.61291343078631,-12.836458247348636
-37.60474202328263,-65.36476526590945,-47.10149922795304,-12.933962050522346
-38.517037040484055,-65.62688117952818,-47.62395659987692,-13.017183414728336
-39.728896995097216,-65.9511487438243,-48.177555484401516,-13.085021514527131
-41.22821662207185,-66.33806179240194,-48.758670662693085,-13.136268729272327
-43.00062102311628,-66.78727173538813,-49.362786537068324,-13.1696241459506
-45.029117786466564,-67.29758858874905,-49.9845108635446,-13.183708910630738
-47.29375957217668,-67.86699294275378,-50.61759864845071,-13.177083350631872
-49.77133321211588,-68.49266075192025,-51.254987330333876,-13.148265759376212
-52.43509213023036,-69.17100220530092,-51.88884421845661,-13.095752701821183
-55.2545492706049,-69.8977151631479,-52.51062694763641,-13.018040661601702
-58.195347613838734,-70.66785276505061,-53.11115743880606,-12.913648812985453
-61.21922465628538,-71.47590387894613,-53.680709530930464,-12.781142663016073
-64.28408582616387,-72.31588413285857,-54.20911008105874,-12.619158273423029
-67.34419964437757,-73.18143442040241,-54.68585292628475,-12.426426739635978
-70.35052446964514,-74.06592306635048,-55.1002246776786,-12.201798577091864
-73.2511729045241,-74.96254734451944,-55.441440887371996,-11.944267644341295
-75.99201543912518,-75.86442981087573,-55.6987907129638,-11.65299421939272
-78.51741978583772,-76.76470498805061,-55.86178781608996,-11.327326841137307
-80.77111677982055,-77.65659233055644,-55.92032489213169,-10.966822532105393
-82.69717790684008,-78.53345210616934,-55.86482895239743,-10.571265032394319
-84.24108373633291,-79.38882181613262,-55.686414283548714,-10.140680697201923
-85.35085707834837,-80.21643198854339,-55.37702990354944,-9.675351741484397
-85.97822985770073,-81.01020153771509,-54.92959832737304,-9.175826554016055
-86.079808811589,-81.76421429363873,-54.338142553212286,-8.642926848496103
-85.61820244647221,-82.47267966713666,-53.597898380459455,-8.077751470071949
-84.56307046755073,-83.12988162447407,-52.70540946894411,-7.481676730361916
-82.89205728527764,-83.73012110465126,-51.658602934900344,-6.856353201348959
-80.59157329194814,-84.26765764427121,-50.45684373880677,-6.203698956987415
-77.65739137975287,-84.7366562231183,-49.10096663608725,-5.525889309697785
-74.09503153575037,-85.13114518132042,-47.59328501368712,-4.825343145920383
-69.91991310137993,-85.4449904903539,-45.93757650236756,-4.104706019500513
-65.15726214236138,-85.67189072045757,-44.1390458146067,-3.366830212986172
-59.841769988148904,-85.80539579975398,-42.20426579063367,-2.6147520241862914
-54.01700796908238,-85.83895119192027,-40.14109812176478,-1.8516665779515349
-47.734612280134904,-85.76596753160776,-37.95859564521834,-1.080900500605194
-41.0532613099276,-85.5799141591027,-35.666888455937446,-0.3058828263578104
-34.037475296158746,-85.274433495404,-33.277056350675494,0.4698854689607943
-26.756274456992365,-84.84347189336128,-30.800990303886184,1.2428628917296811
-19.28173652434764,-84.28142157003553,-28.25124577402756,2.0094993835002857
-11.687497674645236,-83.58326752782882,-25.640890656590425,2.7662683680982685
-4.047242112247435,-82.74473303943776,-22.98335064339857,3.509698458229813
3.566774998508601,-81.76241731020872,-20.292254625738316,4.236404394401688
11.085128853621633,-80.63391932190622,-17.581282602441103,4.9431168035452515
18.4425120539013,-79.35794256337601,-14.86401833471303,5.626710386391842
25.578874057987694,-77.93437630809551,-12.153808738872764,6.284230171168696
32.44038599739636,-76.3643502365118,-9.46363173724659,6.91291550618104
38.98021081284702,-74.65026044683154,-6.805974006272447,7.51022150472874
45.15906607770118,-72.79576617565935,-4.192719778040415,8.07383770178241
50.945574347902095,-70.80575778818289,-1.63505157422399,8.601703731919207
56.316403103318166,-68.68629773350477,0.8566365146591597,9.09202189101966
61.25620304073506,-66.44453714245954,3.272812642130453,9.543266498834935
65.75735940607399,-64.08861153392172,5.604867979856779,9.954190034332859
69.81957602719218,-61.62751966576932,7.84516453256443,10.323826069267518
73.4493156001696,-59.0709899060087,9.987070261100241,10.651489076265019
76.65912252081996,-56.42933860797514,12.024981944759332,10.93677123454685
79.4668561251564,-53.713324861616826,13.954336352832783,11.179536398057083
81.894862645491,-50.93400568039422,15.771610408398962,11.379911426280684
83.96911358582486,-48.102595197441694,17.474311114009957,11.538275106775064
85.71833669131775,-45.23033081837585,19.060956068623238,11.655244920041056
87.173163379905,-42.32834854896013,20.53104543772976,11.731661911826183
88.36531358576468,-39.40756892446093,21.88502624444552,11.76857394561703
89.32683560935209,-36.478594156837744,23.1242498293486,11.767217609601484
90.08941495212865,-33.55161632999403,24.250923282892906,11.728999048714474
90.68376240316746,-30.636335756461506,25.26805558914757,11.655473984707067
91.13908799260312,-27.741888004451646,26.179399137322136,11.54832717683993
91.4826639673771,-24.876777653211306,26.989387163067754,11.409351564210484
91.73947678945098,-22.04881657404296,27.70306758094197,11.240427319259142
91.93196539286993,-19.265064495056755,28.326033569581632,11.043501031907944
92.07984062628613,-16.531769812003184,28.86435117950141,10.820565236062688
92.19997899032046,-13.854309066444259,29.324484157681496,10.573638485510813
92.3063824705802,-11.237124223079398,29.713216130646654,10.304746184791952
92.41019546323344,-8.683657820631105,30.037570265254466,10.015902382130895
92.51976946915585,-6.196287206941207,30.304726539357922,9.70909273519522
92.64076635825162,-3.7762603404198174,30.521936806599452,9.386258864937785
92.77629152861618,-1.4236369682972878,30.696437932365974,9.049284316288123
92.92704914659447,0.8627597195768217,30.835363410376814,8.69998234476183
93.09151278610999,3.0853747259996958,30.945654037690737,8.34008574270693
93.26610611495309,5.247929071121089,31.033968423426373,7.971238905384055
93.44538972301527,7.3553962371894706,31.10659432371021,7.594992313022218
93.6222516701782,9.41393970233036,31.169362020283316,7.212799568447214
93.7881007653021,11.430804673220376,31.227561178721146,6.826017079541549
93.93306288841069,13.414158433244936,31.28586281883296,6.435906411253262
94.04618175470216,15.372875716627092,31.34824818836637,6.04363925380553
94.11562631693762,17.3162681699524,31.4179464358278,5.65030486407981
94.12890744828916,19.253760182475478,31.497383014555794,5.256919739044388
94.07310659253338,21.194517007440787,31.58814070604387,4.864439178002316
93.93511868459575,23.147034953110698,31.690935017179836,4.473770289833354
93.70191082903028,25.118707240636407,31.805605479078114,4.085785908587531
93.36079700318112,27.115382619030566,31.931124055021304,3.7013388024428835
92.89972748302438,29.14093669435652,32.06562145756961,3.32127550378622
92.3075898622262,31.19687788036508,32.20643169153723,2.9464490580381817
91.57451656730017,33.28201065755806,32.35015459695158,2.577729990712938
90.69219180647706,35.39217824645814,32.49273558568631,2.2160148293302653
89.65414908532446,37.52010475456571,32.629561172316286,1.8622315903797535
88.45604894140232,39.65535334521285,32.75556832149266,1.5173417504263522
87.0959255483366,41.784412114594424,32.865365099334085,1.1823383610360159
85.57439044975371,43.890913379385495,32.9533596528173,0.8582401335047454
83.89478200332233,45.95598530425073,33.01389417429384,0.5460815033062127
82.06325019555793,47.95872765213734,33.041380259314124,0.246898876024086
80.08876832465455,49.876796389772366,33.030431950571874,-0.038286554400128736
77.98306557783488,51.68707541235833,32.97599278794243,-0.30848884894190665
75.76047763008734,53.36640822815359,32.873453355776014,-0.5627795109357718
73.43771589015107,54.89235846610278,32.718756127642735,-0.8003109823504699
71.03355970553159,56.24396584117386,32.50848484202407,-1.0203405358691109
68.56847947652216,57.40246391131562,32.239936179806925,-1.22225361686204
66.06420198089884,58.3519276249656,31.91117213029421,-1.4055857029129806
63.54323205305176,59.07982218228598,31.521052097468743,-1.5700418072553415
61.02834690504619,59.577429874841044,31.069244481203757,-1.7155128521158334
58.542080683679586,59.84013797093897,30.55621813780349,-1.8420882718819174
56.10621724921425,59.86757793743283,29.98321475143145,-1.9500643656032262
53.74130862664244,59.663613847210335,29.352203707027737,-2.039948093744475
51.466235173114015,59.23618522252527,28.66582152563648,-2.112456194964307
49.29782133840716,58.59701634816052,27.927298290055713,-2.168509674889882
47.25051812909835,57.76120986260382,27.14037374424572,-2.2092238812288985
45.33616021340031,56.74674690097536,26.309205892339122,-2.2358945204724643
43.56380222936199,55.57391903179675,25.438274956766485,-2.249980085202533
41.939635488896684,54.264718629011256,24.532285489520763,-2.253081244116622
40.46698309086612,52.84221419192053,23.596069279572237,-2.246917798042113
39.14636862502541,51.32993560965048,22.634491479310046,-2.2333038252568738
37.97565128324429,49.75129168396964,21.6523621013995,-2.2141216310204728
36.95021837053329,48.129038650648226,20.65435473245115,-2.1912950834509646
36.063224958790016,46.48481427999446,19.644933988138522,-2.1667628658535483
35.30586974461533,44.838747700126056,18.628292910586346,-2.1424521099358467
34.667696020277795,43.209150661089545,17.608301194991355,-2.120252800715324
34.13690698079181,41.612291795855626,16.588464837488008,-2.1019932676887283
33.700685291388126,40.062251737017654,15.571897526039658,-2.089417002692282
33.34550784246148,38.57085386001138,14.561303853457526,-2.084160976656854
33.057447837530034,37.147663030414115,13.558974216755415,-2.087735567975183
32.822457713696636,35.80004306439006,12.566791078068517,-2.1015061662351435
32.62662781291832,34.533262649024365,11.586246095922885,-2.126676477442601
32.456417146841986,33.35063915530296,10.61846748744739,-2.1642735305060112
32.298853980593435,32.25371002446998,9.664256847546838,-2.2151343689356446
32.1417052651193,31.24242211431961,8.724134525633835,-2.2798944051699954
31.9736151460523,30.315330443847806,7.798392540347445,-2.358977416119668
31.784213849283873,29.46979906169983,6.887153894740487,-2.452587165727435
31.564199174196933,28.70219818268322,5.990437036747296,-2.560700651928145
31.30539360281271,28.008093196191993,5.108224091611782,-2.683062989854607
31.00078064684799,27.382422574458598,4.240531374894304,-2.8191839592129364
30.64452449594756,26.81966303649544,3.3874805785093294,-2.968336260456012
30.231977291170974,26.313981509713127,2.549368911085028,-3.1295555410024294
29.759678421368655,25.85937444293445,1.7267363721580065,-3.301642268799634
29.225350121362496,25.44979583996104,0.9204282529346042,-3.4831655456975925
28.627893337471214,25.079275988054547,0.1316508913587029,-3.672468967140018
27.967387319162164,24.742033242152505,-0.6379813260876439,-3.8676786473218856
27.245095701442864,24.43258138818734,-1.386409720242769,-4.0667135397984655
26.463480972770533,24.145835044395753,-2.1111077859933545,-4.267298191927477
25.626228196249507,23.87721526654186,-2.80907221409396,-4.466978076541113
24.738277693875844,23.622757002377956,-3.4768301359140796,-4.663137644586396
23.805865149168177,23.37921929724833,-4.1104640064725455,-4.853021236486896
22.83656627629764,23.144198197819723,-4.70565520559232,-5.033756975689757
21.839341896665438,22.916241155505112,-5.257747014152233,-5.2023837430571795
20.824578018766957,22.694960429403494,-5.761827111649478,-5.355881293135392
19.80411440448058,22.48114158111604,-6.212829146748387,-5.49120352067923
18.79125420182052,22.276841710201197,-6.6056522639088655,-5.605314816256113
17.800746612205977,22.085470689025744,-6.935296742567326,-5.695229362038041
16.848734321591884,21.911847428426174,-7.197013143288579,-5.758053112651561
15.952657637321522,21.76222226601916,-7.386461586904247,-5.791028082015318
15.13110800388852,21.644256052150745,-7.499877052807797,-5.791578417715608
14.403624871052784,21.5669465499734,-7.534235910772537,-5.757357593548685
13.790431781760446,21.54049349032107,-7.487418339125359,-5.686295894030529
13.312110026738445,21.576095127828143,-7.3583608734468555,-5.576647209295425
12.989211228793877,21.68567149037996,-7.147193114365596,-5.42703401378871
12.841813678255264,21.88151270220649,-6.855352635198333,-5.236489277648683
12.889030998523566,22.17585472613244,-6.485672396363576,-5.004493966550689
13.148485586548247,22.58038946996661,-6.042435508495403,-4.731008735018891
13.63576301422134,23.10572121312116,-5.531392991114618,-4.416498420069862
14.363866928645763,23.76078643436615,-4.959741234349465,-4.061948005243858
15.342696671690469,24.552259000057557,-4.336057157321449,-3.6688688558557954
16.578571576582462,25.48396690375542,-3.670190522672552,-3.2392942276094594
18.073826444461865,26.556349921631334,-2.9731144526482893,-2.7757633215064668
19.82650186382093,27.76598927697848,-2.2567368273539827,-2.2812934926775723
21.83015069617101,29.10524036828751,-1.5336768520812463,-1.7593406090872294
24.073778197387682,30.561997586593115,-0.8170125769113028,-1.213747983154457
26.5419279754177,32.11961614083376,-0.12000645924896247,-0.6486847462847356
29.21491952063448,33.757009694023566,0.5441828931483776,-0.068574981053934
32.06923571888954,35.44893472573573,1.1627939343721678,0.5219806556454154
35.078051000676695,37.16646327930876,1.723751120568103,1.118288717157374
38.211883093770695,38.87763566998294,2.215940376090604,1.7156497635682717
41.43934426415131,40.54827447413443,2.6294623002009274,2.3094455737054647
44.72796197197508,42.142931398287935,2.9558551189709377,2.89522408463481
48.04503449880974,43.625930146933975,3.1882805121262265,3.4687793978511348
51.358484680809134,44.96246181514609,3.3216668482930665,4.026224339932389
54.63767463386977,46.1196851496629,3.3528059738327087,4.564053330722338
57.854146342832024,47.067782604818376,3.2804014396547103,5.0791936822104375
60.98225709727829,47.78092461775013,3.1050678318046927,5.569043907706055
63.99968471573732,48.23809887097036,2.8292826103354045,6.03149813977368
66.88778488925419,48.423768214360564,2.457293477491188,6.46495630903129
69.6317912684136,48.32832990641157,1.9949857208544906,6.868320294747041
72.22085752820603,47.94835928002232,1.4497151534728356,7.240976792774383
74.64794897619153,47.28663212043699,0.8301131606207459,7.58276812945064
76.90959876624304,46.35193120791235,0.1458709384925605,7.893952658280529
79.00554997462635,45.15865290101998,-0.5924897320993772,8.1751566915285
80.93830934153233,43.72623868053133,-1.3738518834261253,8.427320129588093
82.7126411782887,42.07846373454986,-2.1867379678712027,8.651638052326774
84.33503073946783,40.24261960445292,-3.0195372885695733,8.8495005304008
85.81314535640516,38.24863047074521,-3.860720643008321,9.022432808853605
87.15531904635696,36.12814285999647,-4.699037491050415,9.172037823404224
88.37008246806964,33.91362658311371,-5.523691974094339,9.29994274886508
89.46575536933217,31.637520889106668,-6.324495167466061,9.407750968712925
90.4501134684902,29.331454550807123,-7.091991994249561,9.497000515529853
91.33013642203716,27.025562357334074,-7.817562221979237,9.5691296839012
92.11183850521857,24.747913752783365,-8.493495867694108,9.625450178744932
92.80017915928832,22.52406258728719,-9.113044123865453,9.66712784858149
93.3990468470976,20.3767205356352,-9.670447568413582,9.695170777179506
93.91130683444825,18.325551013392534,-10.160943925664517,9.710424276841643
94.33890162394947,16.38707561462518,-10.580757998752706,9.713572147058471
94.68299178525811,14.574681349666495,-10.927076601593432,9.705143434537494
94.94412476675805,12.89871432801989,-11.198011389711096,9.685523852778704
95.12241981308355,11.366643984892573,-11.392552437807987,9.654970986964205
95.21775819913344,9.983281401609393,-11.510515254843103,9.613632416654355
95.22996946332891,8.751035586312334,-11.552483683116646,9.561565927174817
95.15900602354299,7.670192599992573,-11.51975081555071,9.49876104267539
95.00510034539222,6.739203960548595,-11.414259703827984,9.425161191762102
94.76890058308777,5.954972663264218,-11.238545237077862,9.340685903030085
94.45158223223694,5.313127262484355,-10.99567816270623,9.24525251635869
94.0549347534359,4.808276630255337,-10.689211812399476,9.138796981236508
93.58142330287743,4.434240132938423,-10.323131700251539,9.021293391711083
93.03422662266769,4.18424996310075,-9.901807787810823,8.892771976164223
92.4172527999731,4.051124174261639,-9.429948872819958,8.753335317603437
91.73513501688552,4.027410556401138,-8.912558263850364,8.603172626262737
90.99320960964491,4.10550284552509,-8.354889660710665,8.442571921707964
90.19747877157897,4.277731879980054,-7.762401979023442,8.271930007792477
89.35456010775849,4.536435207405191,-7.140711745291349,8.09176014271736
88.47162502111934,4.874009320906987,-6.495541654709138,7.902697320481963
87.55632761905106,5.282949172640915,-5.832663936358353,7.705501091693945
86.61672551329403,5.755879885200508,-5.157837317102501,7.501055863556356
85.66119357827066,6.2855856578763545,-4.476736623072041,7.290368633200036
84.69833146363308,6.86504074096838,-3.794874410475523,7.074564127406503
83.73686545141209,7.4874470155665165,-3.1175144766275538,6.8548773467577
82.78554512749714,8.146282152760719,-2.449577663910535,6.632643544413984
81.85303531682163,8.835361518126927,-1.7955410242354208,6.409285709512546
80.94780382130367,9.548915920977796,-1.1593321424849217,6.186299672393562
80.0780057024801,10.281685978607436,-0.5442211991340287,5.965237002618267
79.25136516267219,11.029032284031565,0.04728584948311809,5.7476859294888225
78.47505648703367,11.787058763247474,0.6135488231264192,5.53525057632602
77.75558599266841,12.552744643345326,1.1538847579802392,5.3295288613647065
77.09867745965197,13.3240784152736,1.6686438335696874,5.1320894766013065
76.50916405270397,14.100185186517184,2.1592640238254335,4.944448407798468
75.99089023385136,14.881437031952622,2.628298608062469,4.768045500544535
75.54662756195403,15.66953454323233,3.079410891583004,4.604221605328414
75.17800851753324,16.46754694042071,3.517331062198049,4.454196845935699
74.88548252489835,17.27989803623954,3.9477710793855927,4.319050547626189
74.6682981178904,18.112286206011994,4.37729486697575,4.19970333289897
74.52451467187895,18.97152844708485,4.813142841862762,4.096901842640752
74.45104628145457,19.86532167821563,5.263011914075165,4.011206469771052
74.44373920175197,20.801918614976152,5.7347944596537035,3.9429824031554084
74.49748281975815,21.7897207421751,6.236282288094545,3.892394174899547
74.60635243813388,22.836796857076855,6.774844163680325,3.8594037887455235
74.76378032544999,23.95034203444027,7.35708783633017,3.843772386784068
74.9627496274338,25.136098223418053,7.988519621659203,3.8450652924260127
75.19600397841899,26.397763510627485,8.673216169789914,3.86266015622713
75.4562641464015,27.736421820950877,9.413524018427726,3.8957578342965773
75.73644193376862,29.15002793818155,10.209802704360515,3.9433955525827047
76.02984096919997,30.632983739121144,11.060226515137952,4.00446185915573
76.33033406609587,32.17584009769498,11.96065835687843,4.077712843983942
76.63250754920944,33.765154853721896,12.90460671253479,4.16178911303208
76.93176437209044,35.383530589030904,13.883273349415663,4.255233040101538
77.22437991370492,37.00984697797685,14.885695450785883,4.356505882846071
77.50750694477162,38.61969167560354,15.898981396886505,4.464004433985874
77.77912923120442,40.18598177282343,16.90863475462461,4.576076978360927
78.03796638966793,41.67975563426429,17.898956431234694,4.691038433335532
78.28333569888079,43.071103372951164,18.853510694370055,4.807184655780016
78.51497936427107,44.33019423697448,19.755637136993553,4.9228059950394165
78.7328680128909,45.42835162676683,20.58898791488238,5.036200250301647
78.93699277667542,46.33912199411557,21.338067899814604,5.145685246311707
79.12715907610821,47.03928292006823,21.98875489647558,5.24961126905143
79.30279508121555,47.50973836522172,22.528777810795106,5.346373600695269
79.46278681394772,47.73625526446111,22.9481325936423,5.434425361191067
79.60535004899705,47.71000483985168,23.23941879783208,5.5122908049507435
79.72794671636939,47.42788352294764,23.398083488063328,5.5785791402981815
79.82725060532837,46.89260132385958,23.422563785962385,5.631998843193595
79.89916404272664,46.11253887578671,23.31432423170004,5.671372333202669
79.93888410525363,45.10138723292154,23.077790099889658,5.695650777099214
79.94101404842729,43.877595903619145,22.72018252751828,5.70392869211348
79.89971318756648,42.4636638171383,22.251265529970897,5.695457944086881
79.8088765936151,40.885314425864735,21.683018477612407,5.6696606817144986
79.6623347600633,39.17059965948228,21.029250218385872,5.62614072090115
79.45406288783857,37.348977951479185,20.30517266651288,5.564692895222375
79.17838959785225,35.45040926570099,19.52695230741996,5.485309919634797
78.83019564175194,33.50450537142277,18.71125773369342,5.3881863729526085
78.40509442840265,31.539767101539873,17.87482012280686,5.273719486449513
77.89958778044776,29.582932612175398,17.034021636862413,5.142506526099391
77.31119213555932,27.658452393790398,16.204524241506387,4.995338668324903
76.63853226733727,25.788098576443517,15.400948595919466,4.833191387109093
75.88140139226034,23.990708454626336,14.636609650591064,4.657211487395339
75.04078814536125,22.282055544583642,13.923312585427892,4.468701029775881
74.11887227006225,20.674836161879288,13.271209886550158,4.2690984893017845
73.11899192843003,19.17875561736861,12.68871782502971,4.059957572695625
72.04558627759359,17.80069569895246,12.182488459583912,3.842924180440512
70.90411738265597,16.544944051676868,11.75743159677253,3.619712041615075
69.70097567366547,15.413466225689778,11.41677993094395,3.39207756969875
68.44337304708955,14.406202311894798,11.162189845466987,3.161794487816698
67.13922741340764,13.521371983069576,10.99387005432056,2.93062875395472
65.79704205873794,12.755774154476082,10.910730346938953,2.70031428324783
64.4257826761675,12.105070139295211,10.91054310423726,2.472529918752181
63.03475438375761,11.56404189745173,10.990110908024768,2.2488780476430046
61.63348052629631,11.126819597359617,11.145434396368136,2.030865200075866
60.231584593546906,10.787075107246912,11.371875454138216,1.819884906365866
58.838676206606266,10.538180126531987,11.664311808198285,1.61720302769168
57.464241844472454,10.373329417029293,12.017280067091523,1.4239457187400735
56.11754081474397,10.285630989650091,12.425105162968906,1.2410901295034056
54.807506917294745,10.268166160900039,12.88201498718922,1.0694579091053935
53.54265630242222,10.314023148551652,13.382239739397354,0.9097115376571261
52.33100217367618,10.416308371389349,13.920096121331209,0.7623534826593659
51.1799772130294,10.568139901785349,14.4900569975834,0.6277281536510104
50.09636488986359,10.762627638560192,15.08680751896789,0.5060266113606477
49.08624112837711,10.99284476212529,15.705288967718936,0.39729397375423936
48.15492811922283,11.251794937033061,16.3407317484038,0.30143944890446495
47.30696233546762,11.532379561627291,16.98867902691165,0.21824891108964284
46.54607901236143,11.827369142967214,17.64500252560644,0.147399919401896
45.87521543507686,12.129382600172509,18.305911928888612,0.08847905489770191
45.296535308457216,12.430877964822042,18.967959252329237,0.041001420688943746
44.81147621986087,12.724157540562144,19.628039391289672,0.004432107514980466
44.42082171732949,13.001390089359628,20.283387901169966,-0.021790625937804897
44.124798785989896,13.254652011932558,20.931576879356186,-0.03823077374316686
43.92320050384029,13.475988770700468,21.570509625491717,-0.04542899637245146
43.81553239874303,13.657496957436388,22.198414557751263,-0.043876504521117354
43.80117953740056,13.791426436929859,22.81383866345255,-0.03398898181356014
43.87958970461142,13.870300917637389,23.415640567240715,-0.016081208107689093
44.05046625413333,13.887054141106528,24.002983113700385,0.009656865985655294
44.31396243493786,13.835177691068537,24.575325188162246,0.04318176484409797
44.67086734728561,13.708875263962256,25.132412344524802,0.08461496605642527
45.12277231034772,13.503217193015407,25.674265677358203,0.13425729083868276
45.67220548689032,13.21428816587098,26.201168273038746,0.1925982885903279
46.32272227049594,12.839320513387026,26.71364850711882,0.2603197418014167
47.07893934216288,12.376805263402723,27.212459428572352,0.3382925097146803
47.94650156058206,11.82657342400065,27.698553491695453,0.42756607308299444
48.931973031434836,11.18984073964161,28.173051968279257,0.5293503391182366
50.04264681052578,10.469210472025635,28.637208499922053,0.6449895130826881
51.28627166336365,9.668630577075929,29.092366434849065,0.7759281350344995
52.67069897771854,8.793303915955732,29.539909834697145,0.9236697072833739
54.20345807115413,7.849552740208857,29.98120833066231,1.0897286867311986
55.89127344361425,6.844641473385892,30.41755634790406,1.275576969815095
57.73954262923384,5.786564582100205,30.850107590994085,1.4825863371221062
59.75179780241118,4.683808873456009,31.27980607638743,1.7119686293980774
61.92917779081976,3.545101652638433,31.707315391571285,1.9647156760408349
64.26993927780653,2.379157618328975,32.132948232741434,2.2415411720545526
66.76903644619286,1.1944379948984363,32.55659859937515,2.5428267835550633
69.41779693877236,-0.001064914157378638,32.97767927975997,2.8685747432951203
72.20371873463387,-1.200005857662589,33.39506742186643,3.2183690699033276
75.11040746064452,-2.3958177829553904,33.80706102680054,3.5913473075878164
78.1176670212947,-3.582789354845481,34.211349109621565,3.9861843437610887
81.20174862423495,-4.7560858296539585,34.6049980328944,4.401089433951105
84.33575480248132,-5.911714214605386,34.98445612804895,4.833817066148297
87.4901864604114,-7.046437600631766,35.34557818352471,5.281691755059607
90.63361289827697,-8.157647197802916,35.68367071151723,5.7416462986919425
93.73343777230384,-9.243203619275773,35.99355813131094,6.2102724849248485
96.75672852185767,-10.30126109314826,36.2696691599682,6.683882733452881
99.67107331947128,-11.330089348562051,36.506141821214676,7.158580725407514
102.44542829992909,-12.327907833655734,36.696944616535575,7.630338731534785
105.05091875802754,-13.29274569271661,36.83601059694226,8.095079116649924
107.46156105741665,-14.222338674052857,36.91738037691873,8.548757383036385
109.65487689546643,-15.114071064197804,36.935349586910476,8.987444121023454
111.61237792427434,-15.964967121754999,36.88461590325508,9.407403356439506
113.31990605006105,-16.771732629471433,36.760420650498716,9.805165010652084
114.76782249282977,-17.530843419011983,36.55868005426759,10.177589502570871
115.95104635794094,-18.238674350495618,36.27610153357294,10.5219229022831
116.86895056825871,-18.891659500019863,35.91028094632197,10.835841469412081
117.5251291261817,-19.486472404953343,35.459777414760495,11.11748485157072
117.92705451972907,-20.020214237978806,34.924163221389875,11.365477656029121
118.08564747385321,-20.490597740084354,34.30404723486923,11.57893951984525
118.01478311434916,-20.896115572832272,33.60107134846672,11.757484172590086
117.73075800471823,-21.236183316662355,32.81788043782607,11.901208298040485
117.25174157736066,-21.511249460900856,31.95806731887465,12.010671248057264
116.59723342201524,-21.72286719084915,31.02609506423923,12.086866839220784
115.7875449750042,-21.8737253599351,30.027199778841144,12.131188570927247
114.84332065203438,-21.967638536175084,28.967277513415944,12.145389646614225
113.78510966240546,-22.009498257633165,27.85275939048558,12.131539164665368
112.63299588963714,-22.005189487745714,26.690479224035343,12.09197578159024
111.40628954348531,-21.961477641883953,25.487537935855755,12.029260047803232
110.12328095737303,-21.885872422774852,24.251168921841213,11.946126486680269
108.80105405128909,-21.786475060029726,22.988608221966672,11.845436341181577
107.45535468293808,-21.671815440916777,21.70697292534613,11.730131758900157
106.10050740475064,-21.55068511666388,20.41315072726156,11.603192034277656
104.74937302840458,-21.43197136015563,19.113702980010018,11.467592382637285
103.41333883813812,-21.324496434492406,17.814782974603553,11.326265589586143
102.10233323290325,-21.236865104958653,16.522070583907144,11.182066764485661
100.82485694366545,-21.17732227993965,15.240723813959484,11.037741329742062
99.58802368595968,-21.15362157780646,13.975347268550548,10.89589629892882
98.39760408662029,-21.172904650663362,12.72997704715899,10.758974835425375
97.25806788681977,-21.24159030036864,11.508081177649217,10.629234037744137
96.1726206958075,-21.365271830483977,10.312574337696205,10.508725865912986
95.14323288307048,-21.548620709206663,9.14584534381693,10.399281102827375
94.17065949179442,-21.795294480756773,8.009795682058545,10.30249623301216
93.25445128345257,-22.107846954615624,6.90588721540333,10.219723116526268
92.39295814132393,-22.48763901453748,5.835197123830704,10.152061335881006
91.58332703783846,-22.934748907553725,4.7984781069021825,10.100353097266098
90.82149758320686,-23.44788157731722,3.7962218985989526,10.065180572915947
90.10219880457794,-24.024277471182796,2.8287242029644606,10.046865578299776
89.41895124622432,-24.65962224599901,1.8961492503278503,10.045471485494287
88.7640787277045,-25.347959886895687,0.9985922915142398,10.060807282336791
88.12873414869786,-26.081612892012938,0.13613848612529988,10.092433695630618
87.5029435897253,-26.851114311134452,-0.6910832040364259,10.139671305676782
86.87567263309347,-27.64515749532673,-1.4828523381647436,10.201610588550123
86.23491832554943,-28.450570346662357,-2.2388165822940307,10.277123831469794
85.56782953179999,-29.252321572874372,-2.9584594225673477,10.364878874744498
84.86085759567678,-30.033566867192643,-3.6410766865060795,10.46335464024585
84.09993824411913,-30.775742963544946,-4.2857623677414445,10.570858410056559
83.27070455136882,-31.458717081376385,-4.891404065120869,10.685544818513065
82.35872954366036,-32.06099830390098,-5.456688164051911,10.805436514839903
81.34979569069651,-32.56001587971652,-5.980114706777792,10.928446440475337
80.23018712951637,-32.93246727957437,-6.460021718885375,11.052401643688198
78.9869990388881,-33.15473609304543,-6.894618581261709,11.175068523193191
77.60845717920958,-33.203376572170896,-7.282027859298352,11.294179351722612
76.08423929693986,-33.05565792678816,-7.620334823838268,11.40745988014736
74.40578893764898,-32.69015750391799,-7.907643721017363,11.512657763858037
72.566611300158,-32.087387942656164,-8.142139671362859,11.607571487770837
70.56254018235855,-31.230439527039906,-8.322154903949302,11.690079397552129
68.39196490149558,-30.105615530490866,-8.446237862124365,11.75816837642579
66.0560063925614,-28.703035636029625,-8.513223557914099,11.809961643982355
63.55863255420806,-27.017180797126656,-8.522303408931537,11.843745101017914
60.90670435142842,-25.047352414293492,-8.473092672187253,11.857991608049801
58.10994619257074,-22.798019627701855,-8.365693502575636,11.85138257001916
55.18083662894669,-20.27903097595457,-8.200751619623485,11.822826210352382
52.134418389131895,-17.505670661806448,-7.979504573989733,11.771471957430348
48.988030025892684,-14.498545107803395,-7.703819674046535,11.696720437458673
45.76096485394259,-11.283292179273985,-7.376219769805033,11.59822866968616
42.47406619726044,-7.890113094403592,-6.999895301039153,11.475910190693625
39.14927103817738,-4.353135235534086,-6.578701299881928,11.329929989682565
35.80911676256444,-0.7096223583642214,-6.117138392570375,11.160694309861732
32.476227642231855,3.0009434353002113,-5.620317263149493,10.968835553900313
29.17279884011387,6.737876643622933,-5.093906512103866,10.755192714421721
25.920095970287726,10.460363343918623,-4.544064349177267,10.520787923391998
22.73798755926484,14.128555527958206,-3.977355082652277,10.266799866781604
19.6445261696687,17.704642388193314,-3.4006518850984566,9.99453493360878
16.65559156013658,21.153856638673417,-2.821027804742206,9.705397053488044
13.784606222010169,24.44537666775205,-2.245637428917167,9.400857218357695
11.042330155681192,27.553090114262467,-1.6815919698327253,9.08242367904193
8.436738057718046,30.456191050541577,-1.1358308144581635,8.751613755552249
5.972978424116114,33.13959094009913,-0.6149927452292054,8.409928104373178
3.6534106650501883,35.59413242084447,-0.12529008738686187,8.05882815203729
1.4777133738890242,37.81660420063355,0.3276110311801901,7.6997172400984475
-0.556945443865537,39.80956438384372,0.7387013077416356,7.333925841981914
-2.455686993226216,41.58098784959455,1.10372707346896,6.962701018017797
-4.225660827208081,43.14376041590933,1.4192749622213903,6.587200082413963
-5.875756261737493,44.515048089857586,1.682840578008257,6.208488275639235
-7.416297243649382,45.71557348163659,1.8928798106943212,5.827540077065965
-8.85873068411729,46.76883334122766,2.0488419875924677,5.44524366332264
-10.215316671331308,47.70029118048505,2.1511845890617636,5.062407922933089
-11.498827101388791,48.53657721177643,2.2013697753032453,4.679771380285811
-12.722257278094716,49.30472460770335,2.2018434476981454,4.2980123620991915
-13.898553085231711,50.0314666813222,2.155997983127323,3.917759755306773
-15.040354564861495,50.74261436522699,2.0681201198462986,3.5396037526590494
-16.15975525246111,51.46252770979342,1.9433257295408293,3.164106055749037
-17.268075503997963,52.21368939305612,1.7874833780294175,2.7918090980114627
-18.3756473494782,53.016382768399374,1.6071286574885608,2.423243955422386
-19.491608139377057,53.88847204810505,1.4093712713685917,2.0589367230701923
-20.623700404180553,54.84527804033738,1.2017967785714365,1.6994132448964407
-21.778075888912703,55.8995395609351,0.9923647683307166,1.345202185981325
-22.95910260108125,57.061448293408276,0.789305056126242,0.996836527142666
-24.169174855148412,58.338743467838405,0.601013279668777,0.6548536369463092
-25.408527633295762,59.736852211794094,0.43594704855599,0.31979413438614124
-26.675058029388495,61.259061689012384,0.30252357702832633,-0.007800204396932742
-27.964158016972483,62.906710048643625,0.2090195202870806,-0.32738921972207624
-29.268564199534588,64.67938460640963,0.163473552898326,-0.6384375411425207
-30.57823148110567,66.57511741190638,0.17359208209293975,-0.9404178876572287
-31.880238660480963,68.59057027304729,0.24665838552918373,-1.2328142457650966
-33.15873473111124,70.72120327422942,0.38944540545968387,-1.5151247081020358
-34.39493509616422,72.96142272567235,0.6081324193095803,-1.7868637953661128
-35.567176928007726,75.30470622906205,0.9082258376054018,-2.047564129334508
-36.651042467646235,77.7437040770304,1.294484448586168,-2.2967773726980694
-37.61955813957143,80.27031748462653,1.770849527108874,-2.534074400125502
-38.44347593366385,82.87575516666793,2.3403803443911624,-2.7590447126413187
-39.09164157892508,85.55057053249213,3.0051957443606163,-2.971295152562492
-39.53145162527616,88.28468229179094,3.7664225809938774,-3.170448017649009
-39.729398703518825,91.0673815858828,4.6241519281322665,-3.3561387097644584
-39.651701018066234,93.88732891881381,5.577404068490808,-3.5280130843755204
-39.26500863505456,96.73254420552018,6.6241033325894705,-3.6857246919410094
-38.53717547661928,99.59039322207133,7.761063883204056,-3.8289321200588287
-37.4380822587413,102.44757367319887,8.983987520493123,-3.957296655643297
-35.94049207131761,105.29010401491166,10.287474513038404,-4.070480488971798
-34.020917063742445,108.1033181054743,11.665048338626574,-4.168145675837819
-31.660471941886414,110.87186871596805,13.10919504591245,-4.249954060066294
-28.845687875330334,113.57974291019039,14.611417726557178,-4.315568336233959
-25.569259118276534,116.21029228969047,16.162306321562298,-4.364654401740577
-21.830694304321213,118.74628107010528,17.751622681806634,-4.396885108792814
-17.636845094656408,121.16995487828457,19.368400469447508,-4.411945481077667
-13.002286712616574,123.46313299922055,21.001059133532053,-4.409539407927034
-7.9495279091944155,125.60732651881233,22.637530830675068,-4.389397771959916
-2.5090320456455064,127.58388436636818,24.265398801576925,-4.351287906223327
3.280963834759662,129.3741686292794,25.872045368472122,-4.295024215742038
9.37483898648765,130.95975967207696,27.444807399332,-4.220479738398517
15.720188243706017,132.32269053849177,28.971136803435876,-4.1275983636554585
22.2586236113572,133.4457088616668,30.43876339064532,-4.016407377353225
28.926763764574204,134.31256308793095,31.835857253092712,-3.8870299591875446
35.657389803240314,134.90830828799733,33.15118772120002,-3.7396972288624872
42.380738844692814,135.2196252599792,34.374275912349155,-3.574759419400511
49.02590109289857,135.2351451116185,35.49553793425469,-3.3926957533124202
55.52228120640895,134.94577014611534,36.506415927982,-3.194122610392896
61.801081369805914,134.34498077310047,37.39949433674807,-2.979799605245053
67.79676166690084,133.42911742608567,38.16859906274537,-2.7506332379816536
73.44843329878917,132.1976261805603,38.8088775190474,-2.5076778418504166
78.70114194195102,130.65325700225122,39.316857988574014,-2.252133625001256
83.50700206528172,128.80220435413187,39.69048715601476,-1.9853416877449084
87.82614819135826,126.65418126034393,39.929145168540316,-1.7087759883436573
91.62747567832527,124.22241983450553,40.03363809236531,-1.4240323260287204
94.88915131750248,121.52359365984523,40.00616814908896,-1.1328145056677137
97.59888252792574,118.57766015486135,39.85028262197499,-0.8369179402885631
99.75394277953657,115.40762403666136,39.570802801941724,-0.5382110315885962
101.36095966967382,112.03922604985448,39.17373478074634,-0.23861474098715574
102.43548039737564,108.50056409633791,38.666164280948905,0.05991917841191352
103.0013368429336,104.82165661653222,38.056138026987604,0.35543077787587674
103.08983873687029,101.03396038452817,37.35253439997864,0.6459748041203195
102.73882823746241,97.16985666128704,36.5649262744447,0.929643350078881
101.99163246065767,93.26212080720609,35.70343900508957,1.2045877471824644
100.89595204681936,89.3433909329132,34.778606516221366,1.4690392165881532
99.50272372597595,85.44565095178287,33.80122834896361,1.7213278490582615
97.86499316669831,81.59974251783756,32.782230348401214,1.9598995495397178
96.03683134936412,77.83491885482056,31.732531433313113,2.1833306598114586
94.07232353845879,74.1784515046869,30.662918596251533,2.390340057351268
92.02465492684843,70.65529866842166,29.58393194407214,2.5797986171164355
89.94531149321057,67.28784121509486,28.505761222111076,2.750736011530824
87.88340885615546,64.09568973684252,27.438154882818974,2.9023449090894458
85.88515620944732,61.09556336374483,26.39034237520887,3.033982710438848
83.99345703127541,58.30123854612114,25.37096995746625,3.145171029833967
82.24764337954628,55.72356376627035,24.38804998265615,3.2355931873415322
80.68333636418163,53.37053423729093,23.44892328606933,3.305090021493953
79.33242192050716,51.247419137869656,22.56023401986043,3.3536543623689354
78.22312833530944,49.356932847435374,21.727916041639286,3.3814245209520806
77.38019009089376,47.699440990141234,20.957189771907327,3.3886771523736288
76.82508144361834,46.273191851553456,20.2525682919988,3.375819838911471
76.57630266182053,45.074563863848795,19.61787135899798,3.343383714645144
76.64970191260002,44.098320315576586,19.056245964852824,3.2920164187412357
77.0588162954609,43.337863173593085,18.57019206017919,3.2224756201816183
77.81521635960499,42.785478845968655,18.161592094580158,3.135623305046333
78.92883950350986,42.432569803021394,17.831743089496584,3.0324209600263288
80.4082988462308,42.269867149004874,17.581390050977664,2.9139257244266066
82.26115540349879,42.287620444019566,17.410759642441608,2.7812875192477104
84.49414264323792,42.47576226561608,17.319593165614116,2.6357470976232378
87.11333370234829,42.824046131047936,17.30717803574686,2.4786348974970727
90.12424271023622,43.322157440997756,17.372377079653774,2.3113705164019853
93.53185279698859,43.959798028547624,17.513655127319367,2.135462570967883
97.34056449733458,44.72674568548245,17.72910250570204,1.9525086517047852
101.55405944392817,45.61289068080309,18.01645517348485,1.7641950380454752
106.17507553599307,46.60825177877263,18.373111355293986,1.5722958009619807
111.20509124065566,47.70297460624697,18.796144641545773,1.3786708920996755
116.64391840581938,48.88731541620387,19.28231361468309,1.1852628007246615
122.48920500323533,50.15161335465546,19.828068144106098,0.9940913543042704
128.73585163720725,51.486254273056666,20.429552561422923,0.8072462466490542
135.37534849030413,52.88162895212231,21.082605986410833,0.6268769005910961
142.39504265175975,54.32808833239263,21.782760124671526,0.4551793113432989
149.77734947569598,55.81589800096835,22.525234903389983,0.2943795729380234
157.49892569734976,57.3351937839395,23.304932355277952,0.14671386407104414
165.52982640588033,58.87593986360832,24.116429206323815,0.014404761413211453
173.83267249560484,60.427890404139006,24.953968673891488,-0.10036614248118259
182.36185970803845,61.98055525571257,25.811452041129833,-0.1954892143269964
191.06284460138457,63.523169943489194,26.682430643869456,-0.26896110664104533
199.871546463993,65.0446698612767,27.560098988365198,-0.3189220434355726
208.7139070097213,66.53366840674803,28.43728981197864,-0.3436955150050953
217.50565131784862,67.97843873777255,29.30647200195189,-0.3418296714331732
226.1522935636113,69.36689891469739,30.159752395387137,-0.31213954744318473
234.54942929738314,70.68660042995961,30.988882589800436,-0.2537491040741462
242.58335208149725,71.924720512535,31.785271989234225,-0.16613194252864405
250.13202596214356,73.0680591162395,32.54000838499822,-0.04914943992257248
257.066436416215,74.10304212949654,33.24388741007606,0.09691501693242754
263.2523310715028,75.01573303687725,33.88745219862528,0.2713270580062286
268.55234780646066,75.79185596225078,34.46104451316812,0.47287896399736606
272.828512114883,76.41683366034344,34.95486845946459,0.6998751932605148
275.94506837212316,76.87584451976926,35.35906768219348,0.950126971520606
277.7715915395489,77.15390291469912,35.6638166165513,1.2209569431553884
278.18630772958846,77.23596721591166,35.8594259593945,1.5092146576495526
277.07953489022645,77.10707937763192,35.93646202221847,1.811303389303758
274.35713970325196,76.75253920579436,35.885879047191715,2.123218469080734
269.9438946955985,76.15811516460715,35.69916292397849,2.4405969539552457
263.7866115609227,75.31029190323324,35.368484063368,2.758778083270673
255.8569236775463,74.19655263287675,34.886856494573166,3.0728735874543704
246.15359348530959,72.80569214570065,34.24829959225842,3.377846537729728
234.70422916982253,71.12815376773989,33.44799824634923,3.6685970727254693
221.56631008676337,69.15638103663235,32.48245680283076,3.9400530257987256
206.82744125665312,66.88517257218143,31.34964176615574,4.187263221225667
190.60478339866094,64.31202665272107,30.049108098037667,4.4054910222673165
173.04363530217609,61.43746060616765,28.58210400086726,4.590305610888372
154.3151784771205,58.26528943148105,26.951649354287674,4.737668465682538
134.6134283393949,54.802848205703015,25.162583486596503,4.844012585357672
114.15146987584248,51.061143872701734,23.221578701129754,4.906312179665223
93.15708694753465,47.05492395934902,21.137116920800946,4.9221408130139315
71.86792136405116,42.80265256275736,18.919427927219445,4.889716328943752
50.52631903208089,38.32638747253731,16.580388908655358,4.807931292803906
29.374034603150918,33.65155634958717,14.133386338335455,4.676368148725663
8.64697228102618,28.806634246737268,11.593142520187524,4.495298776045111
-11.429861566427832,23.822729166169783,8.97551039955567,4.265668629020801
-30.647028480300676,18.733086535027006,6.297241379906442,3.989066130835682
-48.8148027901359,13.572527186788726,3.5757318566665965,3.6676784481149394
-65.7666674900592,8.376836437366123,0.8287549290584053,3.304235176916482
-81.36206638478731,3.182123965772469,-1.9258157551895945,2.9019418095957565
-95.48835019726383,-1.9758246635718422,-4.67028284996602,2.4644051118314274
-108.06188826888288,-7.062183911284734,-7.38739574868546,1.9955527123112002
-119.02835111765809,-12.043691605359058,-10.060607841408398,1.4995492903310375
-128.36220073409947,-16.889201562951737,-12.674314411076345,0.9807117395384157
-136.06545358946903,-21.570169966365675,-15.214065791529121,0.44342559404602566
-142.1658047067807,-26.06106318849166,-17.666751382081337,-0.10793516529159952
-146.7142189573686,-30.339678366262543,-20.020751203304343,-0.669083039966641
-149.7821075334476,-34.38737178846762,-22.26605283194091,-1.2358850781622839
-151.45821322772804,-38.189193886084304,-24.39433271538433,-1.804422794465835
-151.84532799278765,-41.733933100418724,-26.39900198718519,-2.371043005430261
-151.05696082286096,-45.014074000376276,-28.275217939844,-2.932398986631088
-149.21406409916688,-48.025677607886905,-30.019863222908153,-3.485481692577917
-146.44191312499305,-50.76819389495569,-31.63149559554686,-4.027641094575041
-142.8672176876347,-53.244217803901876,-33.11027165558224,-4.55659797305794
-138.61552716820498,-55.45920091933391,-34.45784838338581,-5.0704467422332025
-133.80897296862923,-57.42113112411711,-35.677266580158815,-5.567650080821656
-128.56437472166738,-59.14019226524059,-36.772820354896275,-6.047026290751333
-122.99172063364807,-60.628415119839104,-37.749916738286245,-6.507730405606342
-117.19301795268734,-61.89932987725378,-38.614929295291304,-6.949230124501206
-111.26149735414359,-62.96762903329346,-39.37504929477711,-7.371277658600752
-105.2811452155538,-63.84884811803698,-40.03813759947967,-7.773878551907249
-99.32653038438828,-64.55907013117718,-40.612579988180826,-8.157258481297713
-93.46288705800599,-65.1146580108481,-41.10714813849186,-8.521828959754139
-87.74641262233999,-65.53201797237679,-41.53086800541966,-8.868152768055477
-82.22473848044444,-65.82739516868845,-41.892896847523815,-9.196909830457987
-76.937532738974,-66.01670187782004,-42.20240969549092,-9.508864135153239
-71.91719577943833,-66.11537733741234,-42.4684956406057,-9.804832185937073
-67.1896128886555,-66.13827743364995,-42.70006395288665,-10.085653362075076
-62.77493194232434,-66.09959171752541,-42.90575972750707,-10.352162462415105
-58.68833834042093,-66.01278466313049,-43.093888507662584,-10.605164620029303
-54.94080373655882,-65.8905576952674,-43.2723491439545,-10.845412696801962
-51.53978938442377,-65.74482828853898,-43.44857402422165,-11.073587204294107
-48.48988898926339,-65.58672236702493,-43.62947574145039,-11.290278748029476
-45.793399694001884,-65.42657630147139,-43.82139925740445,-11.495972956526957
-43.450813183786835,-65.27394499776577,-44.0300786613414,-11.69103783289205
-41.46122183374977,-65.13761288382346,-44.26059771115177,-11.875713454106446
-39.822637358653594,-65.02560501842808,-44.51735347233547,-12.050103939566128
-38.532221581583364,-64.94519605018434,-44.80402253173769,-12.214171613977669
-37.586430772273516,-64.90291533071591,-45.12352945078323,-12.36773329841569
-36.9810765764084,-64.904547114201,-45.478017329573106,-12.51045867515926
-36.71130793324231,-64.95512543297235,-45.86882057080278,-12.641870684930328
-36.77151962776355,-65.05892390082414,-46.29644015291714,-12.76134792756144
-37.1551943072077,-65.21944133357721,-46.760521936893596,-12.868129047325883
-37.85468596120354,-65.43938465983996,-47.259838732067365,-12.961319090807107
-38.86095405662677,-65.72065109211806,-47.79227702500788,-13.039897827173576
-40.163258750486165,-66.06431190830855,-48.35482942329554,-13.102730017261486
-41.74882887422291,-66.47060042751176,-48.94359397520029,-13.148577608469175
-43.60251566560434,-66.93890682818363,-49.55378158943542,-13.176113816975471
-45.70644647212874,-67.46778233444076,-50.17973279002522,-13.18393903738114
-48.03969379295422,-68.05495498102917,-50.81494499486358,-13.170598493029662
-50.57797597605226,-68.69735866405232,-51.452111399395996,-13.134601508784575
-53.29340653984694,-69.39117651120857,-52.08317237769389,-13.074442252993759
-56.154309331307914,-70.13189879396081,-52.69938008300535,-12.98862175805517
-59.12511645118411,-70.91439469993918,-53.29137664224302,-12.875670990891514
-62.16636496520876,-71.73299634363477,-53.849286000141646,-12.734174707336393
-65.2348067885543,-72.58159248219329,-54.36281908808723,-12.56279578956876
-68.28364371819754,-73.45372859024559,-54.821391581654865,-12.360299734910367
-71.26289637037496,-74.34270930171841,-55.2142530838383,-12.125578939017448
-74.11991178032703,-75.241698809395,-55.5306261438744,-11.857676398064811
-76.80000971382886,-76.14381467423009,-55.75985311182876,-11.5558084439997
-79.2472624549827,-77.04221066801577,-55.89154845461395,-11.219386125096035
-81.40539715769587,-77.9301447649813,-55.91575383741943,-10.848034851289338
-83.21880401425635,-78.80102919574048,-55.82309302191625,-10.441611940186446
-84.63362777866799,-79.64846054086222,-55.60492346312206,-10.000221724938825
-85.59891488630952,-80.46622910768698,-55.25348141142107,-9.524227918730034
-86.06778384507192,-81.24830821943071,-54.76201735204066,-9.014262971558097
-85.99858303497447,-81.98882545269068,-54.1249187439906,-8.471234202161142
-85.35599780935969,-82.6820191843046,-53.33781725204832,-7.896326540044688
-84.11206805401866,-83.32218494922941,-52.39767799204828,-7.291001768231394
-82.24707827270672,-83.90361697650661,-51.30286872022813,-6.656994215155507
-79.75028488488353,-84.42055078796571,-50.05320737646525,-5.996302902688196
-76.62044970669295,-84.86711286685353,-48.64998692051614,-5.311180215320682
-72.86615440559225,-85.23728311350679,-47.09597695930131,-4.604117211892006
-68.50587784757691,-85.52487511644797,-45.39540223029089,-3.8778257549187156
-63.56782638831912,-85.7235382243239,-43.55389855973162,-3.135217682713385
-58.08951592737538,-85.82678407819522,-41.578447434709354,-2.379381295363736
-52.117113538238165,-85.82803874689677,-39.47729079710615,-1.6135554667119556
-45.70455528010726,-85.72072000566325,-37.259828070801,-0.8411017302573824
-38.91246497264281,-85.49833771950823,-34.93649776018834,-0.06547471701698049
-31.806905889333457,-85.1546138431268,-32.5186462015595,0.7098086525148637
-24.458003171175324,-84.68361732115062,-30.018386206576796,1.4812008023585304
-16.938479026673196,-84.07990824019251,-27.44844841036423,2.245155529802393
-9.32214529972327,-83.33868499739754,-24.8220281305092,2.9981599932830196
-1.6823986797328487,-82.45592803324618,-22.152630465225208,3.736766226302635
5.9092372820174415,-81.42853382703365,-19.453916218865665,4.4576217539472625
13.38448199120071,-80.25443334550533,-16.73955105200629,5.157498905354965
20.67954242005763,-78.932689921849,-14.02306002306352,5.833322439297945
27.736201035728932,-77.46357256140024,-11.317689430362286,6.482195130620325
34.50272210786518,-75.84860184993548,-8.636277588457899,7.101421002165824
40.934558622169924,-74.09056690408828,-5.991135889957619,7.688525929384793
46.994849488973195,-72.19351307624461,-3.393941222285015,8.24127539217142
52.65470416505807,-70.16270133911075,-0.8556405345020064,8.757689199596841
57.893278896517394,-68.00454136824337,1.6136319122861513,9.23605306684909
62.69765527095777,-65.72650126629517,4.004624322297542,9.674926978512865
67.0625374165411,-63.33699759579771,6.3090241068468425,10.073150326884834
70.9897888349073,-60.845269886679795,8.519501730769663,10.429843866873563
74.48783339431712,-58.26124405200326,10.629741984186811,10.74440857877147
77.57094738568998,-55.59538918395767,12.634463156444648,11.016521575524287
80.2584707601395,-52.85857202562879,14.529424720001797,11.246129230959959
82.57396577474486,-50.06191304464963,16.31142423697642,11.43343773891383
84.5443503691243,-47.216647501707925,17.97828427939386,11.578901339734548
86.19903180868242,-44.33399424456053,19.52883020547798,11.683208470032513
87.56906361583403,-41.42503420528824,20.962859658571492,11.747266103840428
88.68634573800867,-38.50059977650547,22.281104652952305,11.772182559032355
89.58288444672219,-35.57117543447907,23.48518708316322,11.759249042649582
90.29012479884668,-32.646809207872785,24.577568442622294,11.709920203737873
90.83836478290509,-29.737033904249476,25.561494466397335,11.625793953652575
91.25625666736835,-26.850796445323574,26.440935326377605,11.508590802909595
91.5703976918534,-23.99639326623753,27.220521910016288,11.360132951964665
91.80500919994742,-21.181409539159606,27.90547861267987,11.182323362141014
91.98170068370237,-18.41266001575062,28.501552975528426,10.97712502347478
92.11931304962022,-15.696129565628162,29.014942413324235,10.74654062941103
92.2338337555622,-13.036912025870187,29.452218207259598,10.492592864587586
92.33837531709067,-10.439146761975628,29.82024689405167,10.217305511462024
92.44320803053247,-7.905953348304042,30.126109170533425,9.922685583830475
92.55583758201676,-5.439365961351676,30.37701645774005,9.610706699381769
92.68111846621322,-3.0402703776069444,30.580225333132688,9.28329390783511
92.82139477311446,-0.7083477947722869,30.74295014489772,8.94231019397315
92.97666085406672,1.5579690510519484,30.872274266354935,8.589544873704778
93.14473557977031,3.7615209342287415,30.97506062671452,8.226704093676826
93.32144527747678,5.906421061594262,31.057862359175914,7.8554036284072
93.50081190183347,7.998020250893806,31.12683462835824,7.477164141171373
93.6752444704284,10.042830965084026,31.18764892357581,7.0934090341585465
93.83573319650641,12.048403644067491,31.245411317912897,6.7054649586720325
93.97204699408039,14.023150294985847,31.304586379605933,6.314564987289285
94.07293603533957,15.976112505470127,31.36892856576071,5.921854367969931
94.12634173520422,17.916673883677127,31.4414230133981,5.528398687411145
94.11961686358369,19.854220297900305,31.524237655376474,5.135194171083427
94.03975839980006,21.79775502061618,31.618688517719008,4.7431797451153255
93.87365522509262,23.75547975553944,31.725219892786264,4.353250386307744
93.60835180387792,25.734356275712674,31.8434008265855,3.9662711975030183
93.23132766817871,27.73966673196166,31.971939010415433,3.583091573032009
92.73079085976501,29.774593303770096,32.108712734603984,3.204558769507333
92.0959815997312,31.839839476854987,32.2508210583707,2.831530176552964
91.31748047215245,33.93331560662702,32.39465179305773,2.464883594592865
90.38751347558733,36.049910398208944,32.535966308779116,2.105524875219624
89.30024457460532,38.181367428323284,32.66999958298037,1.7543923644203563
88.05204503528192,40.316281887021375,32.79157334155627,1.4124577081471497
86.6417280034438,42.440227478123255,32.89521962756347,1.0807227290205113
85.07073660590753,44.5360171489171,32.97531169644117,0.7602122556705826
83.34327440740066,46.58409438330072,33.0261988042881,0.45196297370451255
81.46636837372398,48.56304462413551,33.04234124679725,0.15700855944702852
79.44985655246367,50.45020946873063,33.01844193461697,-0.12363845642749904
77.3062954042766,52.2223800893664,32.94957086288295,-0.3890074793347349
75.05078496218835,53.85654131642685,32.831279047573815,-0.6381925374617392
72.70071357729783,55.330634358959784,32.659698850654536,-0.8703760007151029
70.27542770608582,56.624304493421405,32.431628083946016,-1.0848524037944882
67.79583576914644,57.719600362314594,32.144595846281156,-1.281051426720916
65.28395832758343,58.60159378341895,31.796908682858856,-1.4585591139811251
62.762439467183086,59.25889302729298,31.38767632966219,-1.61713648540122
60.25403617702581,59.68402809557599,30.916816987933966,-1.7567348029377499
57.78110353759894,59.8736932394505,30.385042733211357,-1.8775069004403502
55.36509363618606,59.82883933799792,29.793826272016375,-1.9798141490251728
53.0260853135199,59.55461631766897,29.145350792794787,-2.064228808905134
50.782360188629426,59.060173050466865,28.442445097270365,-2.131531698984986
48.65003803742468,58.35832867754507,27.68850653140422,-2.1827052883609346
46.64278168654526,57.46513470076274,26.887414455512847,-2.218922470320349
44.77157832583117,56.399351201221286,26.04343710109047,-2.2415314124474266
43.04460074841853,55.181863028335655,25.161134663594073,-2.2520369809726937
41.467148697609886,53.835062719572186,24.245261386852743,-2.2520793107434747
40.04166741308702,52.38222633324879,23.300669220493067,-2.2434101335324055
38.767837771296506,50.84690647262646,22.332215393799675,-2.2278674882703466
37.64273021116276,49.25236378938631,21.34467596568725,-2.207349420337705
36.66101298871758,47.62105446619288,20.34266709856054,-2.1837872377340632
35.81520423292805,45.974186900036614,19.330575479987978,-2.159118835078986
35.095956762858776,44.33135634509003,18.312498994234602,-2.135262527660191
34.49236462609664,42.71026190519083,17.292198436892225,-2.114091762761846
33.99228076118258,41.126506229029914,16.27306077807241,-2.0974109994535874
33.58263599082146,39.593474739975626,15.258074217760871,-2.0869329753492343
33.24975063125652,38.12228835322771,14.249815042944494,-2.0842575130733936
32.97963127180465,36.72182146348314,13.250446089538311,-2.090851962803402
32.75824665963928,35.39877554058813,12.26172643055725,-2.108033331758648
32.571778051245005,34.15779791690496,11.285031751673475,-2.1369521174142854
32.406840808005114,33.00163522049714,10.32138473182198,-2.178577838235354
32.250675375164164,31.931311309724514,9.371494615236973,-2.2336862429344904
32.09130705739,30.94632038992908,8.43580503788885,-2.3028481752834473
31.91767516534742,30.044827129221495,7.51454905208781,-2.3864200747360953
31.719733137540928,29.22386692877233,6.607810175312505,-2.484536101856581
31.488522126085304,28.479540943547004,5.715588171529695,-2.5971018901730916
31.21622126270845,27.80720190542228,4.837868155043693,-2.7237899411629813
30.896178382513423,27.201628200673024,3.974691489184412,-2.864036695439006
30.52292536919827,26.657184942059647,3.126226837135122,-3.0170413299496475
30.092182488896498,26.167971910777347,2.292839613420435,-3.1817663474910143
29.60085609422233,25.727959196368296,1.4751579867858986,-3.356940040634374
29.04703390118958,25.331112114197524,0.6741335043898502,-3.5410609270168174
28.42998166805475,24.97150751825242,-0.1089056494599765,-3.732404266583305
27.75014453943207,24.643443944557735,-0.8722107711620524,-3.929030783503131
27.009155568888694,24.341548112973168,-1.6135801263925407,-4.128797725645475
26.209853012384364,24.06088017994808,-2.330339735477458,-4.32937240196364
25.356306914151048,23.79703977109104,-3.0193392527813696,-4.528248341860712
24.453854314621154,23.546274232024636,-3.6769645382364917,-4.722764219183542
23.509141134141544,23.30558972546159,-4.299168241570695,-4.910125675159127
22.530167472918713,23.072864785711424,-4.881519357517315,-5.0874301572844765
21.52633177266012,22.84696474362245,-5.419272260062137,-5.251694862650865
20.508468073406775,22.627854094213067,-5.907455186380629,-5.399887832126561
19.48886954277014,22.41670245221781,-6.340977522319548,-5.528962184109394
18.4812906330421,22.215978303246356,-6.714754552698906,-5.635893401478668
17.500919716601757,22.029523406138814,-7.0238475993869045,-5.717719491911511
16.564313943139517,21.862599549921022,-7.263616702679656,-5.771583729855676
15.689288428894265,21.721898545475998,-7.4298822379862095,-5.794779559412866
14.894752791342,21.61550597393672,-7.519091136661256,-5.784797093934791
14.200489525707127,21.552809454391365,-7.528482737601891,-5.739370494698557
13.626870797672098,21.54434315082063,-7.456248777548478,-5.656525353784948
13.194512879611025,21.601562000223165,-7.301681675072404,-5.534625053095817
12.923870623182218,21.736541753223754,-7.06530511482163,-5.372414931653189
12.83477792977024,21.961604357868172,-6.748981027139056,-5.169062977354387
12.945943993876263,22.288872397991877,-6.355987406637276,-4.924195678200281
13.274418948420546,22.729761052023065,-5.8910620325068805,-4.637927632506049
13.835046190899178,23.294421119504335,-5.360408039744845,-4.310883537629483
14.639921844084185,23.991151751994973,-4.771658424952339,-3.944211260349921
15.697884223252053,24.825806247025696,-4.133797917739056,-3.5395848445176936
17.014057574340868,25.801218211122013,-3.45704215879282,-3.0991965347444017
18.589474480930136,26.916678163019515,-2.7526757348708735,-2.6257371863046277
20.42080004132805,28.167491860029166,-2.0328522557992876,-2.122364784047738
22.50017810481898,29.54465099329347,-1.3103612394440383,-1.5926611952431067
24.81521554771293,31.03464422756523,-0.598368016616547,-1.0405777167166925
27.349114901688118,32.61943181664122,0.08986589819595281,-0.47037042538056095
30.080958874846857,34.27660032760308,0.7412735709689606,0.11347321949307076
32.986142796315576,35.979705645201896,1.3432755300081034,0.7063146684106862
36.03694322458776,37.698802850965876,1.8840655040420096,1.3034492667845914
39.20320340339005,39.40115136218339,2.3528799021304394,1.900193464279179
42.45310946076036,41.05207354858842,2.7402424562217185,2.4919716113153374
45.7540257351946,42.61593563388805,3.038176346044672,3.0743996502022686
49.07335381310384,44.05721172967941,3.240377344190165,3.643363073212506
52.37937809669656,45.341585954121214,3.342342995509613,4.1950867054943215
55.64206116640908,46.43704423309205,3.3414545051037976,4.726194170076673
58.83375486594585,47.31490686148985,3.237009770656929,5.23375529132384
61.929797757942566,47.95075529969807,3.0302077719674667,5.7153201717341915
64.90897605108563,48.325211857136004,2.7240862395105587,6.168939209703586
67.75383282875843,48.42453852320325,2.323416087828445,6.593168884314457
70.45081886488548,48.24103071780689,1.83455745258272,6.987063687623539
72.99028689924859,47.77319248726941,1.2652832605657451,7.350155106333046
75.36633937327773,47.02569092877829,0.6245770546204916,7.6824190168880335
77.57654676561947,46.009098636231165,-0.07758772757950716,7.984233239105591
79.62155938121779,44.73944301908979,-0.8304796612050467,8.256327277286317
81.50463943553487,43.23758985311538,-1.6228452088813246,8.499726454806645
83.23114238281764,41.528494922169486,-2.443141754540946,8.71569271570317
84.80797666149667,39.64036182035589,-3.2797616319979888,8.905664328613344
86.24306950887544,37.6037458026128,-4.121241810034526,9.071196594416882
87.54486348666987,35.450643074154144,-4.956454852534449,9.213905443642396
88.72186419993616,33.21360232428082,-5.774777805431107,9.335415531247452
89.78225477527134,30.924890989827574,-6.5662367197960165,9.437314114813082
90.73358739331982,28.615743112706355,-7.321625554464603,9.521111658066074
91.58255692783845,26.31570921053153,-8.032599170697235,9.588209754609974
92.33485686208897,24.052121785558377,-8.69174100176736,9.639876634400327
92.99511339733817,21.84968339653942,-9.292606726806671,9.677230212478856
93.56689022165554,19.73017798902422,-9.82974588414869,9.701228376896015
94.05275387081652,17.71230071856496,-10.298703816554818,9.7126659979327
94.45438800942304,15.81159701312657,-10.696006648411597,9.712177977276795
94.77274424401915,14.040498218223764,-11.019132159080272,9.70024754387984
95.00821715240957,12.408438877617428,-11.266469448124571,9.677218940033988
95.1608319390793,10.922039477008038,-11.437270202087415,9.643313621668286
95.23043434967477,9.585338213666141,-11.531594186340737,9.598649114232227
95.2168740367469,8.4000559068751,-11.550251318136667,9.543259712127647
95.12017431053837,7.365879365262313,-11.494742347461742,9.47711827747339
94.94068299560483,6.480750203493342,-11.367199799185313,9.400158475288183
94.6792008328405,5.741148084624612,-11.17033043066835,9.312296869889403
94.33708542985474,5.142359504214538,-10.907360049273796,9.213454395371823
93.91633011046947,4.678725399643016,-10.581981128210774,9.103576796604395
93.41961811167806,4.343862961020686,-10.198303269317924,8.982653712721419
92.85035341141526,4.130858963686081,-9.760806198768584,8.85073614034036
92.21267004907396,4.032433687076787,-9.274294656153867,8.707952067681491
91.51142214318021,4.041076003159342,-8.74385425808763,8.55452011343921
90.75215694732233,4.149151499481328,-8.174807193087496,8.390761036605845
89.94107325286585,4.348986549507054,-7.572666443585111,8.217107007120397
89.08496728476658,4.632932065709502,-6.94308714209409,8.03410854434805
88.19116798505769,4.993411280949587,-6.291813660394209,7.842439043427604
87.26746327613296,5.422956311542876,-5.624621111386424,7.642896820994855
86.32201857896118,5.914238467166322,-4.947250120587426,7.4364046241758
85.36328856253081,6.460097288147029,-4.265334004079902,7.224006562298254
84.39992284877371,7.053573102626241,-3.584317875595377,7.006862441394573
83.44066621608036,7.687947491610283,-2.9093696970099465,6.78623950869572
82.49425375353287,8.356795412429644,-2.245283878525666,6.563501648825587
81.56930143096164,9.054051844165311,-1.5963787154074192,6.340096115548432
80.6741926746678,9.774094670717359,-0.9663896979118229,6.11753793229005
79.81696177612696,10.511844107730353,-0.358361521969659,5.897392150152374
79.0051753045502,11.262877324933273,0.22545757676448375,5.681254212016189
78.2458131287277,12.023555055085184,0.783714789533887,5.47072873320722
77.5451511549935,12.791154982397503,1.3160399677412835,5.267407070192786
76.9086484230576,13.564004666421585,1.823115585329953,5.072844105585108
76.34084172767643,14.341604813655298,2.3067236058442484,4.888534726825918
75.84525140192834,15.124732019651574,2.769763420019178,4.715890513754407
75.42430225213867,15.915508852605189,3.2162353416401857,4.556217173450795
75.07926381814359,16.717428529177162,3.651184845556376,4.410693266377064
74.81021409077934,17.535321632929865,4.080603827306789,4.280350753671319
74.61603050394189,18.375253507749477,4.511286661096619,4.166057860186118
74.49441139723781,19.244343237553906,4.950640706581384,4.068504691312679
74.44193020212633,20.150498543226924,5.406453109133163,3.9881919648921107
74.45412334871313,21.102065440775092,5.886618165202262,3.9254231250095386
74.52561135923882,22.107396957601757,6.3988320658387865,3.8802999959403857
74.6502508549426,23.17435132977117,6.950264342976488,3.852722016899884
74.82131335153849,24.30973652613318,7.547217661231764,3.842388977419638
75.03168487630985,25.51872419628398,8.194789550110752,3.84880705563954
75.27407874595471,26.80426168634892,8.896551088025465,3.871297854259261
75.54125244563706,28.16651505555779,9.654258277351326,3.909010037764782
75.82621858806104,29.60237853271493,10.467611766395201,3.9609331054822294
76.12243952971117,31.105086134818592,11.334079600641179,4.025912792412406
76.42399546975231,32.66395892949302,12.248795797483542,4.102667576401817
76.72571680034255,34.26431654428666,13.20454477311186,4.189805786776576
77.02327310590297,35.88757411466064,14.19183810919862,4.285842854743827
77.31321345505859,37.51153625732484,15.199085994744143,4.389218316168117
77.59295536674226,39.110888418761135,16.212861133488985,4.498312267343071
77.86072288507297,40.657873831944066,17.21824822977518,4.611461077117115
78.11543735221862,42.12313220131273,18.199267639759988,4.726972266155626
78.35656749069355,43.47666506781592,19.139357688257295,4.8431385677585
78.58394806328123,44.68888349403783,20.02189677392552,4.958251276279561
78.79757845919379,45.731687048692656,20.83074394750476,5.070613061519731
78.99741389086148,46.57951965811784,21.550775321902428,5.178550474738095
79.18316236753911,47.210348068792264,22.168393559442293,5.280426390424006
79.35410020019071,47.60651247210251,22.671988799892162,5.3746526163275785
79.5089175210921,47.755406019429756,23.052331679259503,5.459702863548027
79.64560327583494,47.64994996024913,23.302882401661854,5.534126202189415
79.76137652943507,47.28884319714905,23.42000395531993,5.596561041736848
79.85266793037188,46.67657824283486,23.403072248338766,5.645749575999483
79.91515202878136,45.82322889088939,23.254480889054598,5.680552528313364
79.94382808209849,44.74402740394722,22.97954324923432,5.699963932113783
79.93314421902704,43.458759819376525,22.586299039614698,5.703125593021664
79.87715755016205,41.99101639350126,22.08523664295316,5.689340808290677
79.76972114052865,40.367339800550134,21.48894568676184,5.658086873360993
79.60468776804707,38.61631627514234,20.81171665473917,5.6090258869962835
79.37612009595186,36.76765449171763,20.069105658967047,5.542013377578989
79.07849724521786,34.85129389068903,19.27748281885312,5.457104313024352
78.70690867787974,32.89657884951103,18.45358207563211,5.354556122891443
78.25722767280321,30.931528140848414,17.614068825159233,5.234828449390098
77.72625835107358,28.982221163948168,16.775139630386125,5.09857944860129
77.1118520418931,27.07231412353557,15.952165658908276,4.946658578039066
76.41299063175026,25.222691254230366,15.159388572803813,4.780095925070645
75.6298362869299,23.451248844146516,14.409674567705522,4.600088246231971
74.76374848416017,21.772803573759816,13.71432929081556,4.407981994272201
73.81727055719968,20.199111795969532,13.08297361377057,4.205253702903404
72.79408892923223,18.738982948508095,12.523477814718671,3.9934881749600883
71.69896884109116,17.3984682985046,12.041949718354418,3.774354975525624
70.53767071712396,16.18110556021427,11.642770800937623,3.5495837664286585
69.31685136688164,15.088200416745805,11.328673203823499,3.3209390324875323
68.04395404838196,14.119127385419366,11.100849998584998,3.0901947442458546
66.72709107194893,13.271634544935013,10.959090870307941,2.8591094788880067
65.37492215971048,12.542139144659588,10.901935576366913,2.629402483434375
63.99653125010352,11.926003816853463,10.926838028085799,2.4027311155243822
62.60130389939672,11.41778581980511,11.030334559261512,2.180670040632042
61.1988069260475,11.011454302451858,11.20821081600994,1.9646925039255345
59.79867150263833,10.700572890840787,11.455662658865768,1.7561539334496445
58.41048054893306,10.478446886636757,11.767447450472684,1.5562780717512887
57.04366103391843,10.338236007339571,12.138023060379677,1.3661457778313744
55.70738166171735,10.273034886588798,12.56167281313948,1.1866865921248602
54.41045639543845,10.275924513311548,13.032615408759419,1.0186731151539519
53.16125435696172,10.33999845813484,13.54509953753988,0.8627182159535352
51.96761681586027,10.458368160284639,14.09348348550414,0.7192750590534089
50.83678222819026,10.624151776105014,14.672300480615396,0.5886399178140072
49.7753205818711,10.830451166523396,15.27631086836774,0.470957725790198
48.789078621441575,11.070321563952312,15.9005424369915,0.36623030461504325
47.88313782863755,11.336738339047436,16.540320349057225,0.2743271943723302
47.061787290495076,11.622565104080298,17.191288190765764,0.19499899806543208
46.32851375484616,11.920527151746045,17.849421636103617,0.1278931330271531
45.686011214033336,12.22319393576161,18.511036153301585,0.07257185649650655
45.13621223170945,12.52297394437029,19.17279006762871,0.028532397956593236
44.68034289786843,12.81212488589315,19.83168414812558,-0.004771014474204804
44.31900273292574,13.082781579911764,20.485058715625584,-0.027903503231843985
44.05227004162681,13.327003312089953,21.13058908313078,-0.0414246043122084
43.87983213458861,13.536841652541375,21.766279943873798,-0.045862461572798274
43.801138500323155,13.704428852063323,22.39045912280975,-0.041687657446766835
43.81557345674882,13.822085923464925,23.001770908770496,-0.029287277651453003
43.922643096847395,13.88244840642351,23.599168991635622,-0.008939899893267267
44.12216955363918,13.87860663946972,24.18190884611498,0.019207717161384252
