t1,t2,t3,t4,t5
122.625,78.48,44.145,19.62,4.905
32.55115699991581,26.57189523798692,22.679299401559163,17.209676366019202,8.095001986381648
-56.211237355928965,-24.842517592328292,1.1805598201052216,14.568788496075793,11.127946259227881
-142.02385122208716,-74.91513635449999,-20.04151522820075,11.728871441833261,13.961357521604093
-223.3600886893094,-122.84754069245204,-40.68928356451018,8.72511758713929,16.55797201586766
-298.85618714924016,-167.91553845062654,-60.48535723818007,5.595399294138004,18.886478511670887
-367.3536035867341,-209.48998546958063,-79.17985577253104,2.3791998272618944,20.92202940021274
-427.9307336839508,-247.05297783716907,-96.55643375023658,-0.8835055705312405,22.64651318997857
-479.9227570458963,-280.2088218918397,-112.43687070336874,-4.153374038326417,24.048591807153276
-522.9292036568698,-308.68951990929133,-126.68409503015667,-7.39278051043806,25.123517246185706
-556.8096223374885,-332.35484150771237,-139.2036009725707,-10.566822368505562,25.872751628002682
-581.6684384954809,-351.18735701830275,-149.94330237938954,-13.644206415225117,26.30342211312333
-597.8306644197307,-365.28306794773414,-158.89194344836076,-16.597988081895927,26.427647092153734
-605.8105352152935,-374.83846544826275,-166.07625030708968,-19.406141015724465,26.261772550336367
-606.2753697705374,-380.13497134907914,-171.55705490582892,-22.05194421746237,25.825557581468825
-600.0069995413188,-381.5217656569461,-175.42465250031867,-24.524183073939575,25.141345977055963
-587.8629852166513,-379.3979837900801,-177.79366574365156,-26.817169339797296,24.233257027115318
-570.7395819115995,-374.1951857541723,-178.79768319470074,-28.930592832199387,23.12642360124843
-549.5380550305118,-366.3608713714483,-178.58392012181116,-30.869223891667026,21.84629972026567
-525.1355324450687,-356.34365597126566,-177.3081178737982,-32.64249025256396,20.418053651063165
-498.36114427058953,-344.58054546989666,-175.12985829941192,-34.26395473002255,18.86605648055036
-469.97778481459386,-331.4865732445223,-172.20842532480697,-35.7507210842713,17.213470492346076
-440.6694605049496,-317.4468961483483,-168.69930025540623,-37.12279471583582,15.48193673736202
-411.0338824258903,-302.81130295834106,-164.75133362816368,-38.402422726889,13.691357118069536
-381.5797332071328,-287.89097174034794,-160.504596878394,-39.61343467828915,11.859763170387561
-352.7278878643377,-272.9572260621298,-156.08888339579696,-40.78060144080514,10.00326152507672
-324.81579231864345,-258.2419837937905,-151.6228017294347,-41.929025252333574,8.136044700555512
-298.10419215073574,-243.93956417931344,-147.2133841247048,-43.083569799895386,6.270455316913274
-272.7854448888681,-230.20951503739937,-142.95612105911522,-44.2683351528535,4.417091897005543
-248.99272762086136,-217.18013745235388,-138.93532639432442,-45.5061789312217,2.584944995380524
-226.80955394749165,-204.9524148731287,-135.22473730538198,-46.81828238227798,0.781553332548266
-206.2791275877324,-193.6040920294433,-131.88825726099412,-48.223758171971014,-0.9868292141816033
-187.41317374919282,-183.19369192111603,-128.98075795356817,-49.73929571843759,-2.7150636085444937
-170.1999956426832,-173.76430256253968,-126.54886621575169,-51.378839783952735,-4.398959140247296
-154.6115967771156,-165.3470063165906,-124.63167373580427,-53.15329872430939,-6.035115570715983
-140.60978684412356,-157.96386162248433,-123.26132008355904,-55.070280150643825,-7.620777857096681
-128.15124906508572,-151.6303786788552,-122.46341264171602,-57.133853631783424,-9.153706213649187
-117.19159041945048,-146.35745690939936,-122.25726012745703,-59.34434227296303,-10.632063226076486
-107.68842496107399,-142.15277313444358,-122.65590924752098,-61.69814735054138,-12.054318812781394
-99.60355695705421,-139.02162604723682,-123.66598651464305,-64.18761245650927,-13.419173028920913
-92.90433771962007,-136.9672558599597,-125.2873592759636,-66.80093560772913,-14.725496032690302
-87.56427068543974,-135.99066895993312,-127.51264148174835,-69.52213931100194,-15.972283975721338
-83.56293631217711,-136.09000719041072,-130.32658053503667,-72.33110947481445,-17.158629138287424
-80.88530417640166,-137.2595108867074,-133.70537151615045,-75.20371418034905,-18.283702303431223
-79.52049631269031,-139.48813476264095,-137.61595388026075,-78.11201256518557,-19.34674515106489
-79.46006488184678,-142.7578865501231,-142.01535298626462,-81.02456237743215,-20.347070352399363
-80.69584971728327,-147.0419699849153,-146.85013403980477,-83.90683212456454,-21.284067054528883
-83.21748764519394,-152.302825963436,-152.05603866262902,-86.7217202285565,-22.157209560185144
-87.00965562836313,-158.490177754541,-157.5578737523472,-89.43017932779495,-22.966067220794436
-92.04914313110204,-165.53919698398948,-163.26971802826296,-91.99193901898968,-23.710313860044998
-98.30186452661692,-173.36891539656318,-169.09550324119252,-94.36631514723294,-24.389735413612676
-105.71993830587543,-181.88101165418985,-174.93001422207004,-96.51308851445663,-25.004234887403506
-114.2389743809701,-190.95910112939882,-180.66033478983377,-98.39343090294024,-25.55383417673579
-123.77572175785049,-200.46864841346493,-186.16774540241445,-99.97085193222001,-26.03867272481205
-134.22623406676564,-210.25760599654885,-191.3300540612137,-101.2121368079494,-26.459003402282438
-145.46470779512728,-220.15785769826337,-196.02431550176573,-102.08824277196226,-26.815186333525027
-157.343135824954,-229.98751198489157,-200.1298666115185,-102.57512126132228,-27.107681655658013
-169.69189586693943,-239.5540491294676,-203.53158008519617,-102.6544335916806,-27.337042354847917
-182.32135922117897,-248.65827891511827,-206.12321550435743,-102.3141304643617,-27.50390836988991
-195.02456055059085,-257.0990147357155,-207.81072927419035,-101.54886971970551,-27.60900308230863
-207.5809156528825,-264.6783187162396,-208.51539397266407,-100.36025237462219,-27.65313313115453
-219.76091425130232,-271.20712458644005,-208.1765751269908,-98.75686383861273,-27.637192213583273
-231.33165224825737,-276.5110044633963,-206.75402017526065,-96.75411495643009,-27.562169181068857
-242.06300710057042,-280.4358162897084,-204.2295306846224,-94.3738857629922,-27.429160343440092
-251.73420580124792,-282.85295379794917,-200.6079143223548,-91.64398309958212,-27.23938548024333
-260.1404922147976,-283.6639230174607,-195.91714638527594,-88.59743106064946,-26.994206663805954
-267.09957357341756,-282.80398978939314,-190.20770994505145,-85.27162017045714,-26.695148652007934
-272.4575182289759,-280.24468134904964,-183.5511263374062,-81.70734683545972,-26.34391933857889
-276.09379034689437,-275.99498005834243,-176.03773090058462,-77.94777867127509,-25.942428576307925
-277.92514253039127,-270.10111560730445,-167.77378949984333,-74.03738355635379,-25.492803628118683
-277.90814295003116,-262.6449389360623,-158.87808653536928,-70.02086062954336,-24.997399558517763
-276.0401861782255,-253.740941299499,-149.47814228806897,-65.94210995877647,-24.458803051016044
-272.3589217340081,-243.5320593786465,-139.7062347011542,-61.84327441191198,-23.87982841527556
-266.94012524916127,-232.1844762795861,-129.69540690918743,-57.763882608320436,-23.26350491348399
-259.8941273996635,-219.88168341752748,-119.5756367809203,-53.740116050422074,-22.61305496582808
-251.3609984626384,-206.81810554486086,-109.4703291008247,-49.80421700977089,-21.931863263261558
-241.50475528605702,-193.19260793822767,-99.49326625061882,-45.984046877183204,-21.223437293674632
-230.5069074870197,-179.20220014318798,-89.74612149417695,-42.302797879376946,-20.49136024700409
-218.55968735214117,-165.0362256144537,-80.31660278527231,-38.77885468129597,-19.739237679880194
-205.859311668641,-150.871283682148,-71.27725717150224,-35.42579674447053,-18.970639668967255
-192.59960407755565,-136.86707349372924,-62.684929069948986,-32.25252763708254,-18.189040447108816
-178.96626595593077,-123.16328385759672,-54.58083237071204,-29.26351395012049,-17.397757686431582
-165.1320263839776,-109.87758363997321,-46.991168449674795,-26.459114142334393,-16.599893662511533
-151.25283270422432,-97.10469988113556,-39.92820111957336,-23.835976511415964,-15.798280504347082
-137.46516844452836,-84.91650991203825,-33.391686049239375,-21.3874854960531,-14.995431612383554
-123.88451093666825,-73.36302336168475,-27.370546324561545,-19.104236521290602,-14.193501121788653
-110.60487232631338,-62.47409275654804,-21.844687123921595,-16.974521432914443,-13.394253014432564
-97.69930942165267,-52.261668816227804,-16.786849979143668,-14.984809023006138,-12.599041156332515
-85.22124329808958,-42.72240862621184,-12.164419500880491,-13.120208014154693,-11.808801174029812
-73.20640066856947,-33.84045052449511,-7.941111289615725,-11.364902931915935,-11.024054699219628
-61.67517619623347,-25.590186731012626,-4.07848751175333,-9.702556355704974,-10.244926120125836
-50.63521728710841,-17.938890775678587,-0.5372648583449902,-8.116673922220485,-9.471171592554528
-40.08404846802937,-10.84908859561069,2.7216029335883825,-6.590931017181924,-8.702219692694083
-30.011578437670643,-4.28059668662553,5.736070137744508,-5.109462218677094,-7.937222744513036
-20.402366018750865,1.8078149570019502,8.542360641223505,-3.657116172165912,-7.17511753189614
-11.237558147765672,7.457145634173985,11.17452483008794,-2.2196796418033857,-6.414693812848337
-2.4964504933929526,12.707255708925446,13.664163369450655,-0.7840749875518576,-5.654668792892263
5.8423435166205735,17.596289061496435,16.04028540132031,0.6614647139875407,-4.893765490033321
13.80009879269889,22.160372706167472,18.32926737744479,2.127239203649191,-4.130792738100999
21.397518715845592,26.433531238356043,20.554879833912562,3.621940453422593,-3.364724434070268
28.65455053558827,30.44775090436473,22.738352431726796,5.152526424774086,-2.5947755450126664
35.59040675029717,34.23313038452155,24.89845203148994,6.724109079844494,-1.8204723601465864
42.223719506372724,37.818061820441066,27.051553944255495,8.339858078521717,-1.041714512731161
48.5727574301696,41.22939506221005,29.211692342658942,10.000923073420983,-0.25882641527119876
54.655641657663004,44.49254941613619,31.390581719576257,11.706378821449194,0.5274040412200378
60.4905088922436,47.631549270289156,33.597606905008085,13.453198344855998,1.3157013705158178
66.09558278709675,50.668971934049445,35.83978422532886,15.236259989807996,2.1042944027030375
71.48912954991677,53.62580709594073,38.121700711085104,17.048394360060932,2.8909251727731524
76.68928826510265,56.5212369194815,40.44544169230242,18.88047668755348,3.672875151388562
81.71378006229709,59.37235358709118,42.810519581750796,20.721569213767754,4.447008528838269
86.57951217861272,62.19383686746323,45.213818102130936,22.559116606030265,5.209831562984325
91.30210262981531,64.99761797001395,47.64956666709352,24.379195372425265,5.957566287260142
95.89535829515061,67.79255762619877,50.10935911467478,26.166815759288852,6.686236183203292
100.37074359022535,70.58416615348496,52.58222957764611,27.906271846295354,7.391760795349401
104.73687857002253,73.37439142334834,55.0547960431662,29.581532658595197,8.070055747659211
108.99910441556142,76.16149741331326,57.51147920861191,31.176664279923404,8.717134251081745
113.15915105673685,78.9400516332628,59.934800704995254,32.6762703739985,9.329206006837016
117.21493648547653,81.70103443890842,62.30576077607502,34.0659364013012,9.902769435768413
121.16052048137603,84.4320773367691,64.60429123102205,35.332661335305026,10.43469341444236
124.98622740200288,87.11783109495254,66.80977511059164,36.46525998557937,10.922285172391675
128.67894379702003,89.74045804664635,68.90162021737547,37.454719228573175,11.36334168450147
132.22258731456427,92.28023665010348,70.85986966955234,38.294492577444366,11.756182744136083
135.5987341089381,94.71626039175291,72.66582916206616,38.98071957349239,12.099664877387001
138.787383156545,97.02720773061243,74.30268787595908,39.512359371184715,12.393176295992793
141.76782795678176,99.19215522390732,75.75610817022988,39.89123147142278,12.636614117543981
144.5195994287815,101.19140247958033,77.01475849988145,40.121960634621985,12.830346035619511
147.02343876954535,103.00727536688085,78.07076456669671,40.21182733712318,12.975159431993202
149.2622559162847,104.6248731644951,78.92005560733593,40.17052945929122,13.072201529716923
151.2220282844235,106.03272617028102,79.5625859678074,40.00986494622398,13.122914545920267
152.89259576792455,107.22333280408871,80.00241663417135,39.74334871443513,13.128969891318173
154.2683116142131,108.19354938890893,80.24764702924992,39.38577987867344,13.092205275509327
155.34851462102534,108.94481148447072,80.31019390030009,38.95277728296527,13.014568130675503
156.1377959151782,109.4831726600193,80.20542119080797,38.46030224342979,12.898068099037344
156.6460430039335,109.81915462053163,79.95163202611027,37.92418732129628,12.744740496182022
156.8882543645404,109.96741124866101,79.56944092367195,37.35968888604135,12.556621730126382
156.88412899287587,109.9462179340688,79.08105063073727,36.781079307227174,12.335736697948542
156.65744644756987,109.77680603723354,78.50946318343676,36.2012919884703,12.084097271112023
156.23526336542142,109.4825699792178,77.87765851653671,35.63162932473424,11.803710183962323
155.64696157954836,109.0881808001335,77.2077759620115,35.08154024234458,11.49659201224148
154.92319030828452,108.61864469595675,76.52033409792593,34.55847049060232,11.164788508843746
154.09474997714216,108.09834773688746,75.83352261323785,34.067785502330985,10.810395372986147
153.1914678084033,107.55012852737397,75.16259623699476,33.612762608765095,10.435577567934496
152.24111524668032,106.99441896404691,74.51939556537812,33.19464682488803,10.042584554821726
151.26841463784712,106.44848959978631,73.91201313921117,32.81276241361692,9.633759243954847
150.2941775599241,105.92583067743527,73.34461579252729,32.46467104370687,9.211539036805396
149.33461017777609,105.43569301286418,72.81742657398489,32.14636658474571,8.7784479910739
148.40081243118988,104.98280502270772,72.32686191505097,31.852496401047837,8.337079834995649
147.4984883143695,104.56727379187278,71.86581263662487,31.576599349868083,7.890072234801218
146.62787454217775,104.18466965387007,71.42405124758533,31.311351469363164,7.440073336353475
145.78388509210254,103.82628578081192,70.98874310992862,31.04881145447999,6.9897021226901535
144.95645997942606,103.47955715947872,70.54503563919782,30.78065935469874,6.54150452830003
144.1310986040484,103.1286173928525,70.07669787819152,30.498423378217893,6.09790751437029
143.28955143463233,102.75496724203776,69.56678251806643,30.193691152597474,5.661173433525448
142.41063888611168,102.33822583481488,68.99828363368377,29.858303184499903,5.233357003605676
141.47116309727704,101.85693403309864,68.35476585354643,29.48452750893188,4.81626708105305
140.44687690967322,101.28937949594355,67.62094413873855,29.065215566198496,4.41143519385818
139.31347457138767,100.61441434112388,66.78319749954284,28.593940154728443,4.02009248296854
138.04757034334463,99.81223877977226,65.83000451696536,28.065116858629644,3.6431563315042523
136.62763401816306,98.86512741906854,64.75229315103135,27.474110634202013,3.2812275540050493
135.03485608611894,97.75807882410103,63.54370172799666,26.817329267399465,2.9345985919595434
133.25391960305828,96.47937313112547,62.20075196779224,26.09230520440899,2.603272732844532
131.27366044591002,95.0210267600113,60.722938259027025,25.297766840932027,2.2869939505376475
129.08760232548644,93.37913736704165,59.112739990447444,24.43369977270417,1.9852865651538991
126.69435744703891,91.5541159371853,57.37556554574686,23.501397808697092,1.6975035477726592
124.09788789899832,89.5508062130232,55.51963756322643,22.50350278447808,1.4228819564316582
121.30762659441022,87.37849442137137,53.55582930633064,21.4440314466325,1.1606036898698284
118.33845982464868,85.0508144619629,51.49746158312897,20.328386973371607,0.9098594907065674
115.21057619574975,82.58555538188432,49.360068723734074,19.163352115444788,0.6699139267158443
111.94918892968514,80.00437912691389,47.16114082799493,17.957060546806908,0.4401689352761611
108.58414028348007,77.33245731523185,44.91984799552703,16.71894286170447,0.22022344057046395
105.14939824723342,74.59803621585317,42.65675070914342,15.459643789539664,0.009926554769926765
101.68245681758316,71.8319393362063,40.39349911226606,14.190907652609445,-0.1905780379566493
98.2236520960359,69.06701713062816,38.15252273126104,12.925429878229817,-0.3808187348054073
94.81540731255076,66.3375534230704,35.95671134668506,11.676673488237075,-0.5599756461573961
91.50142068699003,63.67863826355453,33.82908728092517,10.458650894270326,-0.7268747687533357
88.32581085395422,61.125517155693785,31.79246937405383,9.285672971064933,-0.8799977899636175
85.33223540187403,58.71292692172094,29.869129357008568,8.172069183231075,-1.0175080548084638
82.56299889784458,56.4744289037319,28.080442156799748,7.131884404104973,-1.1372926008417974
80.05816754072285,54.44175070042719,26.446532804914625,6.178559873087336,-1.2370194939106025
77.8547082378698,52.6441481495641,24.985923963299875,5.324607366517569,-1.3142090088599856
75.98567034942977,51.10779971210708,23.715189509398314,4.581286982298342,-1.3663165268123374
74.47942849244745,49.85524570867809,22.648621000308534,3.9582998448828732,-1.3908244008887747
73.35900454931884,48.90488491392006,21.79791503424617,3.4635074280975475,-1.3853395119384007
72.64148629429766,48.27054074735009,21.171890423414617,3.1026889992972895,-1.3476928297989523
72.33755876999906,47.96110864181746,20.776244583833225,2.879347875138201,-1.276037043985745
72.45116267198851,47.98029507555182,20.613358559355554,2.7945757524236803,-1.1689382534412691
72.97929152590058,48.32645720033145,20.682159586404023,2.8469823848503752,-1.025457821617762
73.91193639764153,48.99254999579804,20.978049065951552,3.0326954068681773,-0.8452208132356192
75.23218333098536,49.96618546863179,21.492902269253236,3.34543228446666,-0.6284679232262703
76.9164647625807,51.229805664907644,22.215144126892064,3.776643353228564,-0.3760884654768982
78.93496195796214,52.760968269996326,23.1299031291284,4.315721858215159,-0.08963277705161898
81.25215120380052,54.5327404484365,24.219242814038576,4.95027401571415,0.22869672840763644
83.82748225651959,56.514193454813864,25.46246766752771,5.666439543909622,0.5760757037399568
86.61617356521882,58.67098755927997,26.83649764055588,6.449251008635733,0.9491081406776694
89.57010523081888,60.96603410809067,28.31630303510963,7.283018821197452,1.3438948499494274
92.63878768980449,63.360219199504115,29.87538934148601,8.151727888023718,1.7561174775983488
95.77038184997457,65.81317159969178,31.486319826991217,9.039431782199234,2.1811347806242405
98.91274495360395,68.28405622973723,33.12126235836823,9.930630873889129,2.614087454176277
102.01447585784693,70.73237387392692,34.75254613850346,10.81062206522964,3.050007564924868
105.02593371900905,73.11874771285204,36.35321377532145,11.665809531490266,3.4839286073322397
107.90020522084433,75.4056778645127,37.89755437252477,12.483968049751544,3.9109923553560555
110.59399743262075,77.55824628703637,39.36160410747257,13.254452954204156,4.326549014221379
113.06843602125565,79.54475609731375,40.72360198808448,13.96835333956854,4.7262476580600286
115.2897517464341,81.337291509621,41.964390087214475,14.61858768927758,5.106114534749109
117.22984179126152,82.9121871001514,43.067749455326656,15.199943493531437,5.4626174897236774
118.86669636512876,84.2503978500531,44.02066501848565,15.709064525614677,5.7927154645418355
120.18468499875902,85.3377642991992,44.81351498388618,16.14439117165503,6.093892723092383
121.17470087816176,86.16517004463388,45.4401825067957,16.506060498940297,6.36417811151266
121.83416529201851,86.72859163683586,45.89808953483997,16.79577357273008,6.6021502355512025
122.16689767312998,87.02904356989146,46.18815476227951,17.016637893783425,6.806929916655829
122.18285970083663,87.07242344936579,46.31467943576144,17.172992758710606,6.978161648729886
121.89778442756834,86.86926449271157,46.28516630673147,17.2702248956487,7.115986012641897
121.33270335792824,86.43440422942258,46.11007829337178,17.31458096851447,7.221005114401921
120.51338583106867,85.78657959984479,45.80254438232829,17.312982554837184,7.2942431017379885
119.46970595165246,84.94795960011993,45.378020969203966,17.272848070192396,7.337103694926761
118.23495272010868,83.94362720162374,44.85391722277552,17.201924920855273,7.3513264581522
116.84509898689282,82.80102251730915,44.24919318914734,17.108133993994496,7.338943257653393
115.3380444693621,81.5493591374548,43.58393926581808,16.999427510452392,7.302236024614129
113.75284740276507,80.2190252644833,42.87894541510231,16.883660325443223,7.243696586838949
112.12895852966727,78.84098079575338,42.15526809725705,16.768474009777627,7.165988975866819
110.50547014211291,77.44616088933459,41.43380243086652,16.661192506014828,7.0719142758757165
108.92039184650469,76.06489585139443,40.73486657234406,16.568727842901215,6.964377775840933
107.4099636783967,74.7263564480725,40.07780478182159,16.4974943060039,6.846357932421931
106.0080161933663,73.45803300249797,39.480615134285465,16.453329587979216,6.720876460275832
104.74538622381621,72.28525590986659,38.95960735730825,16.441421752318178,6.590968747815915
103.64939612532599,71.23076449845202,38.52909583390003,16.46624130388966,6.4596537551813915
102.74340352875751,70.31433047786734,38.201132393964684,16.531478224708557,6.329902589077156
102.04642783998935,69.55244153247021,37.985283114106856,16.639984455180603,6.2046050642748405
101.57285895092248,68.958049913272,37.8884529288783,16.79372292759572,6.0865337484538795
101.33225279908932,68.54039012594932,37.914761397566544,16.993724837218874,5.978305236728323
101.32921749209663,68.30486897315899,38.06547243773618,17.240057316315745,5.882338702350059
101.5633926529926,68.25303025562013,38.33898019956791,17.531804011901723,5.8008121053388795
102.02952340664393,68.38259534333525,38.73085248791055,17.867061220363908,5.735616793136164
102.71762899065764,68.68757958043061,39.23393222421665,18.24295217282605,5.688311576683321
103.61326432874074,69.1584830817909,39.83849637151785,18.655661777983276,5.660077690107252
104.69787106039097,69.78255292973618,40.532470529029204,19.100493612136198,5.65167632056584
105.94921251028295,70.54411211407157,41.30169606041421,19.571950212771394,5.663410605593995
107.34188495697794,71.42494882562305,42.130245188056016,20.063836811592072,5.695094119299245
108.84789539722784,72.40475797441763,43.00077801627577,20.569387579953037,5.7460278901010655
110.43729389004503,73.46162513473823,43.89493400324466,21.08141231221724,5.814987900129616
112.07884660749914,74.57254160534546,44.79374905756427,21.59246030920921,5.900224804451865
113.74073402721801,75.71393800313169,45.67808826926627,22.09499711984356,5.999477278284474
115.3912573847001,76.86222286910713,46.529083374129044,22.58158883100131,6.10999996092665
116.9995356634251,77.99431223493377,47.328563466516755,23.04508783690992,6.228606432399462
118.53617512277701,79.08813603889813,48.059467279335806,23.47881353336997,6.35172705584672
119.97389370972975,80.12310773366282,48.70622558281291,23.876721218166807,6.475480874836661
121.28808370190431,81.08054440963251,49.255102937442054,24.233552666654028,6.595760103551718
122.45729758430858,81.94402625326691,49.69448916642488,24.544962397975198,6.708325125777228
123.46364443036366,82.6996861246468,50.01513245857362,24.80761453565126,6.808907362152235
124.2930868637551,83.33642239914735,50.21030791731436,25.01924635523313,6.8933169086228485
124.9356319117427,83.84603087432531,50.27591755502874,25.178696038500043,6.9575515220130955
125.38541258544834,84.22325437482635,50.2105200954241,25.28589373759742,6.997903353716385
125.64066068084064,84.46575156190744,50.015291377908746,25.34181670072749,7.011059823580067
125.70357491767183,84.57398923214603,49.69391853934796,25.348410825312477,6.99419518703743
125.58009195448838,84.5510649386571,49.252433364444975,25.30848248861731,6.945049672972542
125.27957087868243,84.40246896755784,48.69899214046635,25.22556577239213,6.861993541145772
124.8144043346065,84.13579645357385,48.04361093600282,25.103771175414714,6.7440740007392765
124.19957141227859,83.76042165002583,47.2978663802156,24.94762254471692,6.5910436129625145
123.45214870166623,83.28714703992951,46.47457270812317,24.76188922552494,6.403369533030446
122.59079648936722,82.7278400797369,45.58744604659243,24.551420329521036,6.182223690250041
121.63523694178204,82.0950699308583,44.650766660218615,24.320987573372616,5.929454719942468
120.60574032532338,81.40175561126816,43.67904919701378,24.07514238871357,5.647543111092725
119.52263393666752,80.66083566905105,42.68672993288862,23.818092012418752,5.339541587946275
118.40584655779867,79.88496783799798,41.687878689297506,23.55359810546142,5.00900317843493
117.2744990333903,79.08626528872176,40.69594157786153,23.284900199045286,4.659899721849763
116.14654912336121,78.2760741460814,39.723519100347666,23.014665006850226,4.29653372599101
115.03849624364673,77.46479500912451,38.78218249038608,22.7449614449254,3.923446502220222
113.96514919867928,76.66174937651803,37.88232960503025,22.47726012812844,3.5453253954563184
112.9394576410842,75.87509022598906,37.033080227721264,22.21245521204296,3.166912701894632
111.97240585975234,75.11175457911294,36.2422093823037,21.950905753886296,2.7929185518333743
111.0729656660595,74.37745474073778,35.51611621670097,21.692493290226707,2.427939653443263
110.24810366454872,73.67670405277887,34.859825214134624,21.436692072626904,2.076385371976948
109.50283707965157,73.01287244329606,34.27701593297035,21.182648349839013,1.7424121837911963
108.84033156228271,72.38826676539077,33.770077153074205,20.92926521078033,1.429867119772871
108.26203399810912,71.80423087503455,33.34018119527762,20.67528977197822,1.1422404193493008
107.76783324589648,71.2612605515377,32.987374251027155,20.419399867498434,0.8826272712831198
107.35624190104619,70.75912867252464,32.710678775947386,20.160287838120464,0.6536982334751009
107.02459255071219,70.29701646869613,32.508204325726275,19.89673948073144,0.4576777089334063
106.76924250452787,69.87364715552982,32.377263607352276,19.62770667354331,0.29632971226770444
106.58578159205629,69.48741872689295,32.31449094744979,19.352372608540023,0.17095008967539327
106.4692382623657,69.13653316328804,32.315960810431505,19.070208917286486,0.08236435085001004
106.41427985777327,68.81911972709818,32.37730440583195,18.781024255267393,0.030930325919465984
106.4154035273675,68.53335036965777,32.4938227860347,18.485004106404393,0.016544964352982472
106.46711477159207,68.27754555039014,32.660595138694106,18.182741683837488,0.038654733937746766
106.56409105334401,68.05026896585879,32.87258121513466,17.875259842658437,0.09626924347116605
106.70132827107048,67.85040981399399,33.12471700589996,17.564023897970458,0.1879778892523536
106.87426817286853,67.67725129101342,33.41200288234379,17.250945174915934,0.3119694992959783
107.07890501409479,67.53052405666877,33.72958347881042,16.93837502694071,0.4660551074294197
107.31186994803718,67.41044343279393,34.072818607935986,16.629088967255793,0.6476941200151953
107.57049181816532,67.31772914851095,34.437344499501116,16.326260489423774,0.8540242302948478
107.85283322200992,67.25360654102626,34.81912465058834,16.03342412849971,1.0818954804185275
108.15770097097814,67.21978829000854,35.21448959157775,15.754427354051026,1.3279088624760806
108.48463040423313,67.2184360282504,35.62016492777938,15.493371006689358,1.5884597832805143
108.8338434488822,67.25210154752125,36.03328712670321,15.254538201295464,1.8597865922723646
109.20618086528582,67.32364781378209,36.45140669845291,15.042311927336382,2.1380241900208783
109.6030097767329,67.43615061784949,36.87247866830281,14.86108197660489,2.4192625022163163
110.02610834631824,67.59278240273308,37.294840566313184,14.715142310379163,2.699609330181112
110.47753030702434,67.79668060226648,37.71717855151186,14.608580522193268,2.975256786641115
110.95945293766765,68.05080366124334,38.138482732646345,14.54516163202498,3.2425502107768667
111.4740129602054,68.35777873914675,38.55799322129248,14.528209028695425,3.4980581479292683
112.02313565686273,68.71974587424417,38.97513892728849,14.560485920249736,3.7386416969533163
112.60836320726,69.13820404440862,39.38947154740218,14.644081114566674,3.961521292876003
113.23068876384816,69.61386504714179,39.80059756975327,14.780303291647934,4.164338824303357
113.8904030600862,70.14652137954256,40.20811138309348,14.96958810509409,4.3452129019176375
114.58696033062581,70.73493428373594,40.61153270934702,15.211422429605758,4.502785110849975
115.31886998110663,71.37674780216986,41.010251544206945,15.50428982997617,4.636255205259641
116.08361976029263,72.06843404509063,41.403483577959435,15.845640853492124,4.745403441628056
116.87763516415328,72.8052739145021,41.79023867281062,16.231891045163753,4.830598594785044
117.6962784685761,73.58137628193509,42.1693044029398,16.658448672920777,4.892790647039811
118.53388919653557,74.38973713006172,42.53924594221806,17.119773062940265,4.933487668466366
119.3838660500373,75.22233850916183,42.898422747989876,17.609463233343718,4.954716991541272
120.23878846780516,76.0702854135025,43.245021584556994,18.120375239365252,4.958971397017437
121.09057410916323,76.9239769456598,43.5771045120273,18.64476537469517,4.949141637847224
121.93066682050912,77.77330650908608,43.892669593948625,19.17445518546002,4.928437200568267
122.75024811803164,78.6078843485826,44.18972130897996,19.701013216815873,4.900297706268209
123.54046401315468,79.41727463264691,44.46634704076717,20.21594759181477,4.868297756789427
124.29265819201787,80.19123851216482,44.720795609456985,20.710902970281783,4.83604831239548
124.99860218973795,80.91997424561069,44.951553627727606,21.177855187803228,4.80709782806707
125.65071329880027,81.59434557467516,45.15741552764584,21.609296948242225,4.784836368733941
126.24225151328804,82.20609006094409,45.337543408638346,21.998408333530396,4.772405769933236
126.76748780172012,82.74800002118083,45.491513380963575,22.33920657759314,4.772618619430476
127.22183735917092,83.21406996817251,45.61934578761418,22.626670484525555,4.787888425265123
127.6019531302217,83.59960599774055,45.721517532655184,22.856835996916583,4.820172831337375
127.90577671880366,83.90129426770213,45.79895566946746,23.026860670383137,4.870931172860559
128.13254570184858,84.11722749119403,45.85301234844894,23.13505611148332,4.941097063391413
128.28275823347656,84.24689011462296,45.88542213174733,23.180888714901716,5.031066105846938
128.35809756535699,84.29110447633965,45.898243499447055,23.164950224104363,5.140698253320258
128.36132063103554,84.25194166574421,45.89378705348929,23.08890067927168,5.269333839294889
128.2961160807928,84.1326019615421,45.87453344071899,22.955387162171363,5.415821873381176
128.16693806482132,83.9372705808079,45.84304434673358,22.76794237008107,5.5785588738837
127.97882262587258,83.6709549980669,45.8018700535482,22.530867436522772,5.755536291277997
127.7371937809526,83.33931029809645,45.7534570155476,22.249103567853815,5.944394468927452
127.44766626903453,82.94845892945582,45.700058710136865,21.92809699831871,6.142481084448291
127.11585155925347,82.50481086590744,45.643652691024684,21.573661510360793,6.346912106692169
126.7471731054207,82.01488960984602,45.585866347926654,21.191842358789298,6.554633474517501
126.34669605918171,81.48516874278177,45.527913393872396,20.788784918961568,6.76248193636487
125.91897577927911,80.92192290250374,45.47054259682753,20.370610794439827,6.967243764396775
125.4679285591909,80.33109620257338,45.41399977926897,19.943303511254637,7.165710353473424
124.99672709430152,79.71819025943533,45.35800365548578,19.512605332596966,7.354730014201957
124.50772236735261,79.08817319931914,45.301735682568264,19.083926182042404,7.531255553227753
124.0023928799289,78.44541031437062,45.243843780393775,18.662265190385614,7.692387487937809
123.48132151797321,77.7936164467214,45.18245953362538,18.252144997690028,7.835412955025868
122.94419981771014,77.13582971048558,45.115228322574694,17.857558656709127,7.957840534519999
122.38985898984909,76.47440581402911,45.03935173098123,17.48192879684966,8.057431317940335
121.81632674923875,75.81103200772684,44.95164153330613,17.12807861250696,8.132226599636438
121.2209087609625,75.14675953739297,44.84858455422717,16.798214222912815,8.180572565578267
120.60029332353889,74.48205340647007,44.72641769865713,16.493917994709587,8.20114229829054
119.95067773423393,73.81685821320086,44.58121245118002,16.21615250192944,8.192955317037512
119.26791458963122,73.15067880346614,44.40896811961092,15.965274897531005,8.155394737672324
118.5476760387231,72.48267443780668,44.205713031034975,15.741061562219029,8.088221977332191
117.78563370359961,71.81176508745676,43.967612766312484,15.542742956979932,7.991588757234663
116.97765159975451,71.13674832902008,43.69108433140423,15.369048615025427,7.866045984916727
116.11998891890545,70.45642508723175,43.372914907201405,15.218262149810357,7.712548938474606
115.20950898749516,69.76973217442342,43.01038349621767,15.088286016665101,7.532458042752786
114.24389010034692,69.07587919693435,42.60138340346189,14.976715540687145,7.327534433433295
113.2218332791748,68.3744869551902,42.14454306573894,14.88092141426123,7.099929460832452
112.143261358121,67.66572397723375,41.63934230076569,14.79813948298996,6.852167300332837
111.00950320056837,66.95043732573335,41.08622061312276,14.72556619589759,6.58711991768327
109.82345635727815,66.2302733442597,40.48667380154369,14.660457619159978,6.307973788664053
108.58972114342195,65.50778360428484,39.84333479839543,14.600229433808325,6.018187993875432
107.31469899955631,64.78651102793165,39.16003447620906,14.542554893771795,5.721443596480981
106.0066481634299,64.07105104165979,38.44183811598684,14.485457351554702,5.42158455492583
104.67569016184902,63.367082708646315,37.69505338263698,14.427393705814087,5.122550810683399
103.33376146805678,62.681365131799815,36.92720602289282,14.367325026784194,4.828304605377666
101.99450587662159,62.02169504375122,36.146980109748654,14.304770704822875,4.542751500865309
100.67310472055294,61.39682241914375,35.36412051189665,14.239842768139377,4.269657975945076
99.38604396693043,60.816322154994324,34.5892963593668,14.173257539555939,4.012567828689191
98.15081942596578,60.29042134399626,33.833925583753086,14.106322545734242,3.7747198984230126
96.98558371816675,59.829783369735864,33.10996209225938,14.040897536053413,3.55896981238799
95.90874116723668,59.445251917896925,32.42964873209645,13.979329575867787,3.3677185390237896
94.9384993066201,59.14755994126597,31.805240843734154,13.92436339798939,3.2028504779000384
94.09238807713818,58.94701054179023,31.248706805142945,13.879029461353662,3.065683627821156
93.38675991897813,58.85313853381724,30.77141344472949,13.846513401817589,2.956934049751742
92.83628569390125,58.87436301995584,30.38380545736213,13.830011687273771,2.8766963888280643
92.4534625956709,59.01764254034904,30.095088909996655,13.83257922943422,2.8244416573090176
92.24815082201732,59.288145155415435,29.912929496783313,13.856975386966392,2.799032833278936
92.22715572215803,59.688946118681585,29.843176341529343,13.90551516189237,2.7987581302279785
92.39387136683948,60.22076554334559,29.88962181400567,13.979932404788665,2.8213810769447236
92.74800001839097,60.88175764717336,30.053807018068206,14.081261488514222,2.8642058543833255
93.28535985144892,61.667361791595376,30.334881344223987,14.209743193985567,2.924155704884073
93.99779057393529,62.570223661725684,30.72952280516978,14.364759508989732,2.9978616948568537
94.87316343932773,63.58019264427932,31.23192386335821,14.544800729398442,3.081758704753803
95.89549866867216,64.68439885556874,31.83384520908311,14.74746674789099,3.1721852621579414
97.04518967532523,65.86741047643547,32.52473756500489,14.969502808593965,3.26548373817745
98.29932987573935,67.11146920041467,33.29192919510608,15.206868394099981,3.35809749707938
99.6321344411679,68.39679883271948,34.12087449918333,15.454836391064278,3.4466618171059498
101.01544624994642,69.70197952070781,34.99545698665745,15.708118341482898,3.528085770130869
102.41931266736148,71.00437786589916,35.898338139384066,15.96101050439575,3.5996227345987695
103.81261770962438,72.28062135566641,36.81134226549812,16.207554683591404,3.6589277892673815
105.16375270506,73.5071042246,37.71586646399803,16.44170735475303,3.7041008600057483
106.44130777745113,74.66051104650275,38.5933042853783,16.65751055999363,3.7337151322692925
107.61476633539742,75.71834407298249,39.42547158358737,16.849258314643077,3.7468308628830473
108.6551852161716,76.65944055014535,40.19502338120866,17.011652854567366,3.7429952946559792
109.53584413332108,77.46446691264057,40.885851264779895,17.139945888359478,3.7222298693981157
110.23284952318461,78.11637780642691,41.48345182664218,17.230061040453087,3.6850063287519514
110.72567967175927,78.60082924692394,41.97525789959843,17.278694803913158,3.6322135746421482
110.99766001931842,78.9065367897586,42.3509257126448,17.28339448862537,3.5651173262001805
111.03635967700029,79.02557128893905,42.602572553129775,17.24261277834501,3.485314658897461
110.83390234708689,78.95358655945175,42.72496098222575,17.155739532937613,3.394685451828179
110.38718693094215,78.6899749759452,42.715627056233146,17.023112336025772,3.295342613432646
109.69801506797982,78.23794866842236,42.57495130886784,16.84600795310631,3.1895827213248125
108.77312462875913,77.60454547813625,42.30617241704946,16.62661730645613,3.0798384179104
107.624129759987,76.80056018765112,41.915344487766745,16.368006782022004,2.9686335712222656
106.2673694441404,75.84040273028072,41.41123976376235,16.074068666332316,2.858541861161912
104.7236677052571,74.74188612247345,40.805199261135265,15.74946328828834,2.7521491056186393
103.01800959382011,73.52594776670523,40.11093444270852,15.399555043134736,2.652019317573129
101.17913795695807,72.21630856899267,39.344283524392885,15.030343944845935,2.560664199800506
99.23907679067166,70.83907503564592,38.52292643863273,14.648393736048455,2.480515551889331
97.23258772474163,69.42229019025793,37.666062870409526,14.26075693280406,2.413899895611256
95.19656695063071,67.99543981267568,36.794058165147256,13.874896547709415,2.363014526530737
93.16939070194177,66.58892116857099,35.92806230624617,13.498603670146773,2.3299041760641446
91.19021825743603,65.23348208337835,35.08960758660856,13.139909634719357,2.3164375194730185
89.2982623647923,63.95963891849472,34.30019105731755,12.806991219509722,2.324282888571732
87.53203796877307,62.797082718921516,33.58084832076628,12.508067218233421,2.3548827369274443
85.92860114245957,61.77408349578245,32.95172572756024,12.251284847983996,2.4094266504275454
84.52279112012955,60.91690324878867,32.431658509125775,12.044594798581333,2.488822984568677
83.34648925600328,60.249228877915904,32.037762795717406,11.895614298799712,2.5936695261123326
82.42790951380742,59.791636529046144,31.78504979110996,11.811478352869408,2.7242239028473625
81.7909356501954,59.56109911103342,31.686070556422344,11.798680256705929,2.8803747812098264
81.45452051080902,59.57054865865102,31.75059985221488,11.862903591729598,3.061615176441536
81.43216273518466,59.82850484953805,31.985367259844057,12.008849055662537,3.2670194326492856
81.73147559939112,60.33878027535938,32.39384331664161,12.240060653418073,3.4952255903678626
82.35386166205537,61.10027199269272,32.97608763143531,12.558756857578693,3.7444249290580984
83.29430528949364,62.106847428566134,33.7286648865547,12.96567327286177,4.012360437001986
84.54129301273379,63.34733089821624,34.6446332836943,13.459924018708069,4.296335811773818
86.07686903453042,64.80559483719414,35.713608373675854,14.038889401181269,4.593236327446254
87.87683010810942,66.46075740457505,36.92190336030323,14.6981374145327,4.899562523497528
89.91106053014413,68.28748544552313,38.25274493796831,15.431386147269187,5.211477186180986
92.14400423365629,70.25639899286921,39.686561577483836,16.230513244475873,5.524865524699642
94.5352670604253,72.33457063505594,41.20133899287379,17.085617202948928,5.835407817918579
97.04033838262933,74.48611028713636,42.77303539033023,17.985133484864477,6.13866315468665
99.61141748620354,76.67282328230209,44.37604711104538,18.91600629741162,6.4301622488018095
102.19832668278386,78.85492736233688,45.9837135242561,19.86391449795021,6.705506717259432
104.74949013665642,80.9918121887526,47.56884859333427,20.813547570106913,6.960471706557758
107.21295501687563,83.0428235121876,49.1042855041239,21.74892511743806,7.191108372467418
109.53742992938281,84.96805319883501,50.56342017446175,22.653750988966557,7.393842494177095
111.67331473615526,86.72911596997538,51.92073940095,23.511791134937543,7.565565456334002
113.5736958792719,88.2898939894766,53.15231986447744,24.307262729188654,7.703713974315886
115.19528220847904,89.61723133153234,54.23628520429686,25.025221100929542,7.806335269675799
116.49925803146925,90.68156184533032,55.153209848740744,25.65193067501977,7.87213491264346
117.45203259603967,91.4574559448146,55.88646019836771,26.17520646719037,7.90050521369609
118.02586836522288,91.92407430486453,56.42246600867235,26.584713715599836,7.89153283299925
118.19937412175463,92.06551923322472,56.75091730704952,26.872214903434873,7.8459851431349
117.95785297550961,91.87107748834282,56.864884779470906,27.031755646949605,7.765275779679793
117.2934995719458,91.33535139643578,56.7608641446991,27.059783560711374,7.6514106963069475
116.20544503388378,90.4582781559511,56.43874746615683,26.95519711105138,7.506916857782465
114.69965224377354,89.24504008109884,55.90172651061814,26.71932445819156,7.334756411617702
112.78866783806197,87.70587112087377,55.15613504275346,26.355835192723013,7.138229740741515
110.4912406151801,85.85576721055962,54.2112382640283,25.87059052827977,6.920871188613722
107.83181886335203,83.71410981092279,53.078978413192154,25.271439776195685,6.68634144917754
104.83994134028218,81.30421333798289,51.7736858279494,24.567972687558797,6.438320623223819
101.54953826843499,78.65280808595153,50.31176454385466,23.77123842930022,6.180405767913337
97.99815976763377,75.78947072901124,48.71136083222807,22.893442531088674,5.9160164255172525
94.2261496829705,72.74601461018133,46.99202203994771,21.94763310771041,5.648311137539068
90.27578285651312,69.55585186236239,45.174351800795634,20.947387074447054,5.380117364052139
86.19038362754614,66.25333904376836,43.279666267323876,19.90650601027905,5.113876571620204
82.0134428254279,62.87311749626879,41.329654597500785,18.838729889452225,4.851605563697194
77.78774983525847,59.44945913417261,39.34604565208096,17.757475215148723,4.594874440442457
73.55455555039913,56.015627912932686,37.35028183421148,16.675602274382623,4.344800922224754
69.35278123837135,52.60326686252272,35.3632003279559,15.605214412005884,4.102060179217409
65.21828757308101,49.24182032444075,33.40472173376901,14.55749050364793,3.866908798603446
61.18321733332744,45.95800090239252,31.493546288471617,13.542550284651606,3.6392211045444176
57.27542451269744,42.775310594462475,29.646858489200515,12.56935093478292,3.4185357312560414
53.5180017798416,39.71362556229683,27.880041970883518,11.645612372679768,3.2041101374961043
49.92891729915496,36.78885393134981,26.20640783398482,10.777768101189478,2.9949806379104125
46.520770783135184,34.01267581001139,24.636941169860567,9.970938163382513,2.7900255058374936
43.300677205667085,31.392374260158775,23.180072144928186,9.228920797196393,2.588028763889309
40.27028477019147,28.93076514338761,21.841479523637208,8.554199675665167,2.3877424123904074
37.42593142233531,26.626232511982135,20.623935767142974,7.947964138092335,2.187945041003305
34.75894137229578,24.472874437815307,19.527203675394627,7.410140495321328,1.9874950157109605
32.256059732220066,22.460761831757047,18.54799479503533,6.939433264750732,1.7853767229475141
29.900019505720735,20.576309895066473,17.679999370190117,6.533375992065352,1.5807386773463068
27.67023086795446,18.802758401947088,16.913996381458748,6.1883920826913466,1.372922652383027
25.54357807580353,17.120753127710756,16.238050161532918,5.899866736816095,1.1614833674356069
23.495304631370928,15.509016549151625,15.637797210917693,5.662231603623982,0.9461986532561761
21.499962718474492,13.945091640265394,15.0968232425636,5.469064097119867,0.72707041205643
19.53239870924974,12.40613839632772,14.597126300867508,5.313203410585542,0.5043170778622574
17.56874298834688,10.869758902261694,14.119657229655946,5.18688510290395,0.2783586545549859
15.587369762982746,9.314823592607992,13.644924059024245,5.0818956931175165,0.04979574757381455
13.569791199547963,7.7222691031506265,13.153642335819033,4.989747988486469,-0.1806157071481358
11.501450392861898,6.075837037745061,12.627409353162381,4.901876899623566,-0.41199209596193653
9.372379509823002,4.36272327221922,12.049376958081936,4.809854293870677,-0.6433501128239757
7.177693046216875,2.5741092278791746,11.404895427623503,4.705620051945395,-0.8736330067838061
4.9178914804752365,0.7055499226280899,10.682100049797913,4.581724987470091,-1.1017331207944738
2.5989575715642075,-1.2428014982922813,9.872412702031928,4.431579745406706,-1.326508979192607
0.23223588011939755,-3.2661467895857297,8.970932970702574,4.249702309378117,-1.5467955380764216
-2.1659045715923995,-5.355179859248011,7.976697179230206,4.031955425995135,-1.761406688903345
-4.574614706785777,-7.496406789296515,6.892788955017341,3.7757642088549535,-1.9691296810592087
-6.96929718868231,-9.67263870977455,5.726291423161342,3.480303526677195,-2.1687117736104873
-9.322496603974502,-11.863639305812153,4.488078425283948,3.146644610282881,-2.358840100281481
-11.604910857034278,-14.046901075371954,3.1924499063280742,2.7778507142544506,-2.5381163880271402
-13.786480084698985,-16.198517912235353,1.856624324437906,2.3790126956945024,-2.70502875754623
-15.837505000329077,-18.294116583540934,0.5001081396780158,1.9572170428902553,-2.85792330286805
-17.729744607020827,-20.309806533009727,-0.8560313293658499,1.5214411764777123,-2.9949784505079347
-19.43744385498805,-22.223106382331544,-2.1899585222460995,1.082373683971539,-3.1141851995430208
-20.938245063090005,-24.01380660230746,-3.4798933668432896,0.6521604175198741,-3.2133362186174326
-22.213942615950184,-25.664731019331334,-4.704930422375555,0.24408092373266133,-3.290026417293946
-23.251048264743982,-27.162364913058713,-5.845818316284135,-0.12783671237605176,-3.3416670289079446
-24.04114384522518,-28.49732412949091,-6.8856667924087605,-0.4492510587148075,-3.3655144706408398
-24.58100882409051,-29.66464746879077,-7.8105527883211545,-0.7059779149711378,-3.358714331858498
-24.872521177766505,-30.66390313685011,-8.610002429649251,-0.8844791231768498,-3.3183598459790495
-24.922341064556683,-31.499108777812594,-9.277332296598374,-0.9723507258845583,-3.241563195808443
-24.74139696823679,-32.178473047187694,-9.809840364139307,-0.958790786592246,-3.125537062523426
-24.344202932039188,-32.71397440252117,-10.20884421091169,-0.8350274027859159,-2.9676830265706813
-23.748042727356523,-33.12079941245099,-10.479571019595358,-0.5946886977441288,-2.7656828277909877
-22.972061990849323,-33.41666813630567,-10.630910186229166,-0.23409882509404856,-2.517588140432143
-22.036312325081504,-33.621077824232025,-10.67504471766798,0.24751285737113538,-2.2219044456929202
-20.96079202842021,-33.75449824956379,-10.626981805911889,0.8478984699274577,-1.8776647977513687
-19.76452655715344,-33.83755241889723,-10.504005892839078,1.5617788884538406,-1.484489764372832
-18.46472818947192,-33.890215296828394,-10.325079131579688,2.380931861761793,-1.0426305448822415
-17.07606890667398,-33.93106067821822,-10.1102144416508,3.2943767807926236,-0.5529931736853926
-15.610093547890841,-33.97658263138301,-9.879845440022933,4.288647803827856,-0.017142740964590786
-14.074792194780901,-34.040613238342885,-9.654215556638537,5.348143492467745,0.5627123691783504
-12.474341897245681,-34.1338529049029,-9.452805793468112,6.455538311548118,1.1837551829286936
-10.809018673882486,-34.26352354066189,-9.293817065020614,7.59223942460928,1.8426118010374348
-9.07527163359885,-34.43314865388306,-9.193719077659082,8.738871242924715,2.535417255869402
-7.265942490762936,-34.64245810457755,-9.166873475509163,9.875770162377968,3.257892211170553
-5.370606103326066,-34.88740914814529,-9.225234703150619,10.98347278815034,4.005426802692171
-3.376001357183509,-35.16030972275101,-9.37812789647758,12.043182587565578,4.773167807940722
-1.2665171343955919,-35.450024934504434,-9.632099283280466,13.037202169416094,5.556105459157795
0.9753044137052411,-35.74224363139213,-9.990831207031917,13.949321078206516,6.349156553396344
3.368285220343892,-36.019779090061355,-10.455111116549993,14.765151915119965,7.147241032655058
5.932184787473394,-36.26287642543512,-11.022841809279733,15.472410556417994,7.945349861459664
8.687360181708753,-36.44949960995037,-11.68907897841161,16.061139050853726,8.738602769349017
11.654535131161985,-36.55557315667508,-12.44608177716978,16.523872281754425,9.522295199760562
14.854690538845297,-36.555157714069374,-13.283362739458257,16.855751550539615,10.291934564560474
18.309076354842837,-36.42054508107642,-14.187725020987346,17.054589787757877,11.043266598987572
22.039330867041194,-36.122266395682615,-15.143277553150023,17.120894075554517,11.772293205709913
26.06767888444911,-35.629017239383664,-16.13142229706385,17.057851560577284,12.475283637820244
30.417166004703958,-34.90751471699923,-17.130812261725712,16.871284673049175,13.148781176805073
35.111873351000725,-33.92231360683541,-18.117284163731348,16.569580901878094,13.789607600147395
40.17704711219363,-32.63562063088607,-19.063775345221792,16.163601289231472,14.394867700954944
45.63907122367724,-31.007156799511378,-19.940240547769125,15.666570403724553,14.96195592443679
51.525210799945974,-28.994126544910106,-20.713590005437045,15.09394894700783,15.488566836989003
57.86305947572425,-26.551357819251354,-21.34767564426009,14.463288471539354,15.972710664273917
64.67963628966758,-23.63167837618385,-21.80335647676472,13.794066069423968,16.412734552575348
72.00009733744923,-20.186589101467213,-22.038677044813173,13.107495464504055,16.80734955582156
79.84605372841808,-16.167284799673173,-22.00919347782374,12.426309827626737,17.155662666103403
88.23351934016164,-11.526055960325417,-21.66847992360383,11.774510952545018,17.457212528220246
97.17054772941137,-6.218081904815673,-20.968843394761926,11.17707927501412,17.712006850011445
106.65465493140897,-0.2035971308945438,-19.86226721977164,10.659639665983686,17.920558980746247
116.67016083492949,6.549619966024429,-18.301592259718532,10.248079028691421,18.083920717959128
127.18561308564607,14.063521479630301,-16.241931063241363,9.968113492278576,18.20370815246406
138.15148068900717,22.346947101013665,-13.642293680825407,9.844805395017037,18.282117298561243
149.49831652334785,31.39281421349328,-10.467385741316766,9.902033218524616,18.32192639916922
161.13558626319062,41.17551531357162,-6.6895206914664005,10.161921054417652,18.326482150140105
172.9513440707572,51.648711615467874,-2.2905701403134024,10.644237894955243,18.299667648019334
184.81290233153246,62.74371410548668,2.736139470732186,11.365780835203394,18.24585061120904
196.5685945476274,74.36863179890379,8.384087579199658,12.339759917055176,18.169811322674633
208.0506695669068,86.40844071632911,14.632087953915253,13.5752055723352,18.076650747533606
219.0792853022645,98.7260865579742,21.443195364216177,15.076422162111232,17.971680335520873
229.46749582976307,111.16468095064775,28.764093630972592,16.842512701087347,17.860296064059142
239.02705288811805,123.55078850179336,36.52505310086829,18.867000269078645,17.747840247313054
247.57477729221867,135.69873386695642,44.640522869636904,21.13757066731054,17.63945546689559
254.93920333956413,147.41578958945487,53.010393651387126,23.635958468692515,17.5399356141804
260.967164846919,158.50804197395956,61.521932579906824,26.337994719735377,17.45357942697711
265.5299786003693,168.78667899273995,70.05235353952514,29.21382925875734,17.3840520240856
268.5288916056195,178.07440587996535,78.47194839745751,32.2283341060863,17.334259776973962
269.8994924890593,186.2116742555911,86.64766852235061,35.34168694322561,17.30624341432485
269.6148426149295,193.06241148488226,94.44701499951069,38.510125703443684,17.30109355671473
267.68715499105343,198.51895896208688,101.74207251147465,41.686857186834715,17.318891966019546
264.16793338446354,202.50596976158138,108.41350796517567,44.823094868022785,17.35868072134435
259.14657382561865,204.98307460158898,114.35435193382712,47.86919416871408,17.418460363406822
252.74751904011038,205.94619588931522,119.47338931911523,50.775847873580396,17.495216849521274
245.12613676683898,205.42746735719822,123.69800489791962,53.49530046319888,17.58497599793913
236.4635597173009,203.49379558862478,126.976358289909,55.98253821067474,17.682883034168086
226.96077376182464,200.24417378192243,129.27879929537139,58.196412104976844,17.78330393467904
216.83226913244732,195.80592223438208,130.59847585816212,60.100653051817,17.87994453485743
206.29957616826977,190.33008010906252,130.95113012436954,61.664743247491494,17.96598285453528
195.58499333861133,183.9862063006099,130.37412014686473,62.86461387274248,18.034209808664606
184.90578346882734,176.95686238450546,128.92474288510965,63.68314694535649,18.07717341255013
174.46906798656667,169.43204797829478,126.67796586304326,64.11046784519897,18.08732174921673
164.4675931043263,161.60383999573284,123.72369839040198,64.14402417121691,18.05714032056459
155.07648096845293,153.6614549731435,120.16374757224342,63.78845567647996,17.97927992688719
146.45101760446565,145.78691138785715,116.10860914319198,63.055268544631666,17.846671879656313
138.72547211476885,138.15142054462567,111.67423891139525,61.962334764838026,17.652628116465582
132.01289135876831,130.91258405309986,106.97893835197975,60.53324346274721,17.390924620297344
126.40577358991763,124.21242670708328,102.14046919552452,58.79653548855447,17.05586741409875
121.97749449975431,118.17624867067288,97.2734885552534,56.7848552042832,16.642341273767343
118.78434006399162,112.9122424932825,92.48737018213507,54.534054225440464,16.14584214782071
116.86799184212673,108.51179000503056,87.8844507269347,52.08228094504231,15.562495062304588
116.25831057911215,105.05033216171685,83.5587141193417,49.469087187022275,14.889059999357805
116.97627122937722,102.58869125926815,79.59490373899645,46.73457956535696,14.12292884421526
119.03691473200858,101.17471887023633,76.06803197855659,43.91863838252496,13.262116977693797
122.452196813512,100.84514319088566,73.04324072785504,41.060221531369535,12.305253431198537
127.23362970717878,101.6274947978165,70.57595451871444,38.19676521602842,11.251573703319767
133.3946271553357,103.54199859174285,68.71226052358818,35.36368770848636,10.100919347886311
140.9524749877561,106.60333052163385,67.48944601125064,32.59399709772533,8.853748272135501
149.92985799625185,110.82214930376816,66.93662377261975,29.917999307010124,7.511159322195152
160.35587831566946,116.20632483823417,67.07537889158857,27.363098730578503,6.074934175889097
172.26650118107096,122.76179579280551,67.9203754818891,24.953680789919613,4.547598807595668
185.70436141674668,130.4929986624752,69.47986911295385,22.711063586642954,2.932505837991851
200.7178595289399,139.40281969136836,71.75607915795565,20.653504631948024,1.233937939254794
217.35947154905446,149.49202988012038,74.7453848730938,18.796248312071484,-0.5427688537498234
235.6831940172547,160.75817271052557,78.43831942651296,17.151600216316474,-2.391084552960713
255.7410473209625,173.19388523471807,82.81934720475773,15.729015593196042,-4.303131577327174
277.57856990559293,186.78464695435176,87.86642147398649,14.535190877290644,-6.2695239797441715
301.2292556553803,201.5059686117706,93.55033183736931,13.574149304044653,-8.279207166837466
326.70791985483015,217.3200556426266,99.83386387419769,12.84731396260071,-10.31930739690928
354.0030279708588,234.17200930574336,106.67080677651654,12.353564097469853,-12.375001857061768
383.0680875650364,251.98566264216822,114.0048585149566,12.089272941670519,-14.429421383459545
413.812287169877,270.6591880017723,121.768491717857,12.048327747857055,-16.463598775299605
446.09066539162546,290.06065668620283,129.8818565084921,12.222134899373694,-18.456476030649778
479.6942050925783,310.0237771395218,138.25180829336674,12.599614968241745,-20.384983566625078
514.3403650124895,330.3440829403957,146.7711580242087,13.167194295981716,-22.224203452169636
549.6646757339967,350.7758815361154,155.31824871071305,13.90880107314238,-23.94762677551524
585.214127123478,371.03030434193863,163.75696379445296,14.805874959793643,-25.527512423323497
620.4431469450008,390.77481313907384,171.93726926294408,15.83740000108958,-26.93535074945172
654.7130008232845,409.63451119717206,179.69638106073933,16.979970926880647,-28.142430909479696
687.295417907899,427.195575265039,186.8606316691313,18.20790285515536,-29.120505161780088
717.3811521191956,443.01106270357667,193.24808430105364,19.49339391170973,-29.842537401292255
744.0940171445317,456.6092546107472,198.67191014993193,20.8067492928813,-30.283516897629635
766.510681491789,467.5045713544056,202.94450434351646,22.116673791898194,-30.421312031183554
783.6861823893946,475.21094507956605,205.88227120674583,23.39063774475803,-30.237533195166325
794.6847272691228,479.2573614441953,207.31096138064035,24.59531870560411,-29.71836942606495
798.614921169553,479.2051003581741,207.07139519228377,25.697117938723185,-28.85536020414607
794.6681183279416,474.66602608652516,205.02536185992855,26.66274705918809,-27.646062648794057
782.1581838890622,465.3211160697222,201.06144637704745,27.459875964078876,-26.094575350162707
760.5606082505739,450.93829142254754,195.1005089758981,28.057828729517936,-24.211883526623826
729.5486831444499,431.3885358298069,187.10052930071194,28.428309628268686,-22.0159961069049
689.0243614440703,406.65927658039044,177.06053148439304,28.546137130945784,-19.53185354594741
639.1415087279347,376.86406075837124,165.02332882506494,28.389960019972484,-16.790995335296298
580.3195269063758,342.2476945132963,151.07686796888765,27.942926922128457,-13.830987716920793
513.2457848855039,303.186220590366,135.3540111815481,27.193278998976563,-10.694624353473671
438.86590604450555,260.1813786135723,118.03066864198131,26.134835528031715,-7.428924843341025
358.3616971498872,213.84950703021326,99.32227649425481,24.767343883974327,-4.083967150220177
273.11730310353494,164.90518271796958,79.4787052640882,23.096669095770558,-0.7115994321578585
184.67497132357906,114.14022802214271,58.77777105502624,21.13480367656624,2.6359163019239262
94.68253953980987,62.39901828350538,37.51760232587416,18.89968560527436,5.907272341658339
4.835355818739601,10.551270153936773,16.008181993297086,16.4148208310625,9.053438237841549
-83.18425509498287,-40.53633918226282,-5.437567022360227,13.708715984239344,12.028884323242849
-167.76668741959898,-90.02829421525274,-26.512758621765425,10.814136513805066,14.792657428686745
-247.43068692551495,-137.1466985470239,-46.925186762738065,7.767214580846116,17.309269025625866
-320.8719998186122,-181.19477974739902,-66.40526172206893,4.606439065932061,19.54936667184424
-387.0026303805901,-221.5763584226798,-84.71291102796006,1.3715664062776023,21.490171545213226
-444.9789736729016,-257.8104710060609,-101.6431805612139,-1.8975048102016325,23.11567716915288
-494.217862636467,-289.54065304981117,-117.03034897715364,-5.161850814118092,24.416616321955825
-534.4003729202045,-316.5387251272124,-130.75045413278139,-8.384587333686811,25.390213823168466
-565.4639962171839,-338.7032501050875,-142.72221734688262,-11.531841453309983,26.03975178838107
-587.5844637861313,-356.053124151747,-152.90643402323474,-14.573595665849084,26.37398060713897
-601.1490293124832,-368.71700456547,-161.30397210229793,-17.484376458818183,26.40641309894918
-606.7233742492458,-376.91945158869885,-167.95257877939082,-20.243768321522264,26.15454101490904
-605.0144675334186,-380.9647619111299,-172.9227381404897,-22.836743199422884,25.639012436726272
-596.8317010430377,-381.21949850241475,-176.312846535432,-25.253804515046028,24.882805990563845
-583.0484534718443,-378.0946808224226,-178.24397882056942,-27.49095332715278,23.910433556180877
-564.5659409086923,-372.02850226851143,-178.85450854899224,-29.549491508091176,22.747197786978138
-542.2808315095465,-363.4703021299866,-178.29482128678245,-31.435682605123297,21.418524750749224
-517.0576754792829,-352.866353062024,-176.72232570657374,-33.160295082552494,19.94938581279094
-489.7067691872319,-340.647847797316,-174.29692551805286,-34.738054835901764,18.363816911147698
-460.96766712526636,-327.2212946334821,-171.1770702122632,-36.18703428764343,16.684537935496863
-431.498203289569,-312.961371813703,-167.51645731933326,-37.52800419861177,14.932670242366765
-401.86860128562125,-298.2061547916268,-163.46141621026996,-38.78377183711381,13.127546553732945
-372.5600480574368,-283.2545227597298,-159.14896558238348,-39.97852567764264,11.28660464278439
-343.9669797582065,-268.3654737819109,-154.7055051322762,-41.13720272082569,9.425354287689048
-316.40227366292146,-253.7590307259764,-150.24607733636083,-42.284890201822904,7.557405894742397
-290.10454639956833,-239.61840011939452,-145.8741179104848,-43.44626922416753,5.694548842458497
-265.24681274768426,-226.09304876671175,-141.6816030865672,-44.645104010367305,3.8468678437925874
-241.94584655200174,-213.30238338949604,-137.74949763033325,-45.90377722855328,2.022886324884208
-220.27169222184017,-201.3397514030576,-134.14840859630277,-47.24286939651969,0.22972684149320166
-200.25688975387285,-190.27652124044275,-130.93935512900242,-48.68077877115405,-1.5267202212525222
-181.90508842256207,-180.16604402267816,-128.17457312484433,-50.23337742583792,-3.241627094978197
-165.19882698606574,-171.04734135615237,-125.8982843009758,-51.913699363580406,-4.911064303201932
-150.10634675526077,-162.94840405595116,-124.14737134742579,-53.731657419645316,-6.531846341056589
-136.58737577147602,-155.88902202137987,-122.95191370686645,-55.69378724175294,-8.10139090672093
-124.59787715837206,-149.88309554415804,-122.33555164470538,-57.803018633124445,-9.617594107649511
-114.09379345713761,-144.9404029365754,-122.31565931074812,-60.058476815299436,-11.078723058457298
-105.03384345291803,-141.06781899789988,-122.90332024785585,-62.45531851192667,-12.483326404048334
-97.38144130354036,-138.2699943406053,-124.1031111529574,-64.98460996571028,-13.830162541422236
-91.10581260801186,-136.54951803382264,-125.91271155946241,-67.63325587753438,-15.118144674290207
-86.18238131418326,-135.90659651292492,-128.3223683973964,-70.38398961291566,-16.346301313367064
-82.59249776267174,-136.33829130684663,-131.31425495861174,-73.21543569317089,-17.513750429669496
-80.32257404263324,-137.8373677276897,-134.86177342768335,-76.10225544648068,-18.61968517683882
-79.36269009023887,-140.3908168663925,-138.9288585120671,-79.01538564828941,-19.66336892040361
-79.70473398236604,-143.97812433278415,-143.46934639101335,-81.92237799170168,-20.644137245646128
-81.3401435180975,-148.56937109059714,-148.42647768531387,-84.78784431356203,-21.561404658570137
-84.25732374053047,-154.12326400948248,-153.73260485671995,-87.57400873842252,-22.41467384100552
-88.43882628492447,-160.58520556229666,-159.30917279952277,-90.24136343077676,-23.20354556212643
-93.85839057163389,-167.8855222921544,-165.06703587140765,-92.74941966611819,-23.927727671210953
-100.47796263100973,-175.9379788747744,-170.90716484848173,-95.05754069767066,-24.58704198232
-108.2448230688964,-184.63870729459057,-176.72178312013648,-97.12583770465778,-25.181428288328767
-117.08896935130478,-193.86567734156486,-182.39595299498495,-98.91610528332959,-25.710945183545636
-126.92090701682324,-203.47882400683653,-187.80961075181446,-100.39276881463343,-26.175767803034333
-137.63000741637498,-213.32092846019128,-192.84002390546192,-101.52381292849567,-26.57618297452613
-149.08358412652487,-223.2193217208451,-197.3646173151304,-102.281658461689,-26.912582599114685
-161.12682469659484,-232.9884441671104,-201.2640878302898,-102.64395499008391,-27.185456307434997
-173.58368792436085,-242.43325075110917,-204.42570198911366,-102.59425734052009,-27.39538456236424
-186.25883930599366,-251.35340311439668,-206.74664982508642,-102.12255748847686,-27.54303338863116
-198.94064956307182,-259.5481384628374,-208.13731203321964,-101.2256478538767,-27.629151803777823
-211.40522517265765,-266.82165444693646,-208.52428931691838,-99.90729803868054,-27.654572812190985
-223.42137862115214,-272.98880324336403,-207.85304299942686,-98.17823422479778,-27.620218521211658
-234.75638358378723,-277.88085051834963,-206.09000569445416,-96.05591840142084,-27.52710956953196
-245.18230097004403,-281.3510297208241,-203.22404005192024,-93.56413288650495,-27.376378652308265
-254.48261064048648,-283.27961233450964,-199.2671516284303,-90.7323837830348,-27.16928751670402
-262.4588453248812,-283.57822246070685,-194.2543973202843,-87.59514460108804,-26.90724641834862
-268.936901977127,-282.1931502627553,-188.2429714002421,-84.19096784773024,-26.59183470373513
-273.7727045406129,-279.107462742109,-181.3104943498047,-80.56149756841432,-26.224820941686055
-276.8569124549931,-274.34176984287734,-173.55257239317416,-76.75041933569287,-25.808180888131815
-278.11841106103884,-267.95357534690936,-165.07973487515684,-72.80238585315999,-25.34411154431972
-277.5263813529779,-260.03522057269845,-156.01388955224294,-68.76195612379598,-24.835039662568764
-275.0908235115326,-250.71050887060227,-146.48446012195473,-64.67258409237579,-24.283623260795768
-270.86149604019874,-240.13017434916395,-136.6243842211052,-60.57568899334241,-23.692745014483965
-264.9253237648045,-228.4664234517371,-126.56615283162773,-56.50983459580063,-23.065496783201343
-257.4024165781533,-215.90682799166402,-116.43806359363406,-52.510038484544594,-22.405154973871234
-248.44091988325758,-202.64787936399358,-106.3608418662245,-48.607225842418124,-21.715146917351948
-238.2109812389754,-188.88852379523908,-96.4447561935338,-44.827835310614276,-20.999008910000935
-226.89816109513927,-174.82398736161574,-86.78732141580403,-41.193577790859074,-20.260337020207277
-214.6966358256895,-160.64016856777113,-77.47164566858955,-37.72134286748782,-19.502732156483187
-201.8025376279755,-146.50882859409444,-68.56543971102728,-34.423242158393876,-18.72974121793737
-188.4077493847008,-132.58374921062608,-60.120671062575425,-31.30677456711163,-17.944796384427494
-174.69442627381147,-118.99796094797823,-52.17381361028188,-28.375095237422567,-17.15115474299473
-160.83045426323028,-105.86207484042163,-44.74661746974383,-25.627368057775286,-16.351840486015618
-146.96598417035764,-93.263685137278,-37.847305122979265,-23.0591807992512,-15.549591857408785
-133.23110469494983,-81.26775237974928,-31.472088743964015,-20.663002304417155,-14.746814873849749
-119.73464463826636,-69.91782971010203,-25.606900059410833,-18.428662428223927,-13.945545620026703
-106.56402866666014,-59.23796252529478,-20.22922743263501,-16.343837480920712,-13.147422625081427
-93.78605668760248,-49.23507358554726,-15.309964027006615,-14.394526529121963,-12.353670487608946
-81.44843708089746,-39.90164213821615,-10.81518453974596,-12.565506859706542,-11.565095545208386
-69.58188011710708,-31.21849510225025,-6.707784593368907,-10.840759993134116,-10.782093996940697
-58.20254992040374,-23.157548598757934,-2.948934925817902,-9.203862656083295,-10.004672496689706
-47.3146800417054,-15.684366266451667,0.5006793582529756,-7.638339921444787,-9.232480853528696
-36.913176828924925,-8.760433776395459,3.6798472076125694,-6.1279801612293285,-8.464856110399555
-26.986063341945382,-2.3450837134270435,6.626045481993491,-4.657113433753705,-7.700876930969531
-17.516651227451973,3.60296122944148,9.37486371833629,-3.2108563749932744,-6.9394269107678355
-8.485365375762841,9.124428265961376,11.959616002299525,-1.7753275544818523,-6.179265145715204
0.1288167890190488,14.258693661360462,14.411109974158144,-0.33783759092604715,-5.41910214160557
8.34731553117578,19.043297302989743,16.757539806216872,1.1129418657938022,-4.6576789350295265
16.19126374018062,23.513715779547816,19.02446947107032,2.586826832068727,-3.8938471237750942
23.681139251190558,27.70333013672621,21.23487435926618,4.091984947738173,-3.1266473785953126
30.836651761898953,31.64352330630379,23.409212818326225,5.634813588874367,-2.3553839358173896
37.676813220618996,35.36384590348107,25.565503969084133,7.219832513967925,-1.5796925605340255
44.220118856674794,38.89219658204203,27.719393721356198,8.849592945557108,-0.7995995329522638
50.48477006903204,42.254973278465904,29.884196812531968,10.524606428344041,-0.015569355734965207
56.48887903025958,45.47716333489729,32.070908542316936,12.243298033232236,0.7714608835869332
62.25060681201873,48.58235263653128,34.288185355545345,14.001989377916722,1.5600622280562018
67.78820078671085,51.592645653661116,36.5422982840709,15.794917407477547,2.348310946315606
73.11991177424692,54.52849894773614,38.83706731727971,17.614294844009027,3.133802783891888
78.26378579500386,57.40847978216004,41.17378790903673,19.450417622500872,3.9136845397610394
83.23733846263667,60.248968655478095,43.55116298045937,21.29182346523554,4.684702465884041
88.05713131895301,63.06382969598721,45.96525492106269,23.125504031686017,5.443266278995652
92.73827830803867,65.86407591008593,48.409472240536815,24.937170878873953,6.185526862097207
97.29391684080636,68.65755735713961,50.874604724643746,26.71157288227638,6.9074650570518425
101.73468142531404,71.44869960391537,53.348919271199115,28.432859940487518,7.604988351899973
106.06821869324455,74.23831751433298,55.81832611691984,30.084984889102046,8.274031789840883
110.29878101812571,77.02352580520729,58.266622023575046,31.652132772477714,8.910659110997797
114.4269320647786,79.79776310615462,60.67581330160971,33.11916416617664,9.511160016082139
118.44939186433855,82.55094076184909,63.026517459140635,34.47205730190931,10.07213953558967
122.3590417503136,85.26972156170686,65.29843794062843,35.69833249331845,10.590595808564611
126.14510112118617,87.93792722354229,67.47090204735053,36.787441931380414,11.063983115115104
129.79347893306803,90.53706703687422,69.52344791189306,37.731108399746866,11.49025774411127
133.28729349903963,93.04697382971118,71.43644254406638,38.52359788095573,11.867905173105433
136.60754500889786,95.44652760189872,73.19170969417242,39.16191334715414,12.195948038577693
139.73391660746378,97.71444201120427,74.77314380561862,39.64590015140461,12.473935417435673
142.64567229051653,99.83008464527884,76.1672848506147,39.97825719487655,12.701914955437097
145.32261367767296,101.7742988930075,77.36382852791364,40.16445222817834,12.880390294359337
147.74605324251297,103.53019344980329,78.3560472723552,40.212544003389475,13.010267002049599
149.89975910352175,105.08386522271078,79.14109984354852,40.132918261789236,13.09279074363904
151.7708262068224,106.42502275738028,79.7202109123749,39.937948458865755,13.129481709759435
153.35043076569227,107.54748033241484,80.09870695242408,39.641595454433656,13.122069319662375
154.63442914877587,108.4494975124344,80.28590068448989,39.25896293472736,13.072430946268424
155.6237688875187,109.13394507744881,80.29482304651741,38.80582694471339,12.982537890392948
156.32468783137662,109.60828561046418,80.14180882520299,38.29815851813268,12.854411106184504
156.7486873199439,109.88436529069303,79.8459492892728,37.75165799562489,12.69008830832496
156.91227605949484,109.97802218913827,79.42843197804476,37.18131828137645,12.491603143350344
156.8364926023434,109.90852512300224,78.91179379187066,36.601032130295714,12.260976156446326
156.54622530101588,109.69786539558385,78.31911830585283,36.02325575312007,12.00021640301455
156.0693587134101,109.36993103891561,77.67321145273712,35.458737781180005,11.711331804824047
155.43578407991635,108.94959904345288,76.99579115709568,34.91631916614727,11.396345784022207
154.67631817452175,108.46178514014377,76.30672602914566,34.40280612144484,11.057317358167065
153.8215791674601,107.9304927429551,75.6233558499108,33.92291494173374,10.69636176037062
152.90086989638502,107.37790254342187,74.95992243792494,33.47928463496429,10.315668756286572
151.94111806245883,106.82354199276263,74.32713384056652,33.07255089772379,9.91751614232486
150.9659194529322,106.28356967041773,73.73187800125625,32.70147314370477,9.504276391144273
149.9947246065003,105.7702036046762,73.17709455089476,32.36310509543066,9.078415014946685
149.0422017805597,105.29131536753901,72.66180563058757,32.052998865748464,8.642479892635482
148.1178001499871,104.8502036687845,72.1812991472694,31.76543244495039,8.199081500905988
147.22552742604958,104.4455527149681,71.72745103487053,31.49365099855524,7.750864652702382
146.36394611067124,104.07157226727999,71.2891673163747,31.230113275398416,7.30047293707084
145.52638295179565,103.7183085806892,70.85292232184064,30.96673561930954,6.850507539652868
144.70133733639932,103.37210862230232,70.40336649380166,30.695127460297407,6.4034824811142705
143.8730667563279,103.01621444783282,69.92397587203439,30.406813626591205,5.961778531017816
143.02232140699513,102.63146055816742,69.39771555321197,30.093440270444137,5.527598136632694
142.12719560980057,102.19704455363778,68.80769102865433,29.74696255527978,5.102923658325853
141.16406114675266,101.69134043984972,68.13776409703632,29.35981344266618,4.689481040572452
140.10854671115712,101.09272441278542,67.37311375320427,28.925053894983296,4.288710789751399
138.9365283682032,100.38038468507331,66.5007267614209,28.436505540833913,3.9017477983872837
137.62509796746573,99.53508967839952,65.50980721548962,27.888867318722802,3.529411172153741
136.15347958964944,98.53989243534866,64.39209896775618,27.277817818668723,3.1722048011172435
134.50386805049916,97.38075312287204,63.142119105542804,26.600104992900793,2.8303289882392675
132.66216793078996,96.04706574299406,61.757304446398585,25.853624629154716,2.5037030209049114
130.61861627441482,94.53207939297013,60.23807614898824,25.037488507215897,2.191998156998534
128.36827675103288,92.83320842289318,58.587829892544846,24.15208253422185,1.8946801049318451
125.91139751352628,90.95222946518075,56.812860624272005,23.199114427490684,1.611059714193983
123.2536290421856,88.89536644859167,54.922231628368685,22.18164974223916,1.3403502654413528
120.40610185833656,86.67326730031228,52.92759770050623,21.104134286951428,1.0817294625618943
117.3853670623514,84.30087807087126,50.84299162689057,19.972400295243347,0.8344039896344213
114.2132052028071,81.79722171658675,48.68458210695281,18.79365319340883,0.5976743102190869
110.91631105145346,79.18508980432033,46.47040988128538,17.576435477547907,0.3709972629717102
107.52586350779298,76.49065604854097,44.22010729647625,16.330564146144106,0.15404395499422296
104.07699117095231,73.74302095000563,41.954605016371,15.067038364881904,-0.05324951827586366
100.6081451860654,70.973696981557,39.695828220683694,13.797914596765379,-0.25064088200461865
97.16039188574548,68.21604385711436,37.466383539013115,12.536147319595091,-0.4375521640841824
93.77663858044002,65.50466350878759,35.28923724297282,11.29539465986073,-0.6130536848765882
90.50080666091549,62.87476454785288,33.18738491774552,10.089789758443727,-0.7758629807052704
87.37696699298192,60.361506236800366,31.183512975453617,8.933680386219354,-0.9243595863864158
84.44845341162119,57.999332362898066,29.299652936712082,7.8413411609226475,-1.0566160207339466
81.75697093294389,55.82130586204444,27.556830338295867,6.826664575501365,-1.1704446755796671
79.34171604511977,53.858455552601185,25.97471133754258,5.9028388139348635,-1.2634596282157435
77.23852703881595,52.13914683835922,24.57125146708203,5.082021878178423,-1.333151709599595
75.47908270366011,50.68848864821029,23.36235241988472,4.375022756976925,-1.3769745005961385
74.09016775294346,49.527789109826045,22.36153408112364,3.7910011232109824,-1.3924383325930407
73.09302294993398,48.67407241820152,21.57963014011673,3.337197262033603,-1.3772088734591967
72.50279701386903,48.13966897838748,21.024516396051496,3.0187035481344062,-1.3292065186751678
72.32811592143169,47.931890112586615,20.700881220622176,2.838287784606393,-1.2467026087297748
72.57078315899662,48.052797385533744,20.610047493491848,2.7962771067030534,-1.1284084777931884
73.22562182567505,48.499074907074196,20.749854650850665,2.8905090020651487,-0.9735535155135682
74.28046627865716,49.26201083598222,21.114608287667174,3.116353405507848,-0.781948792444009
75.71630733004284,50.3275917839495,21.695103070626967,3.4668069261920498,-0.5540333470458908
77.50759096302512,51.67671098155212,22.47872262398995,3.932657218496634,-0.2909009337738018
79.62266627926849,53.28548802128957,23.449617644694428,4.502712490085591,0.005694147588594989
82.02437408450635,55.12569485689081,24.588960906047305,5.164088328223309,0.3333526246610269
84.6707633434974,57.16527964392123,25.87527515296043,5.902541583811712,0.6890667869190514
87.51591886738444,59.3689770876078,27.284827310388614,6.702839123939307,1.069276641530666
90.51088020526763,61.69899134724821,28.792080048970874,7.54914795615666,1.469943523420254
93.60462894654692,64.11573534676242,30.37018969278655,8.425432608014928,1.8866382834818192
96.74511962165852,66.57860865228614,31.99153780846732,9.315845734804903,2.3146406247963474
99.88032820099869,69.04679496986343,33.62828265279489,10.205098701998304,2.749045784264018
102.95929187986783,71.48005983097629,35.25291602001981,11.078800278767076,3.184874581226888
105.93311440410238,73.83952918317898,36.83881093480565,11.923753480762812,3.617182877960499
108.75591259859011,76.08843037081823,38.36074606893167,12.728202882156864,4.041166709699245
111.38568193315773,78.19277833303461,39.795393681817984,13.482027229951349,4.452259723448326
113.78506178891203,80.12199169557631,41.12175923754766,14.176874783365099,4.8462200854172615
115.92198443896025,81.849425702752,42.32156255872741,14.806241318685414,5.219204640012243
117.77019547902178,83.35281152534085,43.3795523531158,15.36549305159759,5.5678287885961195
119.30963737543273,84.61459428015844,44.28374809902687,15.851838724019535,5.889211262304635
120.52669177999256,85.62216499511291,45.02560550549708,16.264256698881912,6.181003650450561
121.41428014064634,86.36798464049977,45.600103982077385,16.603384053680575,6.4414051789072575
121.9718257771904,86.84960112128037,46.0057566776747,16.87137534351691,6.669163781790073
122.20508387647335,87.06956269663667,46.24454560619057,17.071738928283732,6.863564952503566
122.12584870219817,87.0352335883868,46.321786110807636,17.209158564412277,7.024410182547865
121.75154964917408,86.75851950333923,46.24592638638881,17.2893074079694,7.15198699222421
121.10474956889449,86.25551239052463,46.02828895487352,17.318660736750473,7.247032628051931
120.212560049366,85.54606496664549,45.68276186254604,17.30431265706107,7.310693455603214
119.10598907000133,84.65330637531495,45.22544794685913,17.253800901660767,7.344481927486839
117.81923671724091,83.60311081826383,44.67428082407938,17.17494263184532,7.350232772531196
116.38895450090918,82.42353114463211,44.04861630857537,17.075683004779666,7.330059754825376
114.85348332950304,81.1442092535729,43.36880782953182,16.963957222291235,7.286314012618238
113.25208446493251,79.79577480839076,42.65577410559885,16.847565891697965,7.221544629778313
111.62417686406027,78.40924323269577,41.93056691829625,16.734062840734886,7.1384617383125715
110.00859330074012,77.01542331448164,41.21394633481328,16.630654060139832,7.039902119277813
108.44286661292399,75.64434403128233,40.525970209140134,16.544106207104882,6.928796978783032
106.96255638604265,74.32470946881847,39.885604268672445,16.480663084841986,6.808141340215688
105.6006254012513,73.08338996615916,39.310358593522864,16.445968699593937,6.6809643245967525
104.3868742627665,71.94495689943615,38.81595582911786,16.444995857232843,6.550299495874099
103.34744177243813,70.93126781783488,38.416036039653335,16.481979758733267,6.41915443121548
102.50437782588487,70.06110796210787,38.12190270061115,16.560356641906132,6.290478738554738
101.87529483335823,69.34989350882533,37.94231392368393,16.682708145699372,6.167129881757952
101.47310288031242,68.8094411665777,37.88332258099552,16.850712690626814,6.051836381230779
101.30583299196039,68.44780797213838,37.94816851701052,17.06510572217102,5.947158224557216
101.37655190640184,68.26920426287198,38.137225474427794,17.325651103838165,5.855444634559023
101.68337064974716,68.27398180706483,38.4480046853613,17.631126228979667,5.778789684756121
102.21954791048887,68.45869793392123,38.87521626768088,17.979323509812687,5.718986605844143
102.97368770910923,68.81625520791204,39.410888603975934,18.3670707733045,5.677481970848435
103.93002914971652,69.33611473992072,40.04454476449087,18.790272734745596,5.655331259347752
105.06882414049933,70.00457963810871,40.763433776762284,19.2439751336243,5.653157560792234
106.36679691750335,70.80514340957765,41.55281316987321,19.722452321215773,5.671115362769027
107.79767706147807,71.71889638154187,42.39627777173804,20.219318119271783,5.708861463781291
109.33279553964583,72.72498148484097,43.27612826920219,20.727658673310476,5.765535037113173
110.94173122860545,73.80108911232729,44.173771620195424,21.24018486391498,5.8397487430782515
112.59299348761438,74.92397931675555,45.07014410996117,21.74940068624555,5.929592537953272
114.25472476419189,76.07001843620917,45.94614674811576,22.247782937879975,6.032651462719551
115.89540603454691,77.21571641458722,46.78308188655599,22.72796664440921,6.146038224336105
117.48454720719089,78.338250694192,47.56307946875184,23.182929971714408,6.266440824998335
118.99334452809038,79.41596265369695,48.26950125385549,23.606171983242398,6.390184875839945
120.39528757292395,80.4288131814959,48.887311730631495,23.99187654335215,6.513309581607766
121.66669961794814,81.35878511808056,49.403405259796024,24.335055966960603,6.6316557367526
122.787197031715,82.19022194820353,49.80688024661835,24.631668671041826,6.740963467781469
123.74005577450123,82.91009422030393,50.089252809723675,24.87870607042251,6.836976927731223
124.5124760440215,83.50818763458281,50.244604412667115,25.07424523060988,6.915552729339711
125.09573944597253,83.97720946534372,50.26966017549296,25.217465275161338,6.972768621547972
125.48525665166632,84.31281284259762,50.163796980351506,25.308627159256027,7.005028789438038
125.68050717064459,84.51354127675263,49.92898291372276,25.349018069400657,7.009162201480181
125.6848764445916,84.58069853098546,49.56965192997182,25.34086329317428,6.982510640754818
125.50539879424207,84.51815139841432,49.092519763416064,25.28720982832772,6.923003428971875
125.15241767134384,84.33207501114849,48.506348957457995,25.191787184315306,6.829216364163462
124.63917705448472,84.03065190465331,47.82167233692949,25.058851705602542,6.700413016899075
123.98135958334059,83.62373712152223,47.050485264707504,24.893021270842198,6.536567231236487
123.19658808994274,83.12250213386582,46.20591756406602,24.699107375777615,6.338366416719616
122.30390753665608,82.53907029649473,45.30189605051609,24.48195139625706,6.107195956476257
121.32326402679632,81.8861559489012,44.352808224674895,24.24627128055848,5.8451057550593735
120.27499656975439,81.17671822554821,43.37317687890047,23.996524087376468,5.554760573161134
119.17935574396223,80.42363919617185,42.37735423269257,23.736788733132215,5.239376315759709
118.05606141793638,79.63943424094315,41.379242816884926,23.470672115566312,4.902644834303517
116.92390938768764,78.83600067739386,40.39204876388822,23.20124051955244,4.548650059459452
115.80043430064468,78.02440870510317,39.4280715215134,22.93097696322645,4.18177839489651
114.70163369294362,77.21473682164252,38.49853237756525,22.66176397780343,3.806626279216138
113.6417554901501,76.41595207797883,37.613442638317586,22.394890290905263,3.4279076747330146
112.63314901704422,75.63583395528896,36.78151090974245,22.13107904399517,3.0503639868041224
111.6861775153129,74.88093931010692,36.01008773379076,21.87053454630975,2.6786785787443104
110.80918844072751,74.15660478236559,35.30514486411937,21.61300416060687,2.3173976506561917
110.00853644102885,73.46698230242235,34.67128574080827,21.357851724775863,1.970858822172846
109.28865291585981,72.81510286138369,34.11178324086812,21.104138919274664,1.6431283247365724
108.65215542253257,72.20296350119285,33.628640526559,20.850711164476067,1.337947291896606
108.09998988957963,71.63163250219331,33.22267076210033,20.596284938248797,1.058687256079342
107.63159859282455,71.1013679531755,32.89359158909225,20.339533802692383,0.8083146330755147
107.24510708493415,70.61174523483196,32.64013050521047,20.079170879605442,0.5893637122321103
106.93752369226809,70.16178938392308,32.46013764109081,19.814025979015955,0.40391747750513374
106.70494574411896,69.75010878654655,32.35070283917685,19.543116030524445,0.25359546412595835
106.5427673233321,69.3750271340101,32.30827437090015,19.2657078661218,0.13954780559722568
106.44588397360124,69.03471103024376,32.32877705456745,18.981372735618894,0.06245464048425742
106.408890425345,68.72729104013207,32.40772793098719,18.690032189666113,0.02253011954343931
106.42626797673589,68.45097429735904,32.54034799869472,18.391995136021265,0.019530370453202606
106.49255866781255,68.2041470413445,32.721668793727325,18.087985964920538,0.05276492754981965
106.60252380349262,67.98546562752674,32.94663281491545,17.77916365820936,0.12111130434200734
106.75128471637099,67.79393466365775,33.21018694550218,17.467131758766122,0.2230325636398942
106.93444392298431,67.62897098397227,33.507368112194406,17.153939000356857,0.3565979104950414
107.14818503663871,67.49045220562218,33.833380465023026,16.842070304916792,0.5195064840509458
107.38934998124707,67.37874864397692,34.183663371155205,16.534427767381437,0.7091146441758869
107.65549223326944,67.29473742342418,34.553949511382726,16.234301190656588,0.9224671272374816
107.94490503359242,67.23979773598381,34.94031236923627,15.945327726795629,1.156332474368767
108.25662378744919,67.21578639662076,35.339202429431815,15.671440243762197,1.4072431092108508
108.5904022335114,67.22499314204941,35.74747147304273,15.416804184848655,1.6715403572890932
108.94666243140307,67.27007553253941,36.16238448674956,15.18574292886099,1.945424555883462
109.32641919911796,67.35397384838704,36.58161890351987,14.982651995801117,2.2250102048686897
109.73118032595607,67.47980701858417,37.00325116696146,14.81190286958827,2.5063858624576225
110.16282467795419,67.65075136179797,37.425730959250494,14.677737712832407,2.78567820558007
110.62346117384489,67.86990473059242,37.84784384322765,14.58415680708541,3.059119366649949
111.11527250057442,68.14013948957674,38.268663525540276,14.534801135963871,3.3231163435583175
111.64034830801748,68.46394857832054,38.68749542496596,14.532833102154324,3.5743209770115882
112.20051341463005,68.84328965520018,39.10381369769787,14.580818891965237,3.809698719310722
112.7971572072061,69.27943293033366,39.517194294733216,14.680616429882438,4.026594202047148
113.43107086698771,69.77281871679352,39.927246969302495,14.833273158283443,4.2227914665604525
114.1022992449714,70.32293090717681,40.333549379529714,15.038937995784153,4.396566667396851
114.81001409591666,70.92819247534962,40.73558651269461,15.29679174068313,4.546731108489594
115.55241493340576,71.58588868335939,41.132698569612685,15.604999873246467,4.67266263214935
116.32666297703847,72.29212293200032,41.52404017810163,15.960691165027288,4.774323653685254
117.1288525395963,73.04180914208207,41.908553353033966,16.359964733124635,4.852264514065289
117.95402278258344,73.82870322584033,42.284956000487995,16.797927206413156,4.907611296759958
118.79621111173785,74.64547465925465,42.6517470021044,17.26876053915076,4.942037803210497
119.64854766914902,75.48381747039248,43.00722805261404,17.765819768795765,4.957721978640056
120.50338850064529,76.33459820511638,43.349541508498156,18.28175873407602,4.9572876960041015
121.35248314114365,77.18803671756504,43.67672259556498,18.80868051791397,4.943733407829826
122.18717067429094,78.03391405911155,43.986763477144876,19.338308231157235,4.920349730013338
122.99859688836516,78.86180040149029,44.277685959806895,19.862170777136974,4.890628496542262
123.777944057511,79.66129491086221,44.54761906042015,20.371797495012544,4.858166191799322
124.51666419556227,80.4222688546283,44.79487731647259,20.858915119216913,4.826564905815173
125.20670640323395,81.1351030130447,45.01803561590677,21.31564034327529,4.799334053455322
125.84072917373695,81.7909106974391,45.215996461864044,21.73466144918393,4.779796045622643
126.41228922210578,82.38173833225237,45.38804596283947,22.10940294806911,4.770998902803918
126.91599951598562,82.90073659838671,45.53389542443991,22.434167943782963,4.77563847115519
127.34765064101732,83.34229649577587,45.65370617537035,22.704253930742087,4.79599245911344
127.70429134287495,83.70214628027878,45.748096136519635,22.9160389092678,4.833867984847987
127.98426594780024,83.97740696816663,45.81812758030064,23.067035975585227,4.890563742658277
128.18720826598323,84.16660587970037,45.86527646778383,23.155915845499493,4.966847292714063
128.31399342154515,84.2696494128232,45.89138463625484,23.182498028380174,5.0629473861438195
128.3666507330055,84.28775780900119,45.898596889020716,23.14771251599674,5.178560686848957
128.34824220860506,84.22336602062276,45.88928567226926,23.053534834464244,5.312871768732853
128.26271236177283,84.07999585696791,45.86596648291631,22.902898086618723,5.464584872739874
128.11471585654476,83.86210533892624,45.83120742292454,22.69958616190643,5.6319656159911835
127.90942994789809,83.57492161889917,45.78753639965065,22.448112602954865,5.812890662106625
127.6523587974965,83.22426393034243,45.73734938117715,22.153589699446,6.004903287311872
127.3491365509344,82.81636284847531,45.6828228736845,21.82159225130858,6.205272804617727
127.00533560381689,82.35768171202038,45.62583342591279,21.458020135968326,6.411055926353711
126.62628581754876,81.85474542813589,45.56788651949867,21.068963367384377,6.6191583376689795
126.21690963403296,81.31398111741099,45.510056710790025,20.660572790940307,6.826395001592975
125.78157714483127,80.74157421244547,45.45294038545991,20.238938961818413,7.029547999872175
125.32398425410038,80.14334275855046,45.39662200364436,19.809981146928177,7.225421013068479
124.84705618744007,79.5246318282726,45.34065427618986,19.379347808737016,7.41088983947446
124.35287778179737,78.89022919331441,45.28405234042137,18.952329403844978,7.582948628515805
123.84265127352505,78.24430272761954,45.22530170726556,18.53378388245212,7.738751746493268
123.31668169838359,77.59035946192326,45.16237953342237,18.128074921242508,7.8756513900047
122.7743895317497,76.93122577943299,45.09278862819028,17.739022667572065,7.991231207844164
122.21434982115011,76.26904793043394,45.01360352398462,17.36986661529363,8.083336281701644
121.63435677841468,75.6053118372932,44.921527907180625,17.023240163221203,8.15009984897971
121.03151258000831,74.94088104014577,44.81296270301612,16.701156411473487,8.189967129940992
120.40233894169418,74.27605157197264,44.684084114545335,16.405004809620507,8.201716551353197
119.74290985621292,73.61062252151542,44.5309309105614,16.13555836153567,8.184478547302215
119.04900367992855,72.94398101466696,44.349500221873846,15.892991191422452,8.137751974351088
118.3162725000264,72.27520029241313,44.13585102290785,15.67690635986765,8.061418013742497
117.54042638776266,71.60314946252107,43.88621433375488,15.486373865594931,7.955751260033614
116.71742973361745,70.9266133348372,43.59710896891096,15.319978758287045,7.821427526297095
115.84370636501745,70.24442050510442,43.26546138106579,15.175879205002149,7.659527743969297
114.91634957542982,69.55557752659502,42.88872780582915,15.051874187305234,7.471537213493173
113.93333256527761,68.85940660853984,42.46501651723315,14.945480254703146,7.259339382220487
112.89371414148788,68.15568382060697,41.993207571972256,14.854016426026682,7.025203299350424
111.79783388489706,67.44477428811673,41.47306697683089,14.774695925562973,6.771763932699938
110.64749042291525,66.72776036640666,40.9053517885771,14.704722984409655,6.501994634839019
109.44609599446116,66.00655832521052,40.291902283432165,14.641392456577877,6.219171219256956
108.19880022371042,65.28401870088042,39.63571705185666,14.582189527172467,5.926827349528716
106.91257598615115,64.56400523431519,38.9410067226952,14.524886364734204,5.628701250362625
105.59626050714523,63.85144725375386,38.21322203618708,14.467632232367333,5.3286741088096505
104.26054542230412,63.152360528337695,37.45905220125199,14.409033363238246,5.030700932152127
102.91791047907158,62.47383204686827,36.686389914853386,14.348218862681126,4.7387350472449095
101.5824968803742,61.823964891077885,35.904260105939635,14.28488905195176,4.456647842060809
100.26991795294191,61.21178038321701,35.12271039626377,14.219343037951875,4.188145739177406
98.99700683008659,60.647075984841074,34.352662432873345,14.152482886214148,3.9366867271744486
97.78150311196087,60.14023897811709,33.605724613193004,14.085792582911827,3.7053990342177134
96.64168292254833,59.70201772270613,32.89396824739527,14.021290970813649,3.497004685694109
95.595939317859,59.343254180317416,32.22967082216975,13.961458992479146,3.3137507260373913
94.66232249364536,59.07458334800941,31.625031669379915,13.909142814897343,3.1573507911367282
93.8580515630219,58.906107139795125,31.091866916818525,13.867435674214022,3.028939486547057
