t1,t2,t3
21.612216969553536,6.58256373755484,1.0589742677220433
20.48759864155302,5.7639483619556415,0.8232522981687731
19.365225441013365,4.9459924612103725,0.5866042555784949
18.24551378405465,4.12960317817854,0.34930408205747704
17.12890360118749,3.3157079488358505,0.11163546368285182
16.015860753219215,2.5052532911916763,-0.12610848088878202
14.906879353682918,1.6992035159558232,-0.36362555180581013
13.802483989884848,0.8985393622410495,-0.6006048575140527
12.703231834516368,0.10425656109861858,-0.8367272405414281
11.609714639556042,-0.682635670813049,-1.07166573785015
10.52256060390565,-1.461116205616482,-1.305086074139691
9.442436105870307,-2.2301536453171025,-1.53664718660328
8.370047291219247,-2.988708028706343,-1.7660017797668428
7.306141507162954,-3.735732603533152,-1.9927969091671922
6.251508572168199,-4.470175663727931,-2.2166745927511613
5.206981871118801,-5.190982451706416,-2.4372724489951136
4.173439264933056,-5.897097125940945,-2.654224360850692
3.15180380338313,-6.587464794056077,-2.8671611647145347
2.1430442295450693,-7.261033611677028,-3.07571136369348
1.1481752640540885,-7.916756947130868,-3.2795018644906038
0.16825765716727314,-8.553595611866717,-3.4781587372684606
-0.795602003441827,-9.170520156124097,-3.671307997853256
-1.7422517411984262,-9.76651322893784,-3.8585764116260073
-2.670494907334326,-10.340572001027406,-4.03959231840367
-3.5790911773722915,-10.89171064848228,-4.213986477544723
-4.46675783852181,-11.418962894430624,-4.381392932420404
-5.332171378507919,-11.92138460507268,-4.541449893275453
-6.173969385570368,-12.398056435583753,-4.69380063736246
-6.990752768405019,-12.848086520454173,-4.838094425073209
-7.781088303668293,-13.270613201847837,-4.97398743061109
-8.543511517323935,-13.664807788539324,-5.101143685553012
-9.276529904577261,-14.029877336945644,-5.21923603343976
-9.978626491417867,-14.365067444717797,-5.327947093313622
-10.648263738877665,-14.669665046312602,-5.426970229893892
-11.28388778901482,-14.943001198943051,-5.516010527847975
-11.883933049363467,-15.184453846320382,-5.594785767381276
-12.446827110154187,-15.393450546667822,-5.6630273981361565
-12.97099598602519,-15.569471150619371,-5.720481508161903
-13.454869671225662,-15.712050413831545,-5.766909784497419
-13.896887994479059,-15.82078052844467,-5.8020904616988505
-14.29550675674707,-15.895313556946036,-5.825819254448698
-14.649204132138912,-15.93536375152216,-5.83791027020396
-14.956487309171578,-15.94070974165187,-5.838196897681085
-15.215899346533028,-15.911196572495339,-5.826532666837231
-15.426026214463466,-15.84673757658582,-5.802792075893158
-15.58550398988097,-15.747316061436209,-5.766871380854612
-15.693026170471011,-15.612986795938287,-5.7186893429283865
-15.74735107017006,-15.4438772788621,-5.658187929197765
-15.747309255835887,-15.24018877335874,-5.585332961921217
-15.691810982448548,-15.002197092133077,-5.500114711849023
-15.579853581960956,-14.7302531188824,-5.402548431015812
-15.410528758953685,-14.42478305269113,-5.292674820563592
-15.183029744576974,-14.086288363325435,-5.170560429279856
-14.896658258920056,-13.71534544678086,-5.03629797869918
-14.550831230962704,-13.312604971992473,-4.89000661081422
-14.145087224666433,-12.878790911312988,-4.731832054672836
-13.679092519579214,-12.414699249189592,-4.561946708401912
-13.15264679457988,-11.921196365412857,-4.380549633494395
-12.565688364096744,-11.399217091359546,-4.187866458523446
-11.918298917313402,-10.849762439789947,-3.9841491898050863
-11.210707712533882,-10.273897010975622,-3.7696759269172455
-10.44329518102465,-9.67274608020774,-3.5447504813969553
-9.616595897282348,-9.047492374052883,-3.3097018973770496
-8.731300875788802,-8.399372545063772,-3.0648838733872528
-7.7882591578962845,-7.7296733569971865,-2.810674085029627
-6.788478656521239,-7.0397275949215965,-2.547473408743118
-5.733126230788747,-6.330909716890937,-2.2757050473934424
-4.623526967636083,-5.604631266099048,-1.9958135589605412
-3.461162652615603,-4.862336064588947,-1.708263790143008
-2.247669417696011,-4.10549521165208,-1.413539717254402
-0.9848345597004506,-3.3356019119929123,-1.1121431973468108
0.32540747090933175,-2.554166160533205,-0.8045926330589618
1.6809799049478813,-1.762709312366546,-0.4914215552457069
3.0796693008015046,-0.9627585678281061,-0.17317712799932572
4.519131983367737,-0.15584140389711232,0.1495814187836812
5.9969012504935755,0.656520015817377,0.476284423607658
7.510395315434696,1.4728144194600428,0.8063534881618243
9.056925947668889,2.2915469600894705,1.1392032260032319
10.633707768419672,3.111244669741658,1.4742430579990846
12.237868151545786,3.9304618005183074,1.810879046961316
13.866457675096704,4.747785019101175,2.148515763515497
15.516461063883167,5.561838421663483,2.486558174896098
17.184808558926022,6.37128833701329,2.8244135480554906
18.868387645680443,7.174847886961642,3.1614933582187144
20.56405506953361,7.971281274356706,3.49721519381373
22.268649064288233,8.759407770958921,3.8310046485616134
23.9790017172051,9.538105379340157,4.162297191425407
25.691951392716184,10.30631414525983,4.490540005093506
27.40435513615575,11.063039099485607,4.815193783715324
29.11310097880311,11.807352810765792,5.135734480715407
30.815120066191497,12.53839753460128,5.451654997688158
32.507398533007255,13.255386945580437,5.7624668056192645
34.18698904997019,13.957607444301523,6.067701489991562
35.85102197082479,14.644419033281565,6.366912211711153
37.49671601095522,15.315255759704648,6.659675076232618
39.12138839312393,15.969625726360288,6.945590403767283
40.72246440037849,16.607110675626096,7.224283894022497
42.29748628122255,17.22736515482135,7.495407679538613
43.84412145764384,17.83011527466035,7.758641262359095
45.36016999247223,18.415157075828603,8.013692329482218
46.8435712787353,18.98235452185419,8.260297443294313
48.29240992011663,19.531637139414897,8.49822260396749
49.70492077823002,20.062997329975428,8.727263681612348
51.07949316912541,20.576487379156816,8.947246716800526
52.41467419816687,21.072216192473398,9.158028088905398
53.70917122909486,21.550345788007593,9.359494552543794
54.961853489634855,22.011087578207068,9.551563143229012
56.17175282237146,22.454698474266547,9.73418095415772
57.33806359571244,22.881476847485647,9.907324786842654
58.4601417955557,23.29175838256544,10.071000679061632
59.53750332369731,23.68591185801961,10.225243314314193
60.56982153402795,24.064334888729906,10.370115317653244
61.55692404212188,24.427449665179434,10.505706443384385
62.49878884789175,24.775698723060323,10.632132660694465
63.395539814539625,25.109540775790705,10.749535143778848
64.24744155006073,25.42944664100977,10.858079173479647
65.05489374003966,25.73589529037009,10.957952957821817
65.81842498241926,26.029370049942834,11.049366379138558
66.53868617631778,26.310354976319577,11.132549675710072
67.21644351783671,26.579331431068898,11.207752066000737
67.85257115615153,26.836774873616747,11.27524032366903
68.44804356303567,27.083151889903867,11.335297311543997
69.00392766835961,27.318917471363548,11.388220482713702
69.52137481306642,27.54451255589555,11.434320356757825
70.00161256968495,27.76036183962013,11.473918978982514
70.4459364786442,27.966871865314,11.507348370284726
70.85570174653553,28.164429390589177,11.534948974990721
71.23231495007842,28.35340003610611,11.5570681136845
71.57722578692287,28.5341272114422,11.574058447672533
71.89191891161232,28.70693131369095,11.58627646132716
72.17790589207839,28.872109191467885,11.594080968118748
72.43671731898638,29.029933864766672,11.597831645692555
72.66989509714001,29.180654489058877,11.597887604876162
72.8789849450242,29.324496550176676,11.594605997024132
73.06552912545409,29.46166227486995,11.588340663623665
73.23105942724213,29.592331240493884,11.579440831604487
73.37709041482307,29.716661166065762,11.568249857323709
73.50511295992004,29.83478886592952,11.555104021736481
73.6165880666179,29.94683134648458,11.540331378821225
73.71294099865432,30.05288702586568,11.524250658907622
73.79555571536496,30.153037056098725,11.507170228160687
73.86576962054002,30.247346727095458,11.489387105107749
73.92486862647898,30.335866931877852,11.471186034760063
73.97408253377495,30.418635672631673,11.452838620578966
74.01458072582831,30.495679587565512,11.434602514269518
74.04746817578047,30.567015479085086,11.416720663153638
74.07378176247377,30.632651824470088,11.399420614680125
74.09448689118017,30.69259025104933,11.38291387747071
74.1104744141931,30.746826958797826,11.367395338179264
74.12255784593528,30.79535407431226,11.353042733353968
74.13147086699334,30.838160921249937,11.340016175438985
74.13786511143132,30.875235193525715,11.328457732030696
74.14230823185285,30.90656401884488,11.318491057512292
74.14528223695375,30.932134901492958,11.310221076226618
74.14718209672328,30.951936534700177,11.303733716408432
74.14831461099374,30.965959474337918,11.299095694180563
74.1488975376837,30.97419666717936,11.296354347020612
74.14905897781836,30.97664382845975,11.295537516222959
74.14883701521312,30.97329966499562,11.296653478011008
74.14817960956184,30.964165941661285,11.299690923093875
74.14694474255225,30.949247390567407,11.304618984605742
74.14490081752388,30.92855146383684,11.311387314512167
74.14172731406165,30.902087932418315,11.319926208711184
74.13701569976705,30.86986833491595,11.330146781195015
74.13027060224327,30.831905281933523,11.341941187766935
74.12091124505451,30.788211622931705,11.355182899923463
74.10827315205147,30.738799484066355,11.369727029611665
74.09161012497822,30.68367918690987,11.385410705651495
74.0700964996698,30.622858059345738,11.402053502670425
74.04282968640055,30.556339151262055,11.419457923429933
74.00883300003296,30.48411986894125,11.437409935427404
73.96705878553165,30.406190543241788,11.455679562630811
73.91639184413424,30.322532947781603,11.474021533145084
73.85565316499827,30.233118784350918,11.4921759835165
73.78360396646214,30.137908153691576,11.509869220253764
73.69895005016028,30.036848030569928,11.526814538980663
73.60034647011395,29.929870762725464,11.542713101434867
73.48640251757503,29.816892613787978,11.557254870290935
73.35568702083474,29.6978123706076,11.570119601513122
73.206733957418,29.572510035622866,11.580977893636462
73.03804837408298,29.440845624891917,11.58949229303453
72.84811260783387,29.30265809221897,11.595318453861237
72.63539279875171,29.157764399414702,11.598106350954835
72.3983456828667,29.00595875212722,11.597501543568255
72.13542565055495,28.84701201986419,11.593146487344764
71.84509205306537,28.68067135779321,11.584681891495656
71.52581673679778,28.506660046656183,11.571748117662814
71.17609178188366,28.324677565664807,11.553986616467439
70.79443741850669,28.134399911563793,11.531041397263841
70.37941009127078,27.93548017516359,11.502560526138703
69.929610638819,27.72754938456484,11.468197646728456
69.44369255286665,27.510217622037118,11.427613517976035
68.92037027787988,27.283075419091748,11.38047756252011
68.35842750984615,27.045695431721214,11.32646941901078
67.75672544999527,26.797634395090757,11.265280491282182
67.11421096697667,26.538435354185197,11.196615486990472
66.42992461892918,26.26763016406435,11.120193938050562
65.70300848513482,25.98474225049533,11.035751694982844
64.93271375556682,25.68928961883908,10.943042387115984
64.11840802566671,25.380788096207937,10.841838840488604
63.25958224314664,25.058754789113447,10.731934445254542
62.355857253546546,24.722711736125078,10.613144464426572
61.406989891703276,24.372189732494395,10.485307275893739
60.41287856723738,24.006732301301817,10.348285539819598
59.373568293642364,23.62589978348445,10.201967283772422
58.28925511258542,23.229273517137113,10.046266898253968
57.16028986759643,22.816460074771825,9.881126035678658
55.987181284432204,22.387095525800465,9.70651440630834
54.77059831903884,21.940849690392312,9.522430465165181
53.51137173818388,21.477430350074073,9.328901984523386
52.21049490245717,20.996587379996257,9.12598650721387
50.86912372641735,20.498116767700022,8.913771676659506
49.48857579614416,19.981864483486408,8.692375440285547
48.07032863029946,19.447730168117467,8.46194612371386
46.61601707694669,18.895670604562316,8.222662373942796
45.12742984477093,18.32570294183186,7.974732970529866
43.60650517391413,17.737907640611287,7.718396504623318
42.05532565832551,17.13243111238179,7.453920926523708
40.476112238252185,16.509488026000557,7.181602963289033
38.87121738818933,15.869363258256083,6.901767408719394
37.243117532194006,15.21241346770453,6.614766288861229
35.59440472487301,14.539068274091804,6.3209779069498895
33.92777764250449,13.849831028839874,6.020805772455143
32.24603193457883,13.145279165389425,5.714677419600873
30.552049991475904,12.426064121606318,5.403043121391453
28.8487901889727,11.692910829939416,5.086374505787965
27.139275674736663,10.94661677452207,4.765163081232436
25.426582765856637,10.188050617903212,4.439918679214047
23.713829029748744,9.418150403537782,4.111167822004329
22.004161123411336,8.637921343525347,3.7794520240562925
20.30074246796292,7.848433204326411,3.4453260358636393
18.60674083665764,7.050817306276168,3.1093560393095725
16.925315935123013,6.246263155626719,2.7721178037002456
15.25960705240048,5.4360147305549,2.434194811775908
13.61272086049608,4.621366445050913,2.0961763650245473
11.987719438580204,3.8036588168331384,1.7586556775900064
10.387608595734546,2.9842738674011837,1.4222279679715646
8.815326563260104,2.1646302840288274,1.087488557557436
7.273733124071422,1.3461783749028222,0.7550309848240946
5.765599242651304,0.5303948497255946,0.42544514376991865
4.2935972544790975,-0.28122254108173084,0.0993154548397896
2.860291668828162,-1.0871604749148736,-0.22278092375937697
1.4681306334143074,-1.8858955993645743,-0.5402758368490452
0.11943810363026008,-2.6759001145896146,-0.8526118181050204
-1.1835932469136488,-3.4556473621594503,-1.1592437143126664
-2.4389083440381865,-4.223617387426519,-1.459640241936166
-3.6445952346770776,-4.978302443322433,-1.753285470399951
-4.798889794850929,-5.718212404540756,-2.0396802270119454
-5.900179612605497,-6.44188006235396,-2.318343419003415
-6.947007040935883,-7.147866271795883,-2.5888132687148797
-7.938071421940959,-7.834764924604043,-2.8506484585178535
-8.872230489490237,-8.501207723138094,-3.103429182624005
-9.748500963484894,-9.145868732451275,-3.346758103493289
-10.56605835430547,-9.767468689769155,-3.5802612111070147
-11.324236001216608,-10.364779052803364,-3.803588583917477
-12.022523373304997,-10.936625770575933,-4.0164150508196785
-12.660563665926176,-11.481892762730915,-4.218440754009767
-13.238150729601973,-11.999525095643662,-4.409391613096674
-13.755225371820456,-12.488531845983742,-4.589019691315386
-14.211871075228608,-12.947988644725392,-4.7571034651501485
-14.608309178264415,-13.377039896910857,-4.913447999111715
-14.944893566345064,-13.774900674738182,-5.05788502782243
-15.222104923311882,-14.140858283749433,-5.1902729479450604
-15.440544593937933,-14.474273504021266,-5.310496722844219
-15.600928108940224,-14.774581510292386,-5.4184677031917285
-15.704078424122606,-15.041292476888145,-5.514123367018423
-15.750918925025575,-15.273991875108056,-5.597426982973499
-15.742466247800229,-15.472340472417189,-5.668367200778356
-15.679822965981101,-15.636074044316597,-5.726957573054077
-15.564170191436254,-15.765002811153213,-5.773236012860288
-15.396760136054477,-15.859010613359352,-5.807264191408003
-15.178908678721946,-15.91805383968051,-5.829126880500413
-14.911987979878901,-15.942160123854134,-5.838931244313811
-14.597419183466608,-15.931426825939262,-5.836806085156747
-14.236665243411451,-15.886019315067093,-5.822901047839752
-13.831223908983128,-15.806169070786295,-5.797385787251966
-13.38262090044223,-15.692171620417668,-5.760449103675843
-12.892403303393998,-15.544384329913862,-5.712298050278608
-12.362133207223682,-15.363224065648065,-5.653157017101011
-11.793381609935192,-15.149164744336757,-5.583266795722266
-11.187722608681213,-14.90273478794565,-5.502883628617057
-10.546727892284993,-14.624514499943269,-5.412278247038762
-9.871961549140966,-14.315133378665447,-5.3117349010651145
-9.164975201063221,-13.975267382846795,-5.2015503852310765
-8.427303470952598,-13.60563616357668,-5.082033062952066
-7.6604597895896305,-13.207000276058924,-4.953501892711377
-6.865932544451339,-12.780158383612875,-4.816285458752381
-6.045181571204367,-12.325944465360937,-4.670721008781425
-5.199634986459175,-11.845225038021526,-4.517153500955155
-4.330686358484995,-11.338896401179628,-4.3559346621987345
-3.4396922108898393,-10.807881914356184,-4.187422059682739
-2.527969852766238,-10.25312931315638,-4.0119781870790945
-1.5967955274910244,-9.67560807075985,-3.829969567023023
-0.6474028712457995,-9.076306810036662,-3.641765871031459
0.319018328612362,-8.456230770644257,-3.4477390579707645
1.3013230859576517,-7.816399334594156,-3.2482625320302283
2.2984118902945667,-7.157843612983447,-3.043710321044061
3.309231114788984,-6.481604095874951,-2.8344562759151897
4.3327731698476155,-5.788728366687982,-2.620873291829476
5.36807641430037,-5.0802688819365756,-2.4033325519099837
6.4142248362563405,-4.357280816726809,-2.182202793947021
7.470347515610259,-3.6208199761040145,-1.9578496008508848
8.535617879990179,-2.87194077212337,-1.7306347155089084
9.60925276567262,-2.1116942664043,-1.5009153807853999
10.690511294665974,-1.3411262779163353,-1.2690437054799057
11.778693578791366,-0.5612755558279887,-1.0353660571535392
12.87313926118968,0.2268279825763697,-0.8002224828415418
13.973225905268947,1.022164948651212,-0.5639461587893463
15.07836724069291,1.8237281132282877,-0.3268628704750788
16.18801127561421,2.6305239705624546,-0.08929052430935969
17.301638283987543,3.4415742339717026,0.14846130747129055
18.41875867647152,4.255917261286434,0.38609180708307095
19.538910763155368,5.072609407731023,0.6233092949055221
20.661658416136383,5.890726303363692,0.8598315747960861
21.786588639835713,6.709364051714166,1.09538623911508
22.913309056881616,7.527640345799268,1.329710931529898
24.041445317412787,8.344695497278888,1.5625535656617473
25.170638439767888,9.159693374155983,1.7936724976696965
26.300542090728094,9.971822242137698,2.0228366509388653
27.430819813770817,10.780295504575506,2.2498255911558607
28.56114221417032,11.584352335802496,2.4744295502176734
29.69118411024168,12.383258202697615,2.696449397632398
30.820621660563116,13.176305269438975,2.9156965583323493
31.949129477618193,13.962812680669417,3.131992876132928
33.07637773896778,14.742126718693106,3.345170422433234
34.202029307776485,15.51362083085506,3.5550712501653265
35.325736875270564,16.27669552392792,3.7615470934556576
36.44714013847701,17.03077812313963,3.964459013960751
37.56586302737208,17.775322394418644,4.163676995375141
38.681510996335774,18.50980802950263,4.359079488177168
39.79366839554784,19.233739994743495,4.550552907270819
40.90189593865321,19.94664774573375,4.73799108579195
42.00572828365184,20.64808431126287,4.921294688966576
43.10467174451042,21.337625251570653,5.100370592528483
44.198202151433016,22.014867497379274,5.2751312308136455
45.285762878045304,22.679428077735835,5.445493920239723
46.36676305392684,23.330942746261762,5.611380164440123
47.44057598094888,23.969064516959445,5.772714947843114
48.506537771728475,24.5934621222476,5.929426024956994
49.563946228178374,25.203818407358813,6.081443213032363
50.61205997760431,25.799828676610673,6.228697696111819
51.65009788306897,26.381199008331677,6.3711213487375025
52.67723874379623,26.94764455635945,6.508646087758766
53.69262130022571,27.498887857008384,6.641203260758732
54.69534455694705,28.03465716120546,6.768723079593202
55.684468435142996,28.554684812095118,6.891134107403143
56.65901476435838,29.0587056887995,7.008362807219045
57.617968621392855,29.546455737172504,7.1203331599196495
58.56028002190246,30.017670608292903,7.22696635883823
59.48486596789967,30.472084425092206,7.3281805877278074
60.39061285178289,30.909428696901365,7.423890888105087
61.27637921482253,31.329431400822628,7.514009121196077
62.140998855206725,31.731816247690716,7.598444028810468
62.98328427782858,32.11630214898343,7.677101396484826
63.80203047500733,32.48260289938531,7.74988432116578
64.59601902431,32.8304270878104,7.8166935845653045
65.36402248660477,33.15947824756611,7.87742813212253
66.10480908447084,33.469455254010114,7.931985656264696
66.81714763814213,33.76005297553741,7.980263281388445
67.49981273331007,34.03096318106148,8.022158346697134
68.15159009238803,34.28187570434964,8.057569281747144
68.77128211828105,34.512479862670105,8.086396568292532
69.35771357734217,34.722466124239844,8.108543780790546
69.90973738606415,34.91152801596191,8.12391869675686
70.42624046418109,35.07936425994749,8.132434467056418
70.90614961526863,35.22568112436514,8.134010835199007
71.34843739465575,35.35019497128776,8.128575393794035
71.7521279235238,35.45263498145325,8.116064865520846
72.11630260747987,35.53274603325217,8.09642639530184
72.44010571767585,35.5902917108448,8.069618839838302
72.72274979270442,35.6250574141186,8.035614040291946
72.96352082005151,35.63685354126211,7.994398063677862
73.16178315682006,35.62551871307778,7.9459723984821355
73.31698415076082,35.590923006810954,7.890355090134047
73.42865842434686,35.53297116625787,7.8275818022503225
73.49643178669618,35.45160575424934,7.757706790026276
73.5200247405649,35.34681021330277,7.680803772773387
73.4992555543859,35.21861180030422,7.5969666933893505
73.43404287238293,35.06708436152748,7.506310353487584
73.32440783912776,34.892350915120375,7.408970913998749
73.17047571848931,34.69458600938475,7.305106252275529
72.97247699071877,34.47401782673625,7.194896168069794
72.73074791538372,34.23093000513988,7.078542432193407
72.44573055196636,33.96566315105822,6.956268673202942
72.11797223413869,33.678616020499305,6.828320099046915
71.74812449797199,33.37024634758244,6.6949630522621115
71.33694146859149,33.041071303123886,6.556484398983638
70.88527771400346,32.69166756904507,6.413190753720984
70.39408557895595,32.322671017888126,6.265407543528948
69.8644120157101,31.934775990348047,6.113477916847572
69.29739493244807,31.52873416745661,5.957761503878991
68.69425908369472,31.105353037838388,5.798633036892087
68.05631153054134,30.665493964260847,5.6364808402797015
67.38493670160314,30.210069857476064,5.471705201520677
66.6815910884841,29.740042469057705,5.304716635404615
65.94779761203891,29.25641931853236,5.1359340549466905
65.18513969789254,28.76025027354992,4.965782863341515
64.39525510147897,28.25262380509288,4.794692982068056
63.57982952428834,27.734662942757286,4.6230968308548706
62.740590064047495,27.207520957912514,4.451427275639886
61.87929854220578,26.672376805036755,4.280115560908888
60.997744752353015,26.13043035370304,4.1095892428701974
60.09773967306364,25.582897445535625,3.9402701398210436
59.18110868815353,25.031004811953274,3.7725723157876785
58.24968485646082,24.47598488964852,3.6069001130811547
57.305302272042084,23.919070571515704,3.443646248812378
56.34978955412659,23.361489931129487,3.283189989662645
55.384963504320915,22.804460958892285,3.1258954183208068
54.41262296642738,22.24918634761767,2.972109803988292
53.434542921863745,21.69684836460835,2.8221620882327665
52.45246885107853,21.14860384623507,2.676361496255271
51.46811138857728,20.605579349644128,2.5349962823406704
50.48314129624492,20.068866494538053,2.3983326169037222
49.49918477660145,19.539517526010037,2.2666136211403103
48.51781914449572,19.01854112719527,2.140058553862619
47.54056887256025,18.506898508060935,2.0188621536553573
46.568902022550915,18.005499794022185,1.9031941380544857
45.60422707151081,17.51520073527719,1.7931988600364346
44.64789013855925,17.03679975483334,1.688995120729921
43.70117261504205,16.57103535018389,1.5906761359388932
42.76528919781597,16.118583860523056,1.4983096528069844
41.84138632260197,15.680057608292511,1.4119382117734531
40.930540991651114,15.256003420765822,1.33157954787859
40.03375998744338,14.846901534331515,1.2572271244821598
39.15197946179864,14.453164881160621,1.1888507915695075
38.2860648876351,14.07513875506839,1.1263975600423235
37.4368113586757,13.713100850629516,1.0697924827295975
36.604944220682064,13.36726166700382,1.0189396323114583
35.79112001629788,13.037765265497379,0.9737231659261567
34.9959277243087,12.724690367639495,0.9340084659278167
34.219890273073744,12.42805177851433,0.8996433460783295
33.463466307056656,12.14780211825991,0.8704593123878142
32.72705218476794,11.88383384304481,0.8462728678600189
32.01098418602937,11.635981535461132,0.8268868505465509
31.315540906267838,11.404024443133913,0.8120917945604131
30.640945815534472,11.187689243442223,0.8016673040375553
29.98736996011181,10.986653011573349,0.7953834304568825
29.354934784904398,10.800546368683708,0.7930020442258483
28.74371505529269,10.628956786710557,0.7942781920008961
28.15374185775087,10.471432026357704,0.7989614318303014
27.585005659271815,10.327483684954561,0.8067971388715741
27.037459406490864,10.19659083124752,0.8175277751366792
26.511021646337916,10.078203704710806,0.8308941174462878
26.005579651059563,9.971747457644769,0.8466364385193962
25.520992531524186,9.8766259191459,0.8644956368778022
25.057094323836807,9.792225360966828,0.8842143119970873
24.613697035433706,9.717918246318284,0.9055377818785616
24.19059363798513,9.65306694378026,0.9282150409421791
23.78756099559358,9.59702738966756,0.9519996568413674
23.404362717925082,9.549152683418818,0.9766506054704761
23.040751929037633,9.508796601829191,1.0019330440680099
22.696473943766552,9.475317019209736,1.0276190229089377
22.371268844579895,9.448079221814563,1.053488136622369
22.06487395282155,9.426459106115708,1.0793281166631579
21.77702618920666,9.409846251711798,1.104935366904406
21.507464319319347,9.39764686081776,1.1301154446999742
21.255931080679716,9.389286557388075,1.15468349009049
21.02217518869381,9.384213039966516,1.178464606091839
20.80595321947257,9.38189858332247,1.201294193211534
20.60703136810317,9.38184238482232,1.2230182414860182
20.42518708147739,9.383572752288678,1.2434935834216243
20.260210565227403,9.386649130817839,1.2625881112552138
20.11190616469097,9.39066396665493,1.280180961929252
19.98009362012705,9.395244406766835,1.2961626731027158
19.864609196633726,9.40005383320674,1.3104353133966216
19.765306689384165,9.404793231733326,1.3229125899042324
19.68205830490076,9.409202394437163,1.333519935784803
19.61475541913457,9.413060956341225,1.3421945805098503
19.563309213114298,9.416189266088605,1.3488856050464288
19.527651186881265,9.418449090915713,1.353553983947283
19.507733552341183,9.419744156141798,1.3561726159773075
19.50352950554598,9.42002051939439,1.3567263445443727
19.515033378778067,9.4192667797453,1.355211968824945
19.542260672650293,9.417514121862578,1.351638246086014
19.58524796826757,9.414836195201586,1.3460258853095544
19.644052719325433,9.411348828172674,1.3384075318291442
19.718752923856904,9.407209577145668,1.3288277422954102
19.809446675187257,9.402617110092022,1.3173429489026987
19.916251591525164,9.397810424634965,1.3040214114386688
20.03930412351556,9.393067900285956,1.2889431553662751
20.178758739010174,9.388706184701682,1.2721998938186134
20.334786984284417,9.385078913908377,1.2538949310859064
20.50757642094858,9.382575266617248,1.2341430449049788
20.6973294378745,9.38161835300334,1.213070344629178
20.904261937590157,9.382663438646112,1.1908141021647591
21.12860189678919,9.386196004738052,1.1675225524120352
21.370587800864627,9.392729646161534,1.1433546598495086
21.630466952708204,9.402803809615763,1.1184798478497047
21.908493656422767,9.416981374645864,1.093077687319242
22.204927277075925,9.435846081184529,1.0673375413149682
22.52003017817958,9.459999808060253,1.041458162404446
22.854065539212645,9.490059707852136,1.0156472397139824
23.207295056210953,9.526655204473002,0.9901208928411961
23.5799765292286,9.570424860934443,0.9651031101021496
23.972361341323925,9.622013125879798,0.9408251289343527
24.384691834638048,9.682066968654546,0.9175247566855511
24.8171985901086,9.751232413906553,0.8954456304819414
25.270097618389205,9.830150987958243,0.8748364153857475
25.743587470619396,9.919456090454712,0.8559499406174954
26.237846278801058,10.01976930605149,0.8390422742287392
26.753028736676285,10.131696672146006,0.8243717372614737
27.289263033157123,10.255824919861693,0.8121978591155021
27.84664775151824,10.39271770664466,0.8027802765582946
28.425248748716353,10.54291185991258,0.7963775795463329
29.025096030331643,10.706913652184983,0.7932461077751768
29.64618063772241,10.885195129005778,0.7936387026291344
30.28845156502984,11.0781905117243,0.7978034199519857
30.95181272464909,11.286292697813112,0.8059822097985561
31.636119980681812,11.509849881852631,0.8184095700435557
32.341178270685866,11.749162320588788,0.8353111814095431
33.066738836725975,12.004479265555977,0.856902532120061
33.812496587288756,12.275996086641236,0.8833875409775142
34.578087612041,12.563851609635607,0.9149571881981592
35.363086871667164,12.868125690266547,0.9517881637995795
36.16700608510822,13.188837046424718,0.9940415437200278
36.98929183642416,13.525941369284983,1.041861504145596
37.82932392320867,13.879329732774604,1.095374084722623
38.68641396798421,14.248827319361972,1.1546860114319155
39.55980431329296,14.634192478432123,1.2198835898924427
40.44866722026691,15.035116131587479,1.291031679740033
41.35210438930595,15.451221537074941,1.3681727604876968
42.269146820113605,15.882064423206486,1.4513260989159609
43.198755026738446,16.32713349812697,1.5404870275631959
44.13981962144815,16.785851340608872,1.6356263432876732
45.09116227922993,17.257575673741933,1.7366898341572006
46.051537092473666,17.741601020459864,1.8435979420921291
47.01963232296731,18.237160736835488,1.9562455677488153
47.994072555729275,18.743429416006364,2.0745020230896785
48.97342125644187,19.259525652499125,2.1982111359517904
49.95618373134984,19.784515153632114,2.3271915097078986
50.94081048547471,20.317414181627832,2.4612369398237144
51.92570097189322,20.857193307092253,2.6001169877656083
52.90920772166473,21.40278145165163,2.7435777113177076
53.889640840796716,21.953070194813428,2.8913425489415943
54.86527285744352,22.506918317569294,3.0431133543713345
55.834343899368186,23.063156552916343,3.198571576197726
56.79506717860444,23.62059251137154,3.3573795757760765
57.74563475725049,24.178015747714007,3.5191820754073504
58.68422356547297,24.73420293365025,3.683607727412733
59.609001640090554,25.287923099862486,3.8502707934604246
60.518134549622744,25.837942910011364,4.018772922330887
61.40979196941256,26.383031928714793,4.188705013234921
62.28215436844098,26.92196784534887,4.35964915084628
63.1334197677254,27.45354161570065,4.531180597386974
63.96181052880798,27.976562484071174,4.702869826425002
64.76558012976535,28.489862849357344,4.87428458251726
65.54301988547753,28.9923029399504,5.044991950468073
66.29246556854625,29.48277526394266,5.214560417778209
67.01230388731217,29.960208803142812,5.382561913839627
67.70097877784477,30.42357292171938,5.54857380958543
68.35699746761856,30.871880962923658,5.7121808616372105
68.97893626979652,31.30419351023565,5.872977085496359
69.56544606865482,31.71962129242276,6.0305675430022525
70.1152574586477,32.117327715343876,6.184570030116935
70.62718550195494,32.49653100685654,6.334616652088679
71.10013407201458,32.8565059648321,6.480355274180179
71.53309975353977,33.196585302032105,6.621450837412227
71.92517527277953,33.516160585387425,6.757586530151675
72.27555243532032,33.81468277102563,6.8884648078509905
72.5835245524642,34.09166234015079,7.01380825480401
72.84848834115824,34.34666904456749,7.133360283403467
73.06994528651938,34.5793312742008,7.246885668047492
73.24750246018176,34.789335062369794,7.354170912527211
73.38087279192848,34.97642274777332,7.455024451412772
73.46987479632773,35.140391315119885,7.549276687622126
73.51443176031819,35.281090439035125,7.636779869983913
73.51457040185099,35.398420258292646,7.717407816174564
73.47041901373647,35.492328909500635,7.791055487900236
73.38220511074115,35.56280985112857,7.857638426590133
73.25025260167762,35.609899010148666,7.91709205915202
73.07497851170353,35.633671784591414,7.969370884498985
72.8568892832562,35.63423993596204,8.014447552576504
72.59657668696632,35.611748405735305,8.052311848488817
72.2947133764945,35.56637209004003,8.082969595035982
71.95204812349189,35.498312606171915,8.106441487520152
71.56940077078525,35.40779508374246,8.122761875058726
71.14765694341209,35.29506501210173,8.131977502849567
70.68776255827373,35.16038517418066,8.134146229871751
70.1907181739301,35.00403269511153,8.129335736375197
69.65757322242672,34.82629623192671,8.11762223522055
69.08942016502917,34.627473328339065,8.099089200682434
68.48738861334908,34.40786795610219,8.073826127734934
67.8526394565936,34.167788261771875,8.04192733410725
67.18635903457323,33.90754453487595,8.003490816543923
66.48975339467847,33.62744741058514,7.9586171717394345
65.76404266931607,33.32780631700255,7.907408591359004
65.01045560829323,33.008928174186266,7.849967939418592
64.23022429839959,32.671116349031735,7.78639791909766
63.424579099974345,32.31466986719612,7.716800334811068
62.594743827611936,31.93988288038872,7.641275454093093
61.74193119936622,31.547044384601843,7.559921472559181
60.86733857592006,31.13643818225675,7.472834083931403
59.97214400819921,30.708343078803843,7.380106155852655
59.057502608895,30.26303330208291,7.281827510992952
58.12454326031563,29.800779130724766,7.1780848117776745
57.174365667982364,29.321847716091874,7.068961545961133
56.20803776641685,28.82650408071159,6.954538109235246
55.22659348069498,28.31501227487611,6.834891980118851
54.231030844562525,27.78763667205994,6.710097981520875
53.22231047327856,27.244643383055767,6.580228622623657
52.2013543868567,26.68630176823595,6.44535451408994
51.16904517707335,26.11288602712229,6.305544849069087
50.126225509475745,25.524676844463844,6.160867942059638
49.073697949710805,24.921963072290286,6.011391817384039
48.01222510176861,24.305043427890812,5.857184838838323
46.94253004424929,23.67422818837193,5.69831637199952
45.865297049468296,23.029840863328047,5.534857470694189
44.78117256916726,22.372219828220643,5.3668815792553595
43.69076646973779,21.701719902256357,5.194465242406694
42.59465349924327,21.018713855884336,5.017688814912998
41.49337496807452,20.323593834446395,4.836637163507293
40.38744062484523,19.61677268601302,4.651400354046241
39.27733070905283,18.89868518297063,4.462074317338763
38.16349816214321,18.169789128494838,4.268761487635959
37.04637097884785,17.430566340597263,4.0715714083443295
35.92635468105477,16.681523507977957,3.870621300127796
34.80383489694832,15.923192913398026,3.6660365871773704
33.67918002875263,15.156133021721441,3.4579513780504363
32.5527439930575,14.380928931109214,3.246508898095184
31.42486901843821,13.598192687103285,3.031861871081398
30.295888485818892,12.808563460461391,2.814172848237891
29.16612979782099,12.012707590625554,2.5936144834533144
28.035917264099552,11.211318497578718,2.3703697539134967
26.905574990451793,10.405116465599654,2.144632125930829
25.775429760202215,9.594848303024394,1.9166056661541875
24.645813897080522,8.781286882601332,1.6865050987395063
23.517068099431533,7.965230567349128,1.4545558093977127
22.38954423619086,7.14750252703795,1.22099379752916
21.263608095544665,6.328949950478564,0.9860655778893802
20.13964207763304,5.510443158773517,0.7500280334232949
19.018047822976083,4.692874624526015,0.5131482210429058
17.89924876856941,3.8771579017718727,0.27570313222201265
16.783692623737586,3.0642264710666627,0.03797941033103169
15.671853757923742,2.255032503783548,-0.19972697334800965
14.564235492559927,1.4505455492266943,-0.4371110830105179
13.461372289085187,0.6517511477029676,-0.6738594192545122
12.363831824986661,-0.14035062781064944,-0.9096503557539298
11.272216949517777,-0.9247466992512341,-1.144154609985617
10.187167510429411,-1.7004125786492523,-1.3770357464308842
9.10936204272167,-2.4663140296921338,-1.6079507107913638
8.039519310021426,-3.2214087948891272,-1.8365503938894154
6.9783996888033,-3.964648387903944,-2.0624802240473934
5.9268063852378905,-4.694979950928644,-2.2853807868664764
4.885586474056281,-5.411348177180911,-2.5048884714376802
3.855631748420781,-6.112697298745964,-2.7206361421217045
2.837879369444374,-6.7979731400211305,-2.9322538351200347
1.8333123037010748,-7.466125236962876,-3.13936947912783
0.8429595368391585,-8.116109022174868,-3.341609639405985
-0.1321039487356397,-8.74688807561016,-3.5386002846336706
-1.0907574441847463,-9.357436440291028,-3.729967575902309
-2.031835044575362,-9.946741001977756,-3.915338677186366
-2.9541264510391536,-10.513803931147287,-4.094342586575494
-3.8563780562122894,-11.057645184977881,-4.266610987476182
-4.7372943239197856,-11.57730506628582,-4.43177911889029
-5.595539473401491,-12.071846835531002,-4.58948666375336
-6.429739477537716,-12.540359371111936,-4.73937865416913
-7.238484383509798,-12.981959872216729,-4.8811063922100235
-8.020330963121244,-13.395796597498244,-5.014328384768661
-8.77380569860425,-13.781051631811978,-5.138711290745307
-9.497408108142725,-14.136943672207053,-5.253930878643002
-10.189614413560133,-14.462730823310624,-5.359672992419235
-10.848881550648303,-14.757713391206233,-5.455634523212938
-11.473651520463061,-15.021236663894673,-5.541524384331932
-12.062356077589037,-15.252693665455244,-5.617064486651557
-12.613421748892941,-15.45152787011087,-5.6819907113433
-13.125275173656883,-15.617235861558097,-5.7360538766262525
-13.596348753226476,-15.749369922164833,-5.779020695016837
-14.025086595443804,-15.847540535979523,-5.810674717346824
-14.409950736183852,-15.911418788946655,-5.830817259628803
-14.749427617301063,-15.940738649297664,-5.83926830867504
-15.042034797245714,-15.935299110792647,-5.835867402222179
-15.286327867558256,-15.89496618133703,-5.820474479183316
-15.480907545423829,-15.819674699495662,-5.792970695542478
-15.624426909502724,-15.709429961581549,-5.753259201326551
-15.715598743377775,-15.564309142312423,-5.701265874037853
-15.753202948214007,-15.384462492509433,-5.63694000390856
-15.73609398364274,-15.170114297959687,-5.560254926346869
-15.663208293499016,-14.921563584379403,-5.471208596985731
-15.5335716708938,-14.63918455439534,-5.369824104818495
-15.346306515224082,-14.323426743605895,-5.256150119012676
-15.100638932151956,-13.974814884086266,-5.1302612651336315
-14.795905626347398,-13.593948465157286,-4.992258426684088
-14.43156053592217,-13.181500982838601,-4.842268968073446
-14.007181157009887,-12.738218871143618,-4.680446875371782
-13.5224745068966,-12.26492011023673,-4.506972811477411
-12.977282674498241,-11.762492508450341,-4.322054082632658
-12.371587907833494,-11.231891657236833,-4.125924513559298
-11.705517189467285,-10.674138560295104,-3.918844228851741
-10.979346252709698,-10.090316940346497,-3.7010993386612436
-10.193502993651128,-9.481570229324399,-3.4730015271264
-9.34857023689576,-8.849098250067678,-3.234887542452407
-8.445287816114853,-8.194153599952317,-2.987118588012044
-7.484553934265512,-7.518037749237911,-2.730079614332742
-6.467425772491307,-6.822096869227005,-2.4641785123443345
-5.39511932131299,-6.10771740761402,-2.189845208788408
-4.269008412701213,-5.376321430616662,-1.9075306652298758
-3.090622936960485,-4.629361753614039,-1.6177057826615726
-1.8616462340045574,-3.8683168840414934,-1.320860214250004
-0.583911654520473,-3.094685802191089,-1.0175010893317493
0.7406017073511544,-2.309982607317086,-0.7081516523315179
2.109774101902934,-1.5157310580280428,-0.3933498208310757
3.5213510180105723,-0.7134590373409657,-0.07364666756903293
4.972949862820147,0.09530702604076735,0.25039516830922093
6.462067399854216,0.9090477477022088,0.5782031349085335
7.986087912123413,1.7262563555005657,0.909196479801435
9.542292050699237,2.5454442018493424,1.2427880139804963
11.127866323305343,3.3651461863980665,1.5783859202699388
12.739913171884256,4.183926055284957,1.9153955985041866
14.375461582859693,5.000381543509086,2.253221539402431
16.031478169001453,5.813149327629123,2.5912692187318216
17.704878657469667,6.620909756950976,2.928947003062096
19.39253971481948,7.422391332614875,3.265668058175135
21.091311036534176,8.216374905530296,3.600852251007981
22.798027626065597,9.001697565926875,3.9339280358806215
24.509522186428704,9.777256199380261,4.264334315693413
26.22263754614978,10.542010686519605,4.591522268775932
27.934239040822877,11.29498672621,4.9149571321314705
29.641226771696278,12.035278264807507,5.234119931950524
31.340547663592623,12.76204951708258,5.548509152463831
33.029207246053616,13.47453656757137,5.85764233447034
34.70428108387752,14.172048544414215,6.1610575952079225
36.36292578616057,14.853968361143409,6.458315061633085
38.00238952652748,15.519753025353973,6.748998209638503
39.62002201140145,16.16893351669427,7.032715102260906
41.213283837871785,16.801114240111776,7.309099520513334
42.77975518791303,17.41597206374378,7.5778119811105284
44.31714381133235,18.01325495421562,7.838540636039259
45.82329225580672,18.59278022536248,8.091002049651115
47.29618430864921,19.15443241948743,8.33494184971718
48.73395062144182,19.698160843173945,8.57013524967545
50.134873495317855,20.22397678235168,8.79638744011539
51.497390811393885,20.731950423740074,9.013533848372148
52.82009909756751,21.222207511937526,9.221440265937463
54.101755729538624,21.69492577326163,9.420002844227675
55.341280270408944,22.150331138957412,9.60914796007266
56.53775495950056,22.5886938015616,9.788831953095686
57.69042436704693,23.01032413902939,9.959040737934734
58.79869423709196,23.415568541691282,10.119789295003397
59.86212954623281,23.804805177208202,10.271121044197288
60.88045181071608,24.178439728438388,10.413107106612696
61.853535678805066,24.5369011385257,10.545845459952602
62.78140484924952,24.880637396580244,10.669459993845823
63.664227360082634,25.210111396063276,10.784099471792878
64.50231029483004,25.525796896432556,10.889936406874448
65.29609395552914,25.828174616772362,10.98716585871116
66.0461455537294,26.11772848805532,11.076004159445922
66.75315247187368,26.394942088387776,11.156687576730457
67.4179151481654,26.66029528311023,11.22947092183625
68.04133963822188,26.914261088993197,11.294626111077799
68.624429906523,27.1573027790188,11.35244068873396
69.16827989992073,27.389871241408457,11.403216319584613
69.67406545430445,27.612402603676994,11.447267259047146
70.14303608396351,27.825316129602154,11.48491880870525
70.5765067012866,28.029012394125218,11.51650576477494
70.9758493122311,28.22387173837666,11.542370866755295
71.34248473052864,28.41025300427943,11.562863253169382
71.67787435090747,28.58849254554768,11.578336930919876
71.98351201875377,28.75890350939625,11.589149264370594
72.2609160306472,28.921775380927112,11.595659489825472
72.51162129712927,29.077373779980416,11.598227260616552
72.73717169594472,29.225940498248253,11.597211227539276
72.93911264086655,29.367693762657076,11.5929676588921
73.1189838881194,29.50282870944286,11.5858491038949
73.27831259938155,29.631518051974542,11.576203102781964
73.41860667740676,29.75391292423115,11.564370946396146
73.54134838749218,29.87014388090622,11.55068648765608
73.64798827534737,29.98032203439641,11.535475006832367
73.73993938942046,30.08454030842766,11.519052132155744
73.81857181342043,30.18287478777237,11.501722816893821
73.88520751265997,30.275386143409293,11.483780373675957
73.94111549593848,30.362121112562967,11.465505566520848
73.98750729299815,30.443114013321328,11.447165760730234
74.02553274612363,30.518388273957058,11.429014130556313
74.05627611321562,30.587957957657327,11.411288924330593
74.080752478654,30.651829264086373,11.394212786558715
74.09990446746976,30.710001990052085,11.377992136338795
74.11459925776074,30.762470932509146,11.36281660134962
74.1256258859097,30.80922721819562,11.348858506578518
74.13369283897649,30.850259545354056,11.336272416915412
74.13942592863651,30.885555324222437,11.325194732727745
74.14336644120226,30.915101704282435,11.315743337548403
74.14596955858502,30.938886477613778,11.308017297053011
74.1476030455098,30.956898849114097,11.302096608571308
74.1485461988725,30.969130065794978,11.298042000466875
74.14898905580523,30.975573898849465,11.29589478082691
74.14903185777514,30.976226973696804,11.295676735026055
74.14868476886333,30.971088944738874,11.297390071861455
74.14786784723663,30.960162513105388,11.301017418097604
74.14641126971085,30.9434532872129,11.306521861404384
74.14405581019528,30.92096948751203,11.313847041817477
74.1404535736788,30.892721498341302,11.322917291992505
74.13516898825229,30.85872127133855,11.333637826659805
74.12768005843603,30.818981586375887,11.345894981811622
74.11737988377953,30.77351517747544,11.359556504264777
74.10357844729963,30.722333732622293,11.37447189233558
74.08550467880887,30.665446777811848,11.390472788437185
74.06230879853798,30.602860457041867,11.407373424459628
74.03306494665695,30.53457622127572,11.424971120816283
73.99677410433853,30.46058944065404,11.443046840035635
73.9523673118643,30.380887955405143,11.461365795741171
73.89870918894076,30.295450581989954,11.479678117793245
73.83460176185602,30.20424559200318,11.497719574263554
73.75878860136068,30.107229182225982,11.51521235077408
73.66995927418982,30.004343954974765,11.531865887557114
73.56675410995618,29.895517428503165,11.547377774381719
73.44776928372958,29.780660597675798,11.561434703243851
73.3115622129839,29.659666565433366,11.573713478434428
73.15665726573458,29.532409265693964,11.583882083281786
72.98155177462333,29.398742298277092,11.591600802515261
72.78472234943237,29.258497896182078,11.596523398816334
72.56463147805306,29.111486045096203,11.598298341716783
72.31973440329804,28.957493774339007,11.596570086572052
72.04848626016275,28.79628463756673,11.590980400887217
71.74934945522772,28.627598400459625,11.58116973480657
71.4208012668785,28.451150951295922,11.566778632100913
71.06134164193408,28.266634448781275,11.547449177504369
70.66950116115093,28.07371771975802,11.522826475770595
70.24384914294414,27.87204691747184,11.492560157342513
69.78300185157858,27.661246448936716,11.456305905066305
69.28563077307142,27.440920177626513,11.413726995935475
68.750470919157,27.2106529052525,11.364495851431148
68.17632911693556,26.970012133778184,11.308295589635742
67.56209223930851,26.718550106104367,11.244821571946177
66.90673532903192,26.45580612105009,11.173782936904363
66.2093295672486,26.181309115391823,11.09490411340387
65.46905003572033,25.89458050283232,11.007926305326398
64.68518322072379,25.595137256885604,10.912608939515342
63.85713420573018,25.28249522182007,10.80873106891046
62.98443349959168,24.956172633030313,10.69609272265011
62.066743447043336,24.61569382554808,10.574516194999585
61.10386416891452,24.26059310688421,10.44384726508618
60.09573898055679,23.890418768055092,10.303956339616226
59.04245923864122,23.50473720451665,10.15473951101525
57.944268568672065,23.10313711684023,9.996119523769838
56.801566428299154,22.68523375934384,9.828046642156357
55.614910964786795,22.25067320356478,9.650499413015282
54.38502112879406,21.79913658244662,9.463485317766516
53.112778010921474,21.330344280433664,9.267041308456973
51.799225372249744,20.84406003433063,9.061234223281176
50.44556934530524,20.34009490980655,8.846161077713418
49.05317728748605,19.818311118800498,8.621949228129123
47.62357577492587,19.278625643825837,8.38875640556695
46.158447731002674,18.72101363626146,8.14677061808413
44.65962869015421,18.145511557154865,7.89620992097787
43.12910220427679,17.552220030827037,7.637322054977326
41.56899440569042,16.941306383645944,7.370383953345781
39.98156774737548,16.31300684269927,7.095701119662814
38.36921394785552,15.667628371723069,6.813606878873821
36.734446174637334,15.00555012450018,6.524461504991248
35.07989050645447,14.327224498999211,6.228651229601158
33.408276720616804,13.633177778745988,5.926587136063134
31.72242845747882,12.924010351268299,5.6187039449847305
30.025252819337886,12.200396496894715,5.305458697197834
28.3197294658952,11.463083744679416,4.987329341058067
26.608899272705383,10.712891795731068,4.664813231425629
24.895852622751022,9.95071101770517,4.338425548162428
23.18371740436761,9.177500517641107,4.0086976423935905
21.47564679117331,8.394285803650758,3.6761753191288085
19.77480688140385,7.602156049163003,3.3414170651191992
18.0843642750935,6.802260976466161,3.0049922310377677
16.40747366787256,5.995807379140791,2.667479177216021
14.747265539766524,5.184055305613013,2.329463392246642
13.106834016291872,4.368313928461703,1.9915355937736645
11.489224977363959,3.5499371262631696,1.6542898207392422
9.89742448708863,2.730318806638687,1.318321526242305
8.334347614433668,1.9108880007727027,0.9842256799922356
6.802827711107749,1.0931037609833014,0.6525948891132518
5.305606208760683,0.278449893948187,0.32401754577644953
3.8453229929094648,-0.5315704370837124,-0.000923990189784174
2.424507405848118,-1.3354402073304514,-0.32165516592989146
1.045569925275681,-2.1316340888540117,-0.6376109600590307
-0.2892054404606994,-2.918624038499476,-0.9482375500990221
-1.5776680056945045,-3.694884882024935,-1.2529939163955002
-2.8178064807914276,-4.458899861714603,-1.551353376557893
-4.00775424335124,-5.209166115676223,-1.8428050449832984
-5.145793791508504,-5.9442000581610674,-2.1268552125615177
-6.230360369981412,-6.662542631593469,-2.4030286422070155
-7.260044765834078,-7.362764402538069,-2.670869776420455
-8.233595277089831,-8.043470475547652,-2.9299438536436115
-9.149918863301853,-8.70330520070126,-3.179837930733098
-10.008081492903335,-9.340956652641545,-3.4201618094369524
-10.807307707571086,-9.955160861029665,-3.650548865310166
-11.546979428903366,-10.544705774534876,-3.8706567780475933
-12.226634037395744,-11.10843494274255,-4.080168162742268
-12.845961757966833,-11.645250902677716,-4.2787911020912
-13.404802390112629,-12.15411825898079,-4.466259580066666
-13.90314142413357,-12.634066449117443,-4.6423338180463425
-14.34110558776845,-13.08419218733635,-4.806800514848284
-14.71895786997518,-13.503661583387782,-4.9594729925446055
-15.037092070517403,-13.891711934264922,-5.100191250329089
-15.29602692545097,-14.247653189411595,-5.228821929087122
-15.496399859562526,-14.570869091938638,-5.345258189660038
-15.638960417306908,-14.860818000392083,-5.449419508108799
-15.724563423837235,-15.117033397506113,-5.541251391563135
-15.754161927342405,-15.33912409413996,-5.620725018490765
-15.72879997312591,-15.526774138230417,-5.687836807436762
-15.649605258704542,-15.679742440080592,-5.742607918464963
-15.51778171770596,-15.797862126643158,-5.785083691681444
-15.334602078532312,-15.881039638636748,-5.815333027334527
-15.101400441667064,-15.92925358535178,-5.833447712066826
-14.819564917169188,-15.942553372854979,-5.839541695943004
-14.490530361357244,-15.921057621986538,-5.8337503248928115
-14.11577124897446,-15.864952393063163,-5.816229533193876
-13.696794714276283,-15.774489234552343,-5.787155000573321
-13.235133791533933,-15.649983073174637,-5.746721278433674
-12.732340882431318,-15.491809962923346,-5.6951408896077265
-12.189981474784755,-15.300404710373096,-5.63264340592145
-11.60962813396387,-15.076258393386393,-5.5594745076955245
-10.992854785370056,-14.819915789930363,-5.475895029146943
-10.341231303361269,-14.53197273319388,-5.382179993465144
-9.656318419125721,-14.21307340855986,-5.278617641134655
-8.939662957224497,-13.863907607250825,-5.165508454861394
-8.192793407863718,-13.485207950640676,-5.0431641842352954
-7.417215839440855,-13.077747098326752,-4.91190687303125
-6.6144101535486435,-12.642334952096565,-4.772067891816112
-5.785826682429791,-12.179815866919824,-4.623986978295477
-4.932883126862998,-11.691065879061542,-4.468011287602771
-4.056961830634489,-11.176989960362802,-4.304494454508405
-3.159407386113049,-10.638519306686081,-4.1337956693111275
-2.2415245640020105,-10.07660866748689,-3.9562787689704195
-1.3045765590892748,-9.49223372246681,-3.77231134485032
-0.34978354275167245,-8.886388510298035,-3.5822638682741346
0.6216784879097483,-8.260082913499158,-3.3865088349383394
1.6086785751312398,-7.6143402026967015,-3.1854199291043432
2.6101313911076254,-6.950194642738112,-2.9793712083805595
3.6249975659143487,-6.268689162437356,-2.7687363098253055
4.652283764703537,-5.570873089141918,-2.55388767804437
5.691042526245927,-4.857799948815404,-2.335195815925862
6.740371874871323,-4.130525331936903,-2.113028558648946
7.799414717736155,-3.3901048252292743,-1.8877503716216149
8.867358039134231,-2.63759200904403,-1.6597216730445363
9.943431903282267,-1.8740365201485207,-1.4292981818612873
11.026908276669644,-1.1004821796791666,-1.1968302919379545
12.117099680680194,-0.31796518613667124,-0.9626624734140348
13.213357684786944,0.47248762650093123,-0.7271327022787726
14.315071250205188,1.2698604651928442,-0.49057191934859273
15.421664933479187,2.0731501880753367,-0.25330351994820655
16.53259695908823,2.8813678474198023,-0.01564287572558226
17.64735716980124,3.6935401637528136,0.222103109845336
18.76546486319788,4.50871092910212,0.4596364106054397
19.886466522520145,5.325942336837644,0.6966682497254412
21.00993344982931,6.144316235080753,0.9329194327439889
22.135459309329235,6.962935300175502,1.1681206397205706
23.262657588682913,7.780924126267186,1.4020126745666
24.391158986200868,8.597430226632735,1.634346669623664
25.520608731920042,9.411624942069292,1.8648842436014772
26.65066385082056,10.222704251386348,2.093397611073517
27.780990376746608,11.029889478877406,2.3196696418588925
28.911260526001207,11.832427893580368,2.5434938687970408
30.04114984006996,12.629593195184134,2.764674442649444
31.170334307490123,13.420685881610506,2.983026033140488
32.298487475507194,14.205033493602269,3.198373675477814
33.42527756284615,14.981990732086846,3.410552562070466
34.55036458565151,15.750939444660673,3.6194077795884003
35.67339750941144,16.51128847825494,3.824793991977068
36.794011440456465,17.26247339589442,4.02657507055142
37.91182487140152,18.003956056444082,4.224623672840067
39.02643699566031,18.73522405734524,4.418820772426462
40.13742510688804,19.45579004156353,4.609055142632773
41.244342099882516,20.165190871293436,4.795222797506091
42.34671409007686,20.862986672372596,4.977226394187001
43.44403816926867,21.548759754837068,5.154974601358285
44.535780315635776,22.222113416576573,5.328381439076781
45.621373476363814,22.882670638605866,5.497365595874234
46.70021584134505,23.53007268203205,5.661849729562726
47.77166932637929,24.16397759834433,5.821759758686909
48.835058284105166,24.784058666157947,5.977024152017922
49.889668460499394,25.390002768982775,6.127573223873187
50.93474621419101,25.981508729934127,6.273338443361837
51.96949801503991,26.558285620534384,6.4142517658892775
52.99309023741618,27.120051061844094,6.550244995397306
54.00464926238609,27.666529537088305,6.681249185861935
55.00326190156119,28.19745073568526,6.80719409051298
55.987976153701325,28.7125479491221,6.928007667073418
56.95780230328408,29.211556539436224,7.043615647038653
57.91171436817381,29.694212501138942,7.153941176624973
58.84865190125142,30.160251137246025,7.258904536512052
59.767522148419125,30.609405869649592,7.358422946888191
60.66720256278744,31.04140720337209,7.452410463582255
61.546543672108925,31.45598186328296,7.540777970237952
62.404372293665396,31.852852120634815,7.623433270561148
63.23949508787075,32.23173532529275,7.700281283657329
64.0507024388468,32.59234365779763,7.771224344384588
64.83677264719756,32.934384113434646,7.836162609488721
65.59647641717761,33.25755872828862,7.894994569074334
66.32858161745811,33.56156505487735,7.947617661713086
67.03185829177245,33.84609689238774,7.993928990212797
67.70508389290781,34.11084527382253,8.033826133784649
68.3470487108338,34.35549970952774,8.067208051067183
68.95656146325678,34.579749683644174,8.09397606721165
69.53245501459509,34.783286397043994,8.114034937021101
70.07359218731415,34.96580474731185,8.127293974982202
70.57887162777291,35.12700553334448,8.133668241950582
71.0472336872399,35.266597869211296,8.13307977726396
71.47766627756599,35.38430178907919,8.125458864177162
71.8692106601675,35.479851022292664,8.110745315753679
72.22096712650064,35.55299591515453,8.088889767722078
72.53210052810701,35.60350647360482,8.059854964323868
72.80184561458975,35.63117549888133,8.02361702285114
73.0295121385482,35.63582178639391,7.980166662405542
