t1,t2,t3,t4
78.48,44.145,19.62,4.905
83.89292353542213,43.773564288402426,17.182833229206345,4.101678964124153
88.96593052387928,43.146595429445654,14.587786276996123,3.2516277931735518
93.63026211397103,42.25152128586982,11.844023604430985,2.357867879766144
97.82243806188056,41.07879815085751,8.962672229549362,1.424040195456029
101.48539565975267,39.62203459969038,5.956653948770494,0.45435029749562705
104.56947117623908,37.87805238764146,2.8404794315861723,-0.5464990321718215
107.03319837673568,35.8468844738949,-0.3699900793934612,-1.5733856247370772
108.84390517703044,33.5317120464731,-3.657806805557764,-2.6208540444238704
109.9780965601148,30.938744095495245,-7.0052188815348515,-3.6832075773908457
110.42161922838721,28.077044571927274,-10.393963503473566,-4.7546035508436235
110.16961074550566,24.958313427317073,-13.805562962769535,-5.82914941304905
109.2262428313398,21.596628820393782,-17.22161593296721,-6.900997067697786
107.60427472841401,18.00815847603094,-20.62407682223533,-7.964433105881504
105.32443792230254,14.210848582004354,-23.995516681968006,-9.013962805873891
102.41467779029145,10.224098713673657,-27.319360034623365,-10.044386061905076
98.90928085274423,6.068431102811312,-30.58009300506934,-11.050863742947392
94.8479181548163,1.7651621413382586,-33.763439259669816,-12.028973354623865
90.27463592010072,-2.6639166310218165,-36.85650142512968,-12.974753264763589
85.23682405787034,-7.196841623081658,-39.84786682520082,-13.884735139413415
79.78419148693074,-11.81175888810198,-42.72767749204741,-14.755964606115938
73.96777471630314,-16.487179967892462,-45.48766544048836,-15.586010501762031
67.83900287843105,-21.20220850802665,-48.12115510485883,-16.372963362534062
61.448838642531065,-25.93673534169818,-50.62303560545263,-17.115424065324472
54.847010346212734,-30.671600778291708,-52.98970611861223,-17.812483728362334
48.08134646794533,-35.388723804549365,-55.218998064214574,-18.463696121257165
41.197219400772326,-40.07119878689676,-57.31007809718355,-19.06904392156789
34.23710153516331,-44.7033610351799,-59.26333600340372,-19.62890018895387
27.240233044194152,-49.270823239238155,-61.0802615685132,-20.143986413536425
20.24239758453264,-53.76048531480278,-62.76331432853474,-20.61532843836025
13.275799447435517,-58.160520593794736,-64.31578984527641,-21.04421146388496
6.369033550016852,-62.46034157022816,-65.74168579974678,-21.43213522291818
-0.4528619446875952,-66.65054857412872,-67.04557078678135,-21.78077027512004
-7.168281667144113,-70.72286480221551,-68.2324582463018,-22.09191621873267
-13.758869617369445,-74.6700610973203,-69.30768750217702,-22.36746246054568
-20.209288307387297,-78.4858737512378,-70.27681341728709,-22.609352029556796
-26.506952277922046,-82.16491842072394,-71.14550572910929,-22.81954877065266
-32.641737267418655,-85.70260300613077,-71.91945871691549,-23.000008116228333
-38.60567554179518,-89.09504205839278,-72.60431147935805,-23.15265150925101
-44.392646949049166,-92.33897496345037,-73.20557877667164,-23.279344443110958
-49.998074204005114,-95.43168981328293,-73.72859211897256,-23.381877993006043
-55.41862978784048,-98.37095451795864,-74.17845056274413,-23.461953641058177
-60.651960708693544,-101.15495635087383,-74.55998051097814,-23.521171142630294
-65.6964362486101,-103.7822507561354,-74.87770369628346,-23.561019143593835
-70.5509227441482,-106.25171988861884,-75.13581245693084,-23.58286823633469
-75.21458843036449,-108.56254100890092,-75.33815138866382,-23.587966134507408
-79.68674043023992,-110.71416452202156,-75.48820446494148,-23.577434651173316
-83.9666950970498,-112.70630113576884,-75.58908675952404,-23.55226818010084
-88.05368211395758,-114.53891732580992,-75.64353997231255,-23.51333340374881
-91.94678201797699,-116.2122380365108,-75.6539310465448,-23.461369981915407
-95.64489613724848,-117.72675532278674,-75.62225326749608,-23.396992010412003
-99.14674730369508,-119.08324145490236,-75.55012934471297,-23.320690077719412
-102.45090912080862,-120.28276486977282,-75.43881609686727,-23.23283378783471
-105.55586102380536,-121.32670726362969,-75.28921047628731,-23.133674657983697
-108.4600658648094,-122.21678008592255,-75.10185678522419,-23.023349339254267
-111.16206629071287,-122.95503871612813,-74.87695504443634,-22.901883145323325
-113.66059576138085,-123.54389268557647,-74.61437057358033,-22.769193908253257
-115.95469969019467,-123.98611044576029,-74.31364492937905,-22.62509620988791
-118.0438618903187,-124.28481738129028,-73.97400841914187,-22.469306061865495
-119.92813129409122,-124.44348601602533,-73.59439446182245,-22.301446125986597
-121.60824379698657,-124.46591765903588,-73.17345610467542,-22.12105157905338
-123.08573407966144,-124.3562150747645,-72.70958501937291,-21.92757673189286
-124.36303239880539,-124.11874612864423,-72.20093329626951,-21.720402510801726
-125.44354162451845,-123.75809874316633,-71.64543832897391,-21.498844900983567
-126.33169024926275,-123.27902788597238,-71.04085103366302,-21.26216443575772
-127.03295770590738,-122.6863956858832,-70.38476757945313,-21.00957679267593
-127.55386910769484,-121.98510611924367,-69.67466471906972,-20.7402645286831
-127.9019574505673,-121.1800360121353,-68.907938705188,-20.453389951829305
-128.08569237871293,-120.27596434939127,-68.08194765999502,-20.14810908774119
-128.11437577882248,-119.27750205618293,-67.1940571372927,-19.823586656282213
-127.99800570006613,-118.18902451192896,-66.24168848198043,-19.479011928968283
-127.74711135022314,-117.01460906223645,-65.22236945573107,-19.113615292335993
-127.37256314275257,-115.75797970900992,-64.1337864652153,-18.72668529829463
-126.88536291021103,-114.4224609822967,-62.97383760569943,-18.3175859413251
-126.29642040067434,-113.01094273459977,-61.740685623645135,-17.885773866025197
-125.61632298226209,-111.52585725817437,-60.432809812322766,-17.43081517869454
-124.8551060484725,-109.96916972095552,-59.04905578924592,-16.952401515017094
-124.02203190445007,-108.34238246332367,-57.588682067643596,-16.450365003836854
-123.12538489374074,-106.6465532145945,-56.05140232953842,-15.924691765642578
-122.1722901827102,-104.88232679533503,-54.43742233754911,-15.37553359443115
-121.16856295744898,-103.04997939051246,-52.74747048730488,-14.803217493444338
-120.1185938239166,-101.14947402987053,-50.982821102007485,-14.208252768752779
-119.0252749707499,-99.18052551519635,-49.14530970344913,-13.59133542920462
-117.88997020498665,-97.14267270627916,-47.237339656526714,-12.953349695803057
-116.71253036601401,-95.03535583209649,-45.26187977249034,-12.295366486621964
-115.49135393395214,-92.85799634086479,-43.22245266414509,-11.61863881300998
-114.22349095270276,-90.61007674742699,-41.123113867338006,-10.924594096844782
-112.90478676368734,-88.29121797975627,-38.968421969943755,-10.214823494517068
-111.53006056944622,-85.90125186431075,-36.76340021445697,-9.491068388553291
-110.09331258493019,-83.44028661446411,-34.5134902553841,-8.755204279709815
-108.58795254539571,-80.90876348542116,-32.22449895036975,-8.009222378468237
-107.00704166576199,-78.30750311801513,-29.902539237473214,-7.255209252816655
-105.34353981287485,-75.63774049552144,-27.553966294241086,-6.495324937009166
-103.59054966726188,-72.90114786381854,-25.185310282404302,-5.731779942048859
-101.74155000463973,-70.09984539731119,-22.80320705175072,-4.966811631793967
-99.7906108927996,-67.23639981310703,-20.414328206113275,-4.2026604382119
-97.73258453487327,-64.31381152759309,-18.025311923166832,-3.441546385297295
-95.56326664180534,-61.3354912986131,-15.642695869116007,-2.685646373948972
-93.27952452311698,-58.305227591466036,-13.272853462112266,-1.9370726505771236
-90.87938947915967,-55.227146139636915,-10.921934618404428,-1.1978528417345842
-88.3621124927341,-52.10566333651643,-8.595811967922527,-0.46991188734547573
-85.72818358893859,-48.94543519064593,-6.300033357168535,0.2449438518715673
-82.97931650146559,-45.751303605591545,-4.0397812734111955,0.9450400992544976
-80.11840140233659,-42.528241710529656,-1.8198396319646424,1.628845630702902
-77.14942938226143,-39.281299875443715,0.35543182559030484,2.2949806237477275
-74.07739308451589,-36.015553903715926,2.4821154637040816,2.942222368133935
-70.90816838299429,-32.736056714306585,4.556746136136889,3.5695083794867526
-67.64838225346503,-29.44779461577754,6.5763143044121755,4.175937013175661
-64.30527202556507,-26.155649045411014,8.538262320083236,4.760765724597588
-60.88654104061214,-22.864364408531316,10.440474421598804,5.323407163753069
-57.40021540322081,-19.57852241505708,12.281261094450544,5.863423325518001
-53.85450603458196,-16.30252308043898,14.059338516019354,6.380518002098762
-50.25767964678765,-13.040572343354269,15.77380385417403,6.8745278008059465
-46.617941596406425,-9.796676058316436,17.424107212167385,7.345411998794694
-42.94333287637775,-6.574639951772215,19.010021013427174,7.793241507353329
-39.24164280041429,-3.3780749879556353,20.531607600767366,8.218187212436797
-35.520338251948814,-0.21040747712196817,21.989185788112955,8.620507946349658
-31.786509734073952,2.9251068259847997,23.38329705209087,9.000538328795196
-28.04683388662151,6.025365442207871,24.714671988974775,9.358676694979982
-24.30755164496333,9.087399545379883,25.984197592659466,9.69537330515356
-20.574460810617854,12.108352841304008,27.192885834620512,10.011119004885199
-16.852921489907974,15.08545977598688,28.341843949992516,10.306434479472225
-13.147872633170753,18.016023864879813,29.43224675746086,10.581860219972004
-9.463857769315508,20.897396882443037,30.46531126672202,10.83794729316552
-5.805057972073421,23.72695958517309,31.44227375753728,11.075248983875364
-2.175330106290663,26.50210456403026,32.36436945017922,11.294313355918975
1.421751524996878,29.22022173653389,33.23281482924256,11.4956767578907
4.982851889941836,31.87868689705284,34.0487926318708,11.679858282118975
8.504831890142473,34.47485364823553,34.81343946761126,11.84735516961152
11.984706383140576,37.00604893916212,35.52783600023125,11.998639140557936
15.419604765071796,39.46957233858181,36.192999591549416,12.13415361890269
18.806735096505992,41.86269907631509,36.809879283118036,12.254311810468787
22.143352536136483,44.18268679423789,37.379352972771464,12.359495586898241
25.426732633881926,46.4267858618041,37.90222662890029,12.450055122050433
28.654149832807086,48.59225303127896,38.37923537506729,12.526309223226837
31.82286134259014,50.67636813610946,38.81104627052432,12.588546296440379
34.9300963795564,52.67645347336583,39.19826260765166,12.637025882708441
37.97305062207303,54.58989545899131,39.54142954474604,12.671980700836736
40.94888560697947,56.41416810352865,39.841040891462676,12.693619131227523
43.85473269352162,58.14685782662637,40.09754686421973,12.702128074778726
46.68770114603766,59.78568911125144,40.31136262977359,12.697676120866946
49.4448898348288,61.32855049311685,40.4828774568587,12.680416958691602
52.123402025054375,62.773520386998335,40.61246429824928,12.650492966895943
54.72036271441225,64.11889226865502,40.700489628922256,12.608038917397847
57.23293798962258,65.36319875794948,40.747323370325184,12.55318573080287
59.65835589675112,66.5052341841622,40.75334873626501,12.486064222690556
61.993928358280925,67.54407525685684,40.71897184283117,12.406808782521457
64.23707371742195,68.47909951325904,40.64463093323571,12.315560929961554
66.38533954413069,69.31000126415931,40.53080507864401,12.212472697104136
68.43642539435024,70.03680481305206,40.378022228074684,12.097709789408972
70.38820527077897,70.6598747758782,40.18686649428292,11.971454483171089
72.23874958693193,71.17992337984492,39.95798457814176,11.83390822294542
73.98634648356013,71.59801466808969,39.69209125123769,11.685293888525647
75.62952238525527,71.91556558149816,39.38997383495069,11.52585770771373
77.16706171342607,72.13434392917043,39.05249563385547,11.355870798099327
78.5980256885447,72.2564632946079,38.68059830145027,11.175630328251255
79.92177015907019,72.28437495574249,38.27530313652277,10.985460295942824
81.13796238693105,72.22085692382484,37.83771132839824,10.78571192811525
82.24659670080048,72.0690002295259,37.369003188363045,10.576763714050388
83.24800890023864,71.83219260513508,36.87043642221396,10.359021089502127
84.14288925837077,71.51409973026833,36.34334351467965,10.132915795165125
84.93229393091411,71.11864422581014,35.789128309980924,9.898904937698301
85.61765453827371,70.64998259757122,35.20926188370812,9.657469785455536
86.20078564854292,70.11248034783034,34.60527780924937,9.409114334023545
86.68388985608374,69.51068548978597,33.97876692706332,9.154363678579365
87.06956012629254,68.8493007169378,33.33137172711581,8.893762230944674
87.36077906522438,68.13315449624587,32.664780453862896,8.62787181905553
87.56091477547074,67.3671713700034,31.980721039432545,8.357269705441535
87.6737129789008,66.5563417659236,31.280954964390453,8.082546559305364
87.70328512360449,65.70569162703329,30.56727113700595,7.804304414025024
87.65409224673425,64.82025218156453,29.841479871649376,7.523154638498874
87.53092443608811,63.905030177107164,29.105407035277633,7.239715946861655
87.33887581943637,62.96497890189733,28.360888418343304,6.954612466869027
87.08331510910791,62.0049703084913,27.60976437333379,6.668471882827857
86.76985183679399,61.02976854067442,26.853874750930466,6.381923664482805
86.4042985258714,60.044005143029764,26.095054150859085,6.0955973888880015
85.99262916135409,59.052156204212366,25.33512749221865,5.810121158111358
85.54093442622292,58.05852165004557,24.575905896709383,5.526120111735466
85.05537427278784,57.06720686180897,23.819182867953447,5.244215029610042
84.54212848461258,56.082106749547094,23.066730741176862,4.965021017233372
84.00734595459375,55.10689236117314,22.320297370000034,4.689146263530926
83.45709345496167,54.14500005704228,21.58160301101953,4.417190858677868
82.89730470302977,53.199623228117424,20.85233736225927,4.149745657982434
82.33373053121707,52.2737064854904,20.134156708395388,3.8873911767007625
81.77189095097536,51.36994220147928,19.428681123858517,3.6306964999736815
81.21702985857263,50.49076923932938,18.73749168441685,3.3802181918391145
80.6740730679982,49.63837367109001,18.062127638563233,3.13649918745462
80.14759027521869,48.81469125270439,17.404083491890212,2.9000676532377154
79.64176146202108,48.02141140268458,16.76480596056662,2.671435800573604
79.16034814067531,47.25998241662792,16.145690753967735,2.4510986400309545
78.7066697269397,46.53161764466657,15.548079151411041,2.239532664650976
78.28358521297065,45.83730236284253,14.973254343778034,2.0371944528216512
77.89348019787178,45.17780108220373,14.422437517537483,1.8445191835100534
77.53825922604629,44.553665060685574,13.896783666310139,1.6619190591946864
77.2193432858853,43.965239811895785,13.397377123615268,1.4897816347111825
76.93767223671175,43.41267244084283,12.925226819793487,1.3284680533898572
76.69371186267675,42.895918678320896,12.481261276271708,1.1783111953090684
76.48746520004455,42.41474953178793,12.066323361266154,1.0396137461928614
76.31848774974058,41.96875751969472,11.681164842617566,0.912646199413148
76.18590617006979,41.55736250676143,11.326440785591396,0.7976448076712138
76.08844004422424,41.17981720797694,11.0027038559812,0.6948095051709318
76.02442633194039,40.83521247737219,10.710398601506615,0.6043018253816042
75.99184614213127,40.52248254211422,10.449855797024583,0.5262428437288325
75.98835350068977,40.240410381419935,10.2212869511566,0.4607111786394276
76.01130583171606,39.987633481479385,10.024779083206303,0.4077410881762018
76.05779591772479,39.76265022040097,9.860289889298535,0.3673207028947332
76.1246851514132,39.563827149696266,9.72764342507785,0.3393904383902442
76.20863793488377,39.389407439784236,9.626526438613517,0.32384163312782843
76.30615711863098,39.23752074547781,9.556485490919503,0.32051545841243784
76.41362039932794,39.10619472284184,9.516925002284685,0.3292021476128479
76.52731761022424,38.99336839101652,9.507106360028029,0.34964059087489024
76.64348883918753,38.8969074819089,9.526148217019744,0.38151833943442803
76.75836329621131,38.8146218579033,9.573028100093648,0.4244720601869083
76.86819882452002,38.744285004333534,9.646585433176849,0.4780884763409585
76.96932190799792,38.68365552135168,9.745526061558241,0.5419058237714649
77.05816797417239,38.630500451532484,9.868428341324346,0.6154158451328572
77.13132172879719,38.582620188074884,10.01375083187412,0.6980663349849715
77.18555718832911,38.537874617237705,10.179841600003531,0.7892642392633659
77.2178770039883,38.49421006142202,10.364949111899183,0.888379301585781
77.22555059979213,38.449686510011944,10.567234655217687,0.994748237368339
77.20615058136755,38.4025045576456,10.784786198106222,1.1076794048149066
77.15758681693367,38.3510314177704,11.015633556499793,1.2264579298630176
77.0781375508832,38.29382534654014,11.25776470635563,1.3503512304695895
76.96647688775755,38.2296578011697,11.509143044742215,1.4786148745640353
76.82169798333867,38.15753266985911,11.76772537398374,1.6104986959520295
76.64333130249555,38.07670194851344,12.031480357428919,1.7452530837750495
76.43135735172635,37.98667730285291,12.298407174841781,1.88213535414606
76.18621336831154,37.887237042151334,12.566554090754886,2.020416107576665
75.90879354671704,37.77842814063359,12.83403664107014,2.159385473016728
75.6004425042092,37.66056307126422,13.099055142227844,2.2983591389080336
75.26294182826268,37.53421136001353,13.359911233652793,2.436684073697884
74.89848970387865,37.40018592157293,13.615023177941636,2.573743842772142
74.50967378414433,37.25952439414299,13.862939664140711,2.708963435671863
74.09943763635025,37.11346584517313,14.102351886985973,2.8418135265896174
73.67104126244979,36.96342336553022,14.332103708408567,2.9718141022585627
73.22801635022907,36.81095320046001,14.551199746008555,3.0985374041349183
72.77411705409126,36.657721176332636,14.758811275445112,3.221610145859267
72.31326722622097,36.50546726778604,14.954279878528087,3.3407149819445943
71.84950511523614,36.35596920679664,15.137118814881585,3.455591219031391
71.38692661645253,36.211006060954496,15.307012141008416,3.56603477641259
70.92962819298874,36.07232270171826,15.463811645061773,3.671897417411408
70.48165058886231,35.941596045017754,15.607531707345162,3.773085287164679
70.04692442409467,35.820403878017906,15.738342234354404,3.869556805035371
69.62921869912707,35.71019699023347,15.856559847052681,3.9613199709177778
69.23209314428652,35.612275208713996,15.962637531233353,4.0484291538402015
68.85885523347584,35.527767800856466,16.057152978702263,4.130981438319877
68.51252254443058,35.457618560359094,16.140795862263513,4.209112608769467
68.19579099618531,35.402575738074034,16.214354295021515,4.2829928548591
67.91100933358972,35.363186826266386,16.2787007254491,4.35282228114519
67.66016006470349,35.339798058019774,16.334777514366593,4.418826302602322
67.44484689539235,35.33255834868598,16.383582428963916,4.481251004114074
67.26628855177209,35.34142728805085,16.42615427297421,4.540358536724024
67.12531874000894,35.36618669402314,16.463558851889122,4.596422616790092
67.0223918683102,35.40645516382044,16.496875448592583,4.649724186423121
66.9575940507646,35.46170500836621,16.527183958926017,4.700547285037845
66.9306588290881,35.531280930327505,16.555552809434467,4.749175172817757
66.94098698739423,35.61441980523324,16.58302775180146,4.795886737701269
66.98766979699505,35.71027094676501,16.610621601125676,4.840953208423052
67.06951501222493,35.81791627911624,16.639304959002445,4.884635187450509
67.18507494288578,35.93638989813107,16.669997938026068,4.927180009567045
67.33267595201383,36.06469657514994,16.703562882383626,4.968819424557203
67.5104487666504,36.201828839227296,16.740798060103383,5.009767596089528
67.71635904120332,36.34678236068985,16.782432286561217,5.05021940357473
67.94823767466059,36.498569448010066,16.829120426222996,5.090349029561621
68.20381045115226,36.65623055706669,16.88143971038012,5.130308812145704
68.48072664501879,36.81884379381525,16.93988680278384,5.170228339893498
68.77658630366977,36.98553246542613,17.004875542470398,5.2102137658867695
69.08896599143046,37.15547079883692,17.076735293484177,5.250347317595714
69.41544284291545,37.327887997739055,17.15570983437035,5.290686980306234
69.75361683329034,37.502070848192005,17.241956725891516,5.331266333644566
70.10113122354232,37.67736510880379,17.335547103053067,5.372094523239507
70.45569118047834,37.85317593373367,17.436465846797304,5.413156352605374
70.81508060294719,38.02896757614705,17.544612101229593,5.454412483779246
71.1771772075048,38.20426260708782,17.659800113540342,5.495799738961715
71.53996593859122,38.37864086130087,17.781760385455698,5.537231499249002
71.90155077082719,38.55173828890837,17.910141136660016,5.578598200364753
72.26016496518207,38.723245851824515,18.044510091770693,5.619767928964912
72.61417982774904,38.8929085583773,18.184356612710804,5.6605871264666225
72.96211200118223,39.060524680895185,18.32909420733744,5.700881410316542
73.30262929623909,39.22594515119715,18.47806345259377,5.740456525049394
73.63455504621908,39.38907308018303,18.630535375936795,5.779099437287448
73.95687094240684,39.54986330221939,18.78571534207093,5.816579589903136
74.26871828596963,39.70832180482397,18.94274749285038,5.8526503308315725
74.56939757314584,39.8645048711978,19.10071978641757,5.887050531416787
74.85836631792722,40.01851773917454,19.258669677096343,5.919506407664535
75.13523501151333,40.170512566628084,19.415590470202613,5.949733555337692
75.3997611220848,40.320685491471245,19.570438375795376,5.9774392064761885
75.6518410530184,40.46927258488029,19.722140272573288,6.002324710687519
75.89150000325316,40.61654451965829,19.86960217782554,6.024088239502935
76.1188797103037,40.7627998115862,20.011718401860737,6.04242770632502
76.33422410404945,40.90835653956682,20.147381346051734,6.057043888133824
76.5378629569534,41.05354250916019,20.27549188302667,6.067643728330143
76.73019368222121,41.19868389200022,20.394970236172846,6.073943793064253
76.91166150344372,41.34409244829838,20.504767254142283,6.075673846339469
77.08273829477079,41.490051518413665,20.603875955158774,6.072580502325672
77.24390046645111,41.636801049110055,20.69134319636882,6.064430906915146
77.39560634310455,41.78452199712789,20.76628130601645,6.051016394854502
77.53827354759052,41.9333205233694,20.82787950160559,6.032156064041229
77.67225695797767,42.08321245161417,20.87541490615803,6.0077002050179376
77.79782784521143,42.23410851265335,20.90826296782373,5.977533521544337
77.91515482125723,42.385800924803064,20.925907085995497,5.9415780775552705
78.02428722894648,42.53795187218827,20.927947250135393,5.899795906958396
78.12514158337245,42.690084430925026,20.914107505989556,5.852191225670035
78.21749162927449,42.84157645917696,20.884242077829633,5.79881219005606
78.30096250923924,42.991657909794235,20.838339994695144,5.7397521524953765
78.37502944468608,43.139411944696285,20.77652809300438,5.67515037300842
78.43902121758182,43.28378013025465,20.69907229683338,5.6051921556176705
78.49212860886855,43.42357187565391,20.606377109925017,5.530108389093415
78.53341780392735,43.55747814551486,20.49898328920427,5.450174483691376
78.56184862116208,43.68408933874203,20.377563707219934,5.365708708067503
78.57629726274551,43.801917083024996,20.242917449380233,5.277069943382341
78.57558313290677,43.90941955447671,20.095962229907094,5.184654884284693
78.55849912514316,44.005029800444476,19.937725246894622,5.088894728588748
78.52384465149368,44.087186426297045,19.769332630542824,4.990251408637857
78.4704605800908,44.154365909216885,19.591997668454866,4.889213427217204
78.39726516637499,44.205115728191004,19.407008016865234,4.786291369114387
78.30329001231975,44.23808745298183,19.21571212600975,4.682013165766274
78.18771506921672,44.25206891816275,19.019505120958506,4.5769191946747005
78.04990171405319,44.24601462229832,18.819814385741385,4.471557297301403
77.88942297686422,44.21907353663173,18.618085098374998,4.366477798923383
77.70609007480215,44.17061358045433,18.415765957568734,4.2622286114856776
77.49997451482956,44.10024211863974,18.21429532880093,4.159350495949814
77.27142515653422,44.007821956496095,18.01508801869048,4.058372554197972
77.02107977424487,43.893482443087414,17.81952286290816,3.959808012472204
76.74987081740501,43.757625440849615,17.628931285201414,3.8641503489166125
76.45902523365224,43.60092607066984,17.444586954475785,3.7718698073937156
76.15005838384612,43.424328291580146,17.26769663439311,3.6834103287368354
75.82476223622236,43.22903551705238,17.09939228673398,3.599186919354564
75.4851881723088,43.016496600307846,16.9407244569287,3.5195834659905674
75.13362486539955,42.78838763457001,16.792656938722935,3.4449509948093113
74.77257179940176,42.546590107217085,16.656062685840602,3.3756063631377873
74.40470907901214,42.293166016817196,16.531720912533324,3.311831363411964
74.03286423990242,42.030330607658435,16.42031530270383,3.253872211369515
73.65997679952194,41.760423397343786,16.322433229328336,3.201939384454658
73.2890612960133,41.48587817009275,16.238565872471426,3.1562077718544885
72.92316954635683,41.209192583331635,16.169109115404023,3.1168170946085803
72.56535281782322,40.93289799052209,16.114365094149836,3.0838725528080078
72.21862455242454,40.65953002217845,16.074544275997113,3.0574456569589485
71.88592421606329,40.39160039331375,16.049767946788428,3.037575202018233
71.5700827665109,40.1315703230395,16.0400709946992,3.024268345265276
71.27379015125986,39.8818258646975,16.045404889210477,3.0175017528804102
70.99956516162351,39.644655356585844,16.065640767489406,3.0172227846576773
70.7497278868231,39.42222911765106,16.100572555793505,3.0233506914828774
70.52637493439245,39.21658143266109,16.149920070183203,3.0357778058435874
70.33135751368582,39.0295948000696,16.21333205814084,3.0543707114982395
70.16626241963085,38.86298635519978,16.29038916005962,3.0789713843162136
70.03239590551131,38.718296333099076,16.380606786428515,3.109398302023417
69.9307703972374,38.59687840043228,16.48343792239515,3.14544752597818
69.8620939773828,38.499891664499884,16.598275885792134,3.186893763009548
69.82676255477918,38.42829415975145,16.724457077278444,3.2334914196444093
69.82485463369366,38.38283761737827,16.861263771656198,3.284975664622525
69.85612860417332,38.364063340636676,17.00792700741737,3.3410635183624375
69.92002249027124,38.37229903602118,17.16362963696215,3.401454989930483
70.01565611356699,38.40765648650802,17.327509602576875,3.465834283034124
70.14183565348415,38.470029995812936,17.4986635030939,3.5338710925845787
70.29706061112806,38.55909557975545,17.67615051316131,3.6052220124460397
70.47953320746161,38.67431093007846,17.858996711269835,3.6795320731229606
70.68717026742058,38.8149162250593,18.04619986421392,3.756436425364914
70.91761765701091,38.979935907585265,18.236734704658865,3.835562182041706
71.1682673486987,39.1681815927273,18.429558725154678,3.9165304262295084
71.43627718995019,39.378256301021,18.623618496549778,3.998958388341656
71.71859343936872,39.60856023862021,18.81785650163938,4.082461789444674
72.01197611364265,39.857298359427965,19.011218456418277,4.166657341749394
72.31302715601505,40.12248994574567,19.202661071939406,4.251165390807296
72.61822139319167,40.4019804317875,19.3911601900007,4.335612677338726
72.92394019298585,40.693455667901006,19.575719206240088,4.419635190055349
73.22650767049367,40.994458782320656,19.75537767529457,4.5028810745096255
73.52222921763956,41.30240974211805,19.929219975090874,4.585013557115605
73.80743205144124,41.61462764663858,20.09638389170901,4.66571383824838
74.07850739269058,41.928355706690105,20.2560689732273,4.744683903955313
74.33195380171126,42.24078877323607,20.407544491120863,4.82164920250314
74.5644211145678,42.54910318310387,20.55015684170789,4.896361129929606
74.77275434495715,42.850488589538415,20.6833362183111,4.968599268131772
74.95403684755503,43.14218134605093,20.80660238762286,5.038173319938874
75.10563198139518,43.42149891701014,20.919569411513756,5.1049246881807315
75.22522247038258,43.68587470205336,21.021949168345152,5.168727650020303
75.31084663547078,43.93289258793084,21.11355354571687,5.229490083765729
75.36093067211817,44.16032048492684,21.194295199310567,5.28715371294946
75.37431616953027,44.36614206922571,21.264186799699907,5.341693841535108
75.3502821163096,44.548585940621365,21.323338720134046,5.393118564500794
75.28856071099268,44.70615141912154,21.371955152623052,5.441467449505794
75.18934639511421,44.837630245633015,21.410328676266598,5.486809697575965
75.05329764940377,44.94212352129032,21.43883333963292,5.529241803397347
74.88153123793647,45.01905331617486,21.45791635697034,5.568884748504686
74.67560874694425,45.06816849901138,21.468088554907297,5.605880772988511
74.4375154400196,45.08954448156567,21.469913740831636,5.640389782907787
74.16963163428827,45.083576730445785,21.463997195125973,5.672585460981065
73.87469698685344,45.05096806941692,21.450973515735136,5.702651156957227
73.55576826111869,44.992709971037044,21.43149406414185,5.73077564099915
73.2161713120692,44.91005821079633,21.406214275884928,5.757148808167562
72.85944818200291,44.804503423220225,21.375781105637056,5.781957424456346
72.48930032781085,44.67773725095675,21.34082087617943,5.805381004673456
72.10952910271489,44.53161490856984,21.3019277922415,5.827587909740851
71.72397468540251,44.36811508725256,21.259653364270488,5.848731745751944
71.33645468499394,44.189298200665846,21.21449696418358,5.868948139517422
70.95070364983887,43.997264012586555,21.16689770572484,5.888351955577883
70.57031467183846,43.794109692444586,21.11722780712452,5.907035008072247
70.19868420733641,43.58188931507634,21.065787554462986,5.925064307797015
69.83896113354832,43.36257575758435,21.012801941753544,5.942480870698571
69.4940009301757,43.138025851956556,20.958419019656397,5.959299099367036
69.16632572451084,42.90994953123438,20.90270994034244,5.9755067343195485
68.85809077101699,42.679883564757134,20.84567064275319,5.991065357442897
68.57105775959846,42.44917032036485,20.787225081692597,6.005911416357126
68.30657516728446,42.21894182491507,20.727229867061258,6.019957726070199
68.06556569243523,41.99010922572006,20.66548014716161,6.033095393471747
67.84852064500168,41.76335759104557,20.60171654322158,6.0451961012472175
67.65550101629172,41.53914583368402,20.53563292173768,6.0561146808939
67.48614482163809,41.31771140316289,20.466884777318764,6.065691899818546
67.33968020275222,41.099079273792434,20.39509799157066,6.073757385043714
67.21494369559169,40.88307466083892,20.319877733114698,6.080132605819579
67.11040301522789,40.66933882781421,20.240817269780713,6.084633839330307
67.02418368120058,40.4573473051927,20.157506475863663,6.087075047536525
66.95409880377261,40.24642982465281,20.069539834434885,6.087270598792686
66.89768137092014,40.03579128197508,19.976523756279065,6.085037774963547
66.85221841455215,39.82453307387834,19.87808306223263,6.080199013054383
66.81478648846002,39.61167420644336,19.773866503627122,6.072583839565887
66.78228795556757,39.39617164189981,19.66355122528473,6.062030465586229
66.75148765372523,39.17693943260532,19.54684610619088,6.048387020746785
66.71904958316478,38.952866282020565,19.42349394375273,6.031512414320467
66.68157333065705,38.72283126838359,19.29327247769294,6.011276821683625
66.6356300116843,38.48571756378161,19.155994278466686,5.987561803876253
66.57779756943783,38.24042407588841,19.01150555207542,5.960260076898048
66.50469531575396,37.985875028663,18.85968393783438,5.929274955521281
66.41301763257212,37.72102757916291,18.700435397692633,5.894519503673218
66.2995667723021,37.44487763820777,18.533690314861836,5.855915429760668
66.16128470160307,37.15646412137094,18.359398935627418,5.813391770626204
65.99528392625854,36.85487190264819,18.17752630121511,5.766883412113641
65.79887721653782,36.539233775621014,17.988046826446475,5.716329497473236
65.56960612473742,36.20873174592662,17.790938688666774,5.6616717770637495
65.305268152064,35.8625979847005,17.586178194123946,5.602852954027746
65.00394238358015,35.50011576604648,17.373734289695292,5.539815080853659
64.66401337073417,35.120620693483254,17.15356338568465,5.472498061020898
64.28419300423712,34.72350249190434,16.925604650431602,5.400838308280448
63.86354008885557,34.30820760424578,16.68977592977228,5.324767613580443
63.40147730892499,33.87424278727711,16.445970434046075,5.2442122662293915
62.89780526155167,33.42117985030588,16.194054322436408,5.159092471624909
62.35271323553872,32.948661625749956,15.933865299050586,5.069322102789928
61.76678642941408,32.456409203146,15.665212317381808,4.97480881708276
61.1410093322245,31.94423039987898,15.387876469777941,4.875454562821337
60.47676503592065,31.41202938436087,15.101613116422211,4.771156493235857
59.7758303073485,30.859817312122075,14.806155284311075,4.661808297203586
59.040366319502404,30.287723783795556,14.50121834105226,4.547301947708912
58.27290502350522,29.69600888765275,14.186505921322688,4.42752986001719
57.476331231878554,29.085075549438457,13.861717055914525,4.302387442281683
56.65386057669481,28.455481879835524,13.526554424924573,4.171776011873849
55.80901359947501,27.80795318586248,13.180733628347074,4.035606041316756
54.94558631937777,27.14339329754401,12.823993339719376,3.8938006885112655
54.06761770851568,26.462894855723945,12.456106182205737,3.7462995571945616
53.17935457457327,25.767748211082708,12.076890142291402,3.593062625495205
52.28521440814577,25.059448598167073,11.6862203148222,3.4340742732895952
51.38974679281747,24.33970127115142,11.284040755184552,3.2693473330617255
50.49759399815196,23.610424319472507,10.870376200670599,3.0989270843528995
49.61345137850592,22.87374892050274,10.445343414142563,2.92289510887102
48.74202818386029,22.13201683192725,10.009161899541724,2.741372922091726
47.88800935356233,21.387774977162863,9.562163741000894,2.5545252978673627
47.056018811754825,20.643767031577568,9.104802325587539,2.3625632052566305
46.25058471690614,19.902921973946267,8.637659724129554,2.1657462815335364
45.47610704047809,19.168339625019676,8.161452525068004,1.9643847721009773
44.73682776510925,18.443273251853615,7.677035942550457,1.7588408767275308
44.036803904768206,17.73110937132971,7.185406051530137,1.5495294519829828
43.379883462233394,17.035344937940415,6.6877000387735475,1.3369180317395795
42.769684356922085,16.359562148461702,6.1851943985227,1.1215261408411095
42.209576282087376,15.707401138861696,5.679301044063623,0.9039238911758614
41.70266538773456,15.082530886188971,5.171561350446614,0.684729864033814
41.251781636567735,14.488618659958684,4.663638187822522,0.4646082973650184
40.85946864631055,13.929298393598872,4.1573060479900255,0.24426561095038812
40.52797581340916,13.408138366875404,3.6544394074866586,0.024446316115835975
40.25925251004938,12.928608605012121,3.1569995076449238,-0.19407163095003221
40.0549441573731,12.494048409642732,2.6670197643264975,-0.41048196235582896
39.91639000072793,12.107634440935962,2.186590046542091,-0.6239556392691825
39.84462244505512,11.772349769340575,1.717840083057065,-0.8336467146161785
39.84036784693843,11.490954309422637,1.2629222687926611,-1.0386984276262223
39.90404870093302,11.26595703713376,0.8239941480318724,-1.2382494381711413
40.03578719799958,11.099590375367919,0.40320084906394493,-1.4314401093784892
40.235410169718065,10.993787110563321,0.0026577351566876573,-1.6174187499525554
40.502455460281844,10.950160175065307,-0.3755664799046756,-1.795347732859104
40.8361797863742,10.969985595673357,-0.7294659263261392,-1.9644094142889934
41.23556815081634,11.054188868007074,-1.0571128856162075,-2.123811785809729
41.69934486798114,11.203334968941434,-1.3566720457985362,-2.2727938029845642
42.225986236805895,11.417622165488384,-1.6264135749559805,-2.410630345085563
42.8137348610513,11.696879718519895,-1.8647249205608416,-2.536636772424282
43.46061556728488,12.040569514333665,-2.0701212794405803,-2.6501730598363022
44.16445281071862,12.44779158730113,-2.241254719688394,-2.7506474965562147
44.922889389991,12.917293424105715,-2.376921970116431,-2.8375199537030724
45.73340621730514,13.44748286610426,-2.476070923839558,-2.9103047304955583
46.59334281352699,14.036444353144256,-2.537805929286405,-2.9685729988122946
47.499918122718086,14.681958181978871,-2.561391963555592,-3.01195487254602
48.45025117110217,15.381522387607326,-2.54625779895726,-3.040141133176287
49.44138103563142,16.13237679882895,-2.491998283399928,-3.0528846459784496
50.470285540989515,16.931528772348425,-2.398375858812461,-3.050001502243192
51.533898074654026,17.775780075031275,-2.265321439053813,-3.031371921816872
52.6291219007717,18.661754363204683,-2.092934759985189,-2.9969409472713084
53.75284136782467,19.585924702652008,-1.8814842999795305,-2.9467189562187412
54.90192944456927,20.544640584115136,-1.6314068497085419,-2.8807820119046714
56.07325108501966,21.534153917105126,-1.343306786323378,-2.799272064490599
57.26366201713537,22.55064352948043,-1.0179550800008634,-2.7023970066728498
58.4700026713436,23.590237760838793,-0.6562880312452757,-2.5904305778008716
59.689087113246195,24.649034812979707,-0.2594057063784625,-2.463712100811807
60.91768701805647,25.723120608675426,0.17142999255400238,-2.3226460264606716
62.1525109197686,26.808584008409326,0.6347977175232336,-2.1677012498797827
63.39017918203223,27.90152934084058,1.1291196461605257,-1.9994101558341568
64.6271953653871,28.998086313435746,1.652665182484367,-1.8183673415339179
65.85991490100805,30.09441748161558,2.2035555544036867,-1.6252279598902355
67.0845122174107,31.18672356437258,2.7797694907015043,-1.4207056220088206
68.29694769558543,32.27124699802532,3.3791501687108245,-1.205569795825116
69.49293604064127,33.34427421400035,3.9994136250036987,-0.9806426383814837
70.66791784424107,34.40213720779417,4.638158814376426,-0.7467952025624518
71.81703626116861,35.441215031270985,5.292879486653286,-0.5049429653150759
72.93512082413098,36.457935886181765,5.960978025986528,-0.2560406335913824
74.016680462148,37.448780520582055,6.63978136328361,-0.0010761964816710101
75.05590775879183,38.41028762945544,7.326559029307589,0.25893579280955537
76.04669637725613,39.339061934604274,8.018543364343852,0.5229617035309323
76.98267338149259,40.23178556563392,8.712951840914418,0.7899570604225497
77.85724789049603,41.085233283184,9.407011390005085,1.0588754785961756
78.66367711333191,41.896291977748966,10.097984550163721,1.3286782314876815
79.39515032653485,42.661984743590445,10.783197184488479,1.5983443580152916
80.04489077835169,43.379499669355326,11.460067435133498,1.866881189757367
80.6062748462435,44.04622330797032,12.126135510976908,2.1333351542438255
81.07296705073959,44.65977859201843,12.77909383420091,2.3968026872298647
81.43906876129691,45.218066751881715,13.416817008543111,2.656441066026618
81.69927764472853,45.7193125781312,14.037391018752553,2.911478958549881
81.84905413531165,46.16211215345882,14.639141030110707,3.1612264696375636
81.88479048306294,46.54548197009706,15.22065713135313,3.4050844582354562
81.80397730072279,46.86890815393216,15.78081735622306,3.6425528970053214
81.60536201954989,47.13239434451042,16.318807330026537,3.873238050363961
81.28909331693866,47.33650663906897,16.834135919184874,4.096858258317628
80.85684542981745,47.482413906603824,17.326646314463712,4.313248131887258
80.31191634592112,47.571921722274006,17.796522052099185,4.5223609913441
79.6592941917098,47.607498169696186,18.244287570421562,4.7242694105361505
78.90568672232266,47.59228981420226,18.670803010935835,4.919163768647252
78.05950966516185,47.53012626757355,19.07725309947235,5.107348753881927
77.13083076113796,47.42551194582894,19.465130081524727,5.289237810646776
76.13126765927089,47.28360386577632,19.836210832142662,5.465345571421347
75.07383931075492,47.110174630212896,20.192528410123117,5.6362783651247135
73.97277212481696,46.9115601102578,20.536338473782365,5.802722943723381
72.84326382721125,46.69459173808484,20.870081116194076,5.965433616382203
71.70120963157635,46.46651376353247,21.19633880642701,6.125218023952793
70.56289691827706,46.23488629066897,21.51779123529485,6.282921824445751
69.4446760383314,46.00747538041464,21.83716795525648,6.439412590946764
68.36261604893005,45.792131966385206,22.157199770906004,6.595563246052183
67.33215507718066,45.59666176599671,22.48056987639956,6.752235370463015
66.36775554743963,45.42868876021642,22.809865747616804,6.910262727366704
65.48257465777523,45.29551514642774,23.147532779395995,7.070435338508182
64.68816023383044,45.2039809243811,23.49583061246387,7.2334844326263505
63.99418142452388,45.16032644198537,23.85679302246586,7.400068562804577
63.4082026549155,45.17006129549631,24.232192147534366,7.570761157175328
62.93550785800123,45.237842940728804,24.62350771475307,7.746039728553265
62.5789803276566,45.3673682254689,25.031901793999833,7.926276924394328
62.33904164243726,45.56128079979183,25.45819946481329,8.111733550612595
62.21365108806537,45.82109700636386,25.902875633208275,8.3025536529333
62.198364944764144,46.147152407171916,26.366048085907757,8.498761689345027
62.28645299475387,46.538570580559764,26.847476724201698,8.700261778490429
62.46906773190126,46.99325524046752,27.34656878316219,8.90683896303766
62.735460097895256,47.50790610856314,27.862389718225987,9.118162385539772
63.07323419310322,48.07805833158611,28.39367933351186,9.333790238128136
63.468632365483394,48.69814460359677,28.938872637151526,9.553176317430427
63.90684139998765,49.36157854874782,29.496124840035343,9.775677992911227
64.37231022750123,50.060857366265054,30.063339866467157,10.000565380660127
64.84906964187367,50.78768125506776,30.63820171823876,10.227031505485085
65.32104493414869,51.53308673737975,31.218208026728654,10.454203231726636
65.77235308793406,52.28759070165215,31.800705139307734,10.681152746993565
66.1875771801176,53.04134179377592,32.38292411451509,10.906909392336845
66.55201183938944,53.78427570610318,32.96201704266656,11.13047164639588
66.85187496876007,54.506270945797375,33.53509316196522,11.35081908882755
67.07448237359279,55.19730180269996,34.09925430185081,11.56692418887741
67.2083833916137,55.84758547330774,34.65162925223197,11.777763787259648
67.2434570388462,56.44772061917512,35.189406726466345,11.982330162596039
67.17096951552212,56.98881502972772,35.70986665469176,12.179641596583377
66.98359511774609,57.46260050366931,36.21040960982844,12.368752373958822
66.67540364286319,57.86153354112186,36.688584228990024,12.548762173444459
66.2418182380946,58.17888093117617,37.14211254622699,12.718824823521949
65.67954831188594,58.40878980778552,37.56891319687212,12.878156411569336
64.9865026033405,58.54634221314532,37.967122488024344,13.026042746161597
64.1616877925991,58.58759463580079,38.335113352991556,13.161846179883376
63.20509814573391,58.5296033668879,38.67151221927152,13.285011803635982
62.117601637804995,58.37043683090843,38.97521381966298,13.395073023059094
60.90082780605499,58.10917628888936,39.24539396448404,13.491656523362655
59.557062271844146,57.74590647627265,39.48152027007295,13.574486620715918
58.089152454507435,57.28169782295019,39.68336080552025,13.643388986619433
56.500428501070296,56.71858190890995,39.85099057703576,13.698293716755957
54.79464288839608,56.05952173902421,39.98479571893132,13.73923769815966
52.975931531696986,55.308378280082124,40.08547520371508,13.766366208765238
51.04879856496007,54.46987449982465,40.15403982343379,13.779933662234978
49.01812625130155,53.549557890944754,40.191808132762375,13.780303389285361
46.88921073839044,52.55376216370642,40.20039898441802,13.767946325554743
44.667823597895485,51.48956846124611,40.18172023267946,13.743438456521416
42.36029827931268,50.36476610487003,40.137953134899725,13.707456853374556
39.973639768697105,49.18781252662063,40.071531948040175,13.660774121457337
37.51565487415699,47.96779170727321,39.985118201792424,13.604251076421754
34.995099667657385,46.71437012419015,39.88156913631716,13.53882746409598
32.42183970564267,45.43774893934859,39.763899825497056,13.465510549791151
29.80701774328406,44.148610937280125,39.635238570163345,13.385361422829206
27.16322276857364,42.85806056866151,39.49877524380154,13.299478893754527
24.504653339449256,41.57755537987199,39.357702408843934,13.208980906060294
21.847267442555186,40.31882712227622,39.21514919678369,13.114983442008404
19.20891044558155,39.09379094563063,39.07410816060005,13.018576973486372
16.609412231155876,37.914441293445634,38.93735556219218,12.920800593468462
14.070644327989609,36.792733436935656,38.80736584748633,12.822614060498474
11.616527845165372,35.74045000711063,38.686221382050405,12.724868095863105
9.2729833182589,34.769052406302826,38.57551886237612,12.628273388118934
7.067814237354012,33.88951759096838,38.47627417178131,12.53336887882529
5.030517085295855,33.11216140220612,38.38882780191192,12.440490022319374
3.192012196178262,32.44645035930024,38.3127532954716,12.349737825944533
1.584291659924352,31.900804600243692,38.24677146550603,12.26094957944485
0.23998284002124137,31.48239542270437,38.18867339234741,12.173672266925898
-0.8081711935471629,31.196941616791243,38.13525537161546,12.08713971530607
-1.52790994224919,31.048509452113887,38.08226906623523,12.000254563091925
-1.8881247683249818,31.039321749706495,38.024390084506884,11.911576126639352
-1.8595880260121191,31.169581898382603,37.95520804972009,11.819315192708622
-1.4157273841945752,31.43731893126708,37.86724093344971,11.721336672289409
-0.5334273513816958,31.838259831947948,37.75197598838994,11.615170909251074
0.8061630146167449,32.36573506745154,37.599939037477604,11.498034248317364
2.6168397740705833,33.010622931550856,37.40079316124219,11.366859232462405
4.9065965994268845,33.76133762099157,37.1434669895224,11.218334524897832
7.676946618389321,34.60386506413816,36.81631186934777,11.048954342761633
10.92234024994023,35.52184939319365,36.40728617778711,10.855076858306788
14.629704746445064,36.4967316262496,35.90416401341546,10.63299068090718
18.778129113595487,37.50794064421824,35.29476447460304,10.378988193428036
23.338714921410624,38.53313496059508,34.5671967624819,10.089444194515329
28.274609293928027,39.54849214787242,33.71011547802325,9.760898009697572
33.541231181737444,40.529041167939326,32.712979761899625,9.39013699406882
39.08669604683605,41.44903132259222,31.566309394807934,8.974279171740012
44.85243754270103,42.28233016138378,30.261930670484972,8.51085265412678
50.77401791675453,43.00284152058484,28.793204800894244,7.997869459538345
56.782111991786834,43.58493397457944,27.155231829362457,7.433891425920527
62.80364300778392,44.003869404564284,25.34502351693286,6.818086068406055
68.7630426359464,44.23622116056616,23.361639420847403,6.150270480582414
74.58360240394096,44.26027142791453,21.206281379651728,5.430941705767266
80.18887985166131,44.0563779082385,18.882342822124322,4.661292400565408
85.50412017456243,43.60730077108605,16.395410681249423,3.8432110623943365
90.45765304757339,42.89848199261738,13.753219165027705,2.979266577362738
94.98222482370024,41.91827062560478,10.965556152276902,2.0726773447212588
99.01622835682971,40.65808918132833,8.04412447995904,1.1272657279419391
102.50479621882577,39.11253808151686,5.002361805814037,0.14739904938036652
105.40072790478237,37.279436984592735,1.855224006805821,-0.8620812342445596
107.66522752144768,35.159803631333,-1.3810618421360958,-1.8959401819594337
109.2684351563864,32.75777261908897,-4.689268015959646,-2.948637572299332
110.1897423191071,30.08045813546492,-8.051452738129061,-4.014421198591838
110.4178892037605,27.137766105129284,-11.449255055110113,-5.087422697342356
109.95084872179022,23.94216238206245,-14.86419019975824,-6.161753350088501
108.79550898767724,20.50840452161259,-18.277937922135482,-7.231597389673036
106.96717194276692,16.853245273856693,-21.672616786930778,-8.291300516808864
104.48889085066996,12.995116247130031,-25.03103817959698,-9.335451581101081
101.39067333018745,8.953800206699576,-28.336934687040426,-10.358955688525235
97.70857930845492,4.750100218385626,-31.57515857590079,-11.357097348991553
93.48374474265462,0.40551335038234493,-34.73184723167302,-12.325592656270416
88.7613621994396,-4.058084054086368,-37.794553594336875,-13.260629881329331
83.58964847894634,-8.618733382906637,-40.75234078221312,-14.158898242914024
78.01882755346645,-13.254667868585763,-43.59584119137296,-15.017604981374829
72.1001543239898,-17.944559688137616,-46.31728135532267,-15.834481190786486
65.88500126952579,-22.667737006932263,-48.91047471871704,-16.60777715036997
59.424026174963764,-27.404368991173232,-51.37078519776011,-17.336248131933026
52.766434974386954,-32.1356178345303,-53.69506495558756,-18.01913184120884
45.95934952951392,-36.843757790338444,-55.881570208518255,-18.656118776084192
39.047286050240665,-41.5122620492994,-57.9298591015294,-19.24731685482377
32.07174600410872,-46.125859037918374,-59.840675758253944,-19.79321168579187
25.070917872670243,-50.67056032535655,-61.61582453726845,-20.294623821931268
18.079485082506867,-55.1336628120772,-63.25803833156041,-20.752664274815643
11.128532922866414,-59.50372823370204,-64.77084445363224,-21.16868946176217
4.245545286379155,-63.77054325308279,-66.15843127783344,-21.544256633019522
-2.545519366940683,-67.92506354113725,-67.42551838741456,-21.88108068219862
-9.224084343111425,-71.95934527318389,-68.57723251869972,-22.180993089316857
-15.772755313351336,-75.86646740442318,-69.61899112908335,-22.4459035888941
-22.177077177013935,-79.64044794860146,-70.55639495721893,-22.677765001451863
-28.425258861737596,-83.27615728049733,-71.39513050786408,-22.878541520544257
-34.5078771229845,-86.76923122794442,-72.14088299238156,-23.050180613076698
-40.41756957458443,-90.1159864240608,-72.79925989778422,-23.194588571094208
-46.14872619601766,-93.31334006554337,-73.37572504840098,-23.313609650400505
-51.697187478931156,-96.35873587752137,-73.87554276796504,-23.409008646348216
-57.05995624495911,-99.2500777276402,-74.30373154703197,-23.48245669016645
-62.23492903063383,-101.98567196885085,-74.6650264699653,-23.535519999841874
-67.22065182513704,-104.56417922805642,-74.96384955451428,-23.569651286883342
-72.01610388593245,-106.98457600192296,-75.20428710126805,-23.5861835029121
-76.62051236068933,-109.24612607697605,-75.39007313516552,-23.586325606280983
-81.03319951881178,-111.34836146352944,-75.52457804141046,-23.571160037014497
-85.2534635438139,-113.29107222691313,-75.61080154796792,-23.541641606372707
-89.28049305570917,-115.07430431981841,-75.65136928065982,-23.498597533364233
-93.11331481451889,-116.69836427138613,-75.64853220922765,-23.442728392706115
-96.75077339450273,-118.16382937703663,-75.60416840834338,-23.374609775278532
-100.19154100628961,-119.47156186305465,-75.51978667151339,-23.294694501394073
-103.43415507449119,-120.6227253764917,-75.39653163359938,-23.203315267666046
-106.47708064766583,-121.61880207850365,-75.23519017512777,-23.10068764852413
-109.31879422482956,-122.46160860156293,-75.0361989949109,-22.986913412224364
-111.95788513088364,-123.15330917081965,-74.79965334336919,-22.861984147398328
-114.39317016900729,-123.69642428862758,-74.52531700428254,-22.72578522876762
-116.62381693165665,-124.09383353863412,-74.21263369482111,-22.57810017871633
-118.64947087702495,-124.34877127964997,-73.86074012025276,-22.418615504184235
-120.47038109090872,-124.46481426541504,-73.46848096870082,-22.246926105154817
-122.08751957261973,-124.44586053774846,-73.0344261611055,-22.062541361329718
-123.50268892576469,-124.29609928852591,-72.55689068091809,-21.864892007010553
-124.71861351692031,-124.01997175944508,-72.03395729628471,-21.65333790051036
-125.73900950101111,-123.62212363471262,-71.46350245433582,-21.42717678352664
-126.56862961047257,-123.1073497662269,-70.84322557304041,-21.18565410795462
-127.21327926881287,-122.48053243821045,-70.17068188190508,-20.927973982943335
-127.67980141321028,-121.74657471292102,-69.44331887025865,-20.653311264164778
-127.97602838204823,-120.91033068582473,-68.65851629333429,-20.36082477107703
-128.11070031947176,-119.97653470340546,-67.8136295649059,-20.04967157744789
-128.09335073877654,-118.94973174754034,-66.90603623459549,-19.71902227682286
-127.93416112987296,-117.83421125768925,-65.93318511248539,-19.36807707942588
-127.64378774615783,-116.63394663993935,-64.89264746818532,-18.996082551796206
-127.23316491048946,-115.35254259793497,-63.782169601235,-18.6023487670345
-126.71329028331311,-113.99319221672373,-62.599725960055544,-18.186266593658573
-126.09499848303207,-112.55864544260791,-61.34357188298797,-17.74732481655521
-125.38873018734458,-111.05119024031427,-60.01229495240975,-17.285126756074796
-124.60430432879609,-109.47264728702409,-58.604863896167984,-16.799406032508415
-123.75070119216569,-107.8243785980112,-57.120673943563105,-16.290041114330872
-122.83586410181248,-106.10730999014291,-55.55958754887536,-15.757068290693113
-121.86652694465407,-104.32196679807393,-53.92196943584098,-15.200692722332796
-120.84807401590132,-102.46852178474732,-52.20871499215944,-14.62129725054122
-119.78443762339771,-100.54685375330158,-50.42127115327893,-14.019448680817174
-118.67803758166687,-98.55661499040218,-48.56164905716106,-13.395901305615226
-117.52976522219521,-96.49730536745082,-46.63242792288882,-12.75159748795648
-116.33901290746046,-94.36835070862506,-44.636749800963045,-12.087665192977829
-115.10374833657373,-92.16918291172225,-42.578305055933946,-11.405412425742044
-113.82063124830273,-89.8993192832578,-40.46130866572452,-10.7063186085044
-112.48516854087201,-87.55843862251405,-38.29046764910876,-9.992023006617051
-111.09190241101206,-85.14645175505166,-36.070940155492224,-9.264310386735165
-109.63462493231835,-82.66356446524921,-33.80828696163825,-8.525094161369687
-108.10661159780871,-80.11033109685813,-31.50841631091121,-7.776397337641281
-106.50086578110543,-77.4876974646909,-29.177523195306854,-7.020331643098793
-104.81036584523254,-74.79703213186284,-26.822024313364828,-6.259075245783102
-103.02830674992042,-72.04014553699979,-24.448490033620633,-5.494849517873291
-101.14832846215472,-69.21929688604793,-22.06357475061044,-4.729895311258378
-99.16472422879221,-66.33718913625624,-19.673947037199575,-3.9664492187654714
-97.07262277868847,-63.3969527797581,-17.28622097335805,-3.2067202866049684
-94.86813972836893,-60.4021194675738,-14.906889969189788,-2.4528676224419295
-92.54849480597807,-57.35658679130307,-12.542264302195118,-1.7069793104231605
-90.11209291584613,-54.26457575198354,-10.198413459810343,-0.9710530009510338
-87.55856847379323,-51.130582589578154,-7.881114223630783,-0.24697849080409118
-84.88879378861235,-47.95932672157412,-5.595805257525407,0.4634774495857573
-82.10485349263526,-44.755696547488355,-3.347548774672056,1.1586838080777848
-79.20998808814916,-41.52469482256132,-1.1409996650972989,1.8371554937044623
-76.2085105423709,-38.271385195632675,1.0196177278417462,2.4975608674935628
-73.10570050964319,-35.00084135179279,3.130525180298478,3.1387266414070307
-69.90768117583254,-31.71810000962344,5.188398683123648,3.7596402047866984
-66.62128390867777,-28.428118805905093,7.190369390562676,4.359449491376415
-63.25390587168157,-25.135739867797994,9.134017891437036,4.93746054688054
-59.81336553947617,-21.845659633440512,11.017362386578212,5.493132996209534
-56.30776066762481,-18.562405245554853,12.83884144643524,6.026073640495093
-52.745332752336324,-15.290317616780952,14.597292087684735,6.5360284364130665
-49.13434140076778,-12.03354105652863,16.291923947689845,7.022873124434945
-45.4829513560268,-8.796019162186152,17.92229035198073,7.486602778723505
-41.79913421678177,-5.581496516169283,19.48825706447551,7.927320550120068
-38.09058619070681,-2.3935255967792344,20.98996948539855,8.345225865852663
-34.36466255094381,0.7645217938388944,22.427819020653118,8.740602336174755
-30.628328847647445,3.889439357277231,23.802409291875158,9.113805600152553
-26.888128379572734,6.978168202817704,25.114522791733666,9.465251321318306
-23.15016496541557,10.0277766707457,26.365088517393723,9.79540351994377
-19.420099678023092,13.035438916376055,27.555151039401487,10.104763403257584
-15.703159918902596,15.998413073273836,28.685841386297124,10.393858828940415
-12.004159013940747,18.914019772816474,29.75835004938983,10.663234511481628
-8.327524398926833,21.779621740250946,30.773902339329734,10.913443056143835
-4.677332427861517,24.592605117526183,31.7337362579673,11.145036881895315
-1.0573478688655396,27.35036308308835,32.63908298667036,11.358561073137714
2.5289337585682503,30.05028225102816,33.49115003654277,11.554547180648635
6.0782427160429195,32.68973223880873,34.29110705725908,11.73350797502544
9.587491988846153,35.266058696454806,35.040074259571206,11.895933141099006
13.053735983283591,37.7765799925669,35.73911337175638,12.04228588923449
16.47413211210013,40.21858765571842,36.38922102193905,12.173000449026443
19.845906183196607,42.58935057545625,36.99132441574821,12.288480402449638
23.166322289436025,44.88612287691087,37.54627916147689,12.389097806830398
26.4326576870738,47.10615529847568,38.05486908204607,12.475193052822174
29.64218295254999,49.24670982458366,38.517807843895454,12.547075398668458
32.79214752625299,51.305077256605756,38.9357422267136,12.605024119189226
35.87977059058697,53.27859734549137,39.309256854041735,12.64929020593165
38.902237090472994,55.164681060943686,39.638880202691226,12.680098553607111
41.85669858865201,56.96083453443046,39.925091708173895,12.697650567157659
44.7402785564056,58.66468418766356,40.16832978364377,12.702127123455957
47.55008163243308,60.2740025445278,40.36900057099929,12.693691821682327
50.28320633784394,61.78673422266549,40.52748724471722,12.672494456815352
52.936760712193276,63.20102161054965,40.64415969170755,12.638674651424704
55.50788033234052,64.51522975609203,40.7193843940927,12.59236558209737
57.99374819034608,65.72797002250634,40.75353434648688,12.533697738410302
60.391615935941736,66.8381221048772,40.74699884527017,12.462802654440932
62.69882603033889,67.84485404506233,40.70019299471913,12.379816555442288
64.91283440805853,68.74763993142102,40.61356678384368,12.284883865550984
67.03123329875477,69.5462750216111,40.487613598526615,12.178160526282138
69.05177391831195,70.24088807955744,40.32287804613591,12.059817080108619
70.97238879458024,70.8319507700226,40.119962984174244,11.930041478612145
72.79121354494453,71.32028400456399,39.879535660647434,11.789041580488409
74.50660796781187,71.70706117987999,39.60233289148586,11.637047311016373
76.1171763458134,71.99380829278844,39.289165219260084,11.47431246136088
77.62178688336851,72.18240095484748,38.94092001723193,11.301116113138841
79.01959021421888,72.27505836378259,38.55856352304594,11.11776368089178
80.31003691526583,72.27433431859313,38.143141806609975,10.92458757230364
81.49289395194374,72.18310539093206,37.695780696429715,10.721947473006308
82.56825995856296,72.00455638773605,37.21768470733189,10.510230269449071
83.53657922638149,71.74216325990521,36.7101350296396,10.289849629401708
84.39865423506052,71.3996736299049,36.174486654994986,10.061245265059178
85.1556565225609,70.9810851282372,35.61216472676872,9.824881908285604
85.80913564775425,70.49062174542455,35.02466021304387,9.58124803117158
86.3610259625376,69.93270842287383,34.41352500729965,9.33085434770916
86.81365087954873,69.31194412290535,33.78036656603925,9.074232133976501
87.16972430096335,68.63307363521939,33.12684219370176,8.811931404767545
87.43234886622378,67.90095839374413,32.45465308337325,8.544518984136715
87.60501068421841,67.12054659351742,31.765538217264833,8.272576505921206
87.69157024000343,66.29684291115959,31.061268223937784,7.996698378050108
87.69624920838112,65.43487814361728,30.343639280180508,7.71748974146999
87.62361296634012,64.53967908715939,29.614467134679813,7.43556445094662
87.47854867239572,63.616238981083434,28.875581318614174,7.151543100989739
87.26623887117485,62.669488837341206,28.128819595470922,6.866051115842309
86.99213068326968,61.70426996761515,27.376022689190673,6.579716918026565
86.66190074979733,60.725308002810884,26.619029316577212,6.293170185484722
86.28141621407894,59.737188676331904,25.8596715371578,6.00704020302203
85.8566921348644,58.744335612032785,25.099770421649264,5.721954309660438
85.39384583194415,57.75099032092482,24.341132029152092,5.438536439736783
84.89904876129654,56.761194568352536,23.585543673356163,5.157405752198914
84.37847659896165,55.7787752265842,22.83477044954303,4.879175339617491
83.83825827702564,54.80733167790653,22.090551987096752,4.604451005971908
83.28442475861752,53.850225781899894,21.354599386624106,4.3338301002997115
82.72285835972968,52.91057436921189,20.628592296628536,4.0679003918204195
82.15924342303802,51.99124417448897,19.91417608194042,3.807238971144688
81.5990191228133,51.094849074772874,19.212959034717336,3.5524111616398173
81.04733513159371,50.22374945811348,18.526509578713895,3.3039694249177907
80.50901081059615,49.38005351172132,17.856353418602332,3.06245224471714
79.98849849978242,48.56562019079742,17.203970588324303,2.8283829741396826
79.48985138364928,47.78206360910107,16.570792355702068,2.60226863225517
79.01669629925884,47.03075858094408,15.95819794477801,2.384598637482722
78.57221173814243,46.3128470419446,15.367511042542203,2.175843466883343
78.15911117794936,45.62924508256254,14.79999606281868,1.9764532325425257
77.77963176740043,44.9806503439229,14.25685414709336,1.78685616857901
77.43552828324636,44.367549549198245,13.739218889964189,1.6074570249792108
77.12807218403343,43.790225975110154,13.248151785661637,1.4386353674202357
76.85805550541707,43.24876670594256,12.784637401699854,1.2807437854982124
76.62579927766619,42.74306955565734,12.34957829613279,1.1341060153070557
76.43116609918341,42.2728495909172,11.943789706037853,0.9990149860916556
76.2735764708061,41.83764523755488,11.567994046631117,0.8757308046933425
76.15202848398587,41.436824003669344,11.22281527269086,0.7644786956651672
76.06512046052144,41.069587902376085,10.908773166543568,0.6654469191959083
76.01107616047524,40.734978704533894,10.626277629511598,0.5787846932638266
75.98777220576213,40.431883194736535,10.375623066148929,0.5046001506468895
75.99276740669572,40.159038640739,10.156982962464031,0.4429583654313779
76.02333372421761,39.91503871559803,9.970404770269598,0.39387948735782563
76.07648864812634,39.6983401315788,9.815805219391875,0.35733702558185126
76.1490288178561,39.50727025392712,9.692966187277193,0.3332563260593937
76.23756475385694,39.34003595978803,9.60153126110096,0.32151328863997575
76.33855660131935,39.1947339920338,9.541003130368834,0.32193337091825536
76.44835081122149,39.069363029089644,9.510741947782227,0.33429092581281905
76.56321769439488,38.961837649998536,9.509964792447803,0.3583089185870029
76.67938978110968,38.8700043194225,9.537746362037502,0.39365906649730353
76.79310090095336,38.791659451049874,9.59302100903474,0.43996244037839527
76.90062586571263,38.724569531537966,9.67458622062758,0.49679056221469164
76.99832059260996,38.666493202804425,9.781107622150634,0.5636670261140025
77.08266244845326,38.615205110854056,9.911125560394707,0.6400696621436287
77.15029052967556,38.56852123754618,10.063063295911409,0.7254332533190356
77.19804552218466,38.52432534130949,10.235236803104321,0.8191528058067329
77.22300871228288,38.480596047618334,10.425866144040587,0.9205873613248627
77.22253964990944,38.43543405400135,10.63308834729849,1.0290643290529773
77.19431190255067,38.38708885136356,10.854971687676576,1.143884302394726
77.13634628678466,38.333984317137954,11.08953122721752,1.2643263140055443
77.04704092875258,38.2747425094841,11.33474544380594,1.3896534709575885
76.92519748858176,38.20820498804167,11.588573741677484,1.519118901132774
76.77004288993301,38.133451007445785,11.848974609615613,1.6519719322768762
76.5812459265218,38.04981197578366,12.113924168448317,1.7874644169606166
76.358928173746,37.95688164121995,12.381434830633944,1.9248571102939867
76.10366871534883,37.85452156480284,12.649573782048261,2.0634260028980766
75.81650230105653,37.742861553510224,12.916480990184166,2.2024685095658354
75.49891067883657,37.62229486133455,13.180386444271903,2.3413094143813513
75.15280699117493,37.493468113094266,13.43962634150829,2.479306475879754
74.78051328390166,37.357266060352224,13.692657949584941,2.6158556010966247
74.3847313431307,37.214791435400215,13.938072898710697,2.7503955049717037
73.96850724476732,37.067340321507984,14.17460868576492,2.882411781348038
73.53519016543027,36.9163735993059,14.401158208298908,3.0114403234788334
73.08838615719611,36.763485154341545,14.616777185820208,3.137070045186096
72.6319077252765,36.61036763419508,14.8206893689824,3.2589448682183373
72.16972016216708,36.45877662060915,15.01228948267271,3.3767649564991
71.705885679418,36.31049412954921,15.191143895182956,3.4902871933903024
71.24450643552402,36.16729236791756,15.356989051291357,3.5993249133551104
70.789667583326,36.03089865915469,15.509727750836682,3.7037469140474286
70.34538145192127,35.902962401961965,15.64942339498247,3.803475788461415
69.91553393694517,35.78502484905479,15.776292358737443,3.8984856289730767
69.50383410108451,35.678492389652305,15.890694679479871,3.9887991655827144
69.11376788691983,35.58461389487246,15.993123276500782,4.074484409177526
68.74855672080665,35.504462544714464,16.084191935430518,4.155650877008877
68.41112164446947,35.43892240482893,16.16462230358202,4.2324454817294175
68.10405345583361,35.38867986701767,16.23523014770623,4.305048167251031
67.82958917819809,35.35421991554464,16.296911124612183,4.3736673744316015
67.58959501301915,35.3358270377141,16.350626307965193,4.438535417311441
67.38555577194845,35.33359046701784,16.397387701931052,4.499903846494529
67.21857063351136,35.34741333488315,16.43824395491935,4.55803887054976
67.08935493338889,35.37702521608825,16.474266465340236,4.6132168992742
66.9982475783559,35.42199748558197,16.506536046946056,4.665720264619439
66.94522357525851,35.481760861929686,16.53613029493065,4.7158331663489035
66.92991108976085,35.55562449497037,16.56411176645111,4.763837880383419
66.95161239575036,35.64279596151277,16.591517061526055,4.810011258605939
67.00932804513913,35.742401561093985,16.619346863191872,4.854621539914203
67.10178357836416,35.85350635125906,16.648556970111954,4.897925483781422
67.227458106478,35.97513342518924,16.680050331176965,4.94016582972393
67.38461412404074,36.10628201009436,16.714670070527156,4.981569079055069
67.57132795533856,36.245944048668726,16.753193473268077,5.022343589258568
67.78552029172698,36.39311901414498,16.796326887210043,5.062677966333477
68.02498634194589,36.54682679826553,16.844701484388345,5.102739736595889
68.28742518687864,36.706118597320355,16.898869817952935,5.142674276683685
68.57046800233871,36.87008580117053,16.959303105185565,5.182603978876898
68.87170488518022,37.037866961281246,17.026389165753294,5.2226276282670305
69.18871008675895,37.20865297416765,17.100430945606163,5.262819968706444
69.51906552128362,37.38169066482366,17.181645560878284,5.3032314357460155
69.86038247306487,37.55628498974838,17.27016380241,5.34388803681132
70.21032147468775,37.731800100746185,17.366030049692476,5.384791361548217
70.5666103667405,37.90765951891221,17.469202552737336,5.425918708452936
70.92706057839952,38.08334566374401,17.579554051170135,5.467223317449561
71.28958168679718,38.258398966168755,17.696872711307137,5.50863470184682
71.65219432198685,38.43241676781349,17.820863373670733,5.550059076953923
72.01304148414475,38.60505217372502,17.95114911490657,5.5913798864221596
72.37039833142879,38.77601298383516,18.087273138974243,5.632458430968672
72.72268048197157,38.94506078180117,18.228701022399743,5.673134607401469
73.06845085339276,39.11201021056224,18.37482334693037,5.713227768677307
73.40642503976258,39.276728414233396,18.52495875977854,5.75253771797338
73.73547520106902,39.43913457799274,18.678357506470167,5.790845851337304
74.05463241596583,39.59919945354564,18.8342054838568,5.82791646430904
74.36308742695877,39.756944719600206,18.991628860886127,5.86349823790977
74.6601896902299,39.9124419964415,19.149699312087623,5.8973259185118945
74.94544463187621,40.065811312803746,19.307439903313576,5.929122204307158
75.21850901012182,40.217218813203694,19.463831661051536,5.958599848366897
75.4791842904216,40.3668734957685,19.61782084563923,5.985463984655864
75.7274079583092,40.51502278503382,19.76832693510166,6.009414678864224
75.96324272390272,40.66194677142366,19.91425131032025,6.030149700636894
76.18686361219284,40.807950988876165,20.054486614155365,6.047367507812314
76.39854298406624,40.953357653546014,20.187926737392438,6.060770426772524
76.59863359331793,41.09849534833665,20.313477363476142,6.07006800612156
76.7875498529338,41.24368720828893,20.43006698252617,6.0749805138462705
76.96574755734615,41.389237738142505,20.536658263755193,6.075242541092325
77.13370238331618,41.53541847278669,20.632259654852263,6.0706066689470415
77.29188756727008,41.682452770529395,20.71593705790502,6.060847148408931
77.44075122767576,41.83050010455644,20.78682541477412,6.045763538294486
77.58069386358848,41.9796402859059,20.844140021246037,6.025184241431524
77.7120466110115,42.129858108044345,20.88718737947304,5.998969876346227
77.83505087359876,42.281028945195885,20.915375392775342,5.967016419970403
77.94983996025618,42.43290586082687,20.928222706337113,5.929258056843581
78.05642335676178,42.585108786581124,20.92536700204139,5.885669671981101
78.1546742297826,42.73711631369203,20.906572065859987,5.836268928089563
78.24432070872795,42.88826059755944,20.871733461862814,5.781117873138978
78.32494141391183,43.0377258118712,20.820882667857575,5.72032403138502
78.3959655998019,43.18455050253857,20.754189553534204,5.654040939645934
78.4566781621596,43.32763408606128,20.671963112191456,5.58246810078233
78.50622962117194,43.46574761503821,20.574650390901056,5.505850337647792
78.54365104377531,43.597548799627845,20.46283360039174,5.424476542963872
78.56787371262163,43.72160113284322,20.33722542395289,5.338677833270159
78.57775319247133,43.83639682520408,20.198662583112913,5.248825127923971
78.57209729345959,43.9403831163274,20.048097755539327,5.155326186673273
78.54969729093251,44.03199140339747,19.88658997633081,5.058622151198774
78.50936163934735,44.109668514723396,19.715293686471313,4.959183646831876
78.44995131842809,44.171909365796246,19.535446620630793,4.857506510050433
78.3704158778231,44.21729016959702,19.348356749806875,4.754107215028683
78.26982920526699,44.24450133551588,19.15538851176826,4.649518078225803
78.14742403471392,44.25237918401282,18.957948573353583,4.544282323564241
78.00262423568839,44.23993562763543,18.75747137310574,4.438949092078188
77.83507398232062,44.206385022381355,18.55540469042915,4.334068478988948
77.64466298790668,44.15116747448056,18.353195478639293,4.2301866780542685
77.43154710477457,44.07396799308946,18.152276184357277,4.127841307887679
77.19616372503903,43.974731004688515,17.954051755323547,4.02755698796653
76.93924156992281,43.85366988490793,17.75988751368363,3.9298412235193414
76.66180461755673,43.711271312274604,17.571098043095716,3.8351806487276643
76.36517008512928,43.54829439993552,17.388937206686634,3.744037667051226
76.05094054456372,43.36576470977975,17.214589380053145,3.6568475163620717
75.72099040553675,43.16496339290339,17.04916195029186,3.5740157753301105
75.37744714022801,42.94741182599205,16.893679099527336,3.4959163165028473
75.02266774615903,42.714852220696805,16.749076860598574,3.422889701103242
74.65921104334197,42.46922476920075,16.616199404352816,3.355242001031098
74.28980647733394,42.21264195173672,16.495796493129227,3.293244025146293
73.91732014951224,41.94736066978278,16.388522014085318,3.237130919834529
73.54471881992417,41.67575288208706,16.29493348943657,3.1871021082464193
73.17503262751538,41.400275410662495,16.215492448684497,3.1433215285389555
72.81131724944325,41.12343955246015,16.150565540562035,3.1059181289557114
72.45661617839427,40.847781082360456,16.10042625963022,3.074986576625895
72.11392373780104,40.57583116777788,16.065257163971896,3.0505881374605788
71.78614938346401,40.310088638312585,16.045152465877646,3.032751686353378
71.47608376037077,40.05299396944751,16.04012088633606,3.021474809894748
71.18636689952059,39.80690525123911,16.050088675977932,3.0167249678002532
70.91945885515332,39.574076325079474,16.074902719286538,3.0184406840336715
70.67761300144791,39.35663718740172,16.114333654747405,3.0265327439651255
70.46285213252865,39.156576681727216,16.16807896054511,3.0408853796320106
70.27694744295216,38.97572743226586,16.235765972806213,3.0613574310592786
70.1214004095817,38.81575291536829,16.3169548206538,3.087783477449423
69.99742755107734,38.67813652089269,16.411141278941333,3.119974937689466
69.90594800868041,38.564172424792126,16.517759554984345,3.1577211448781113
69.84757387148913,38.47495807718867,16.63618503948087,3.2007904043065003
69.82260316037988,38.41138810657939,16.765737063740666,3.2489310484074183
69.83101538602108,38.37414944983938,16.90568171502844,3.301872505518201
69.8724696065292,38.363717538146986,17.055234769030545,3.3593264018016007
69.94630492739883,38.38035339930134,17.213564803004292,3.4209877172769767
70.0515434083236,38.42410157527912,17.37979655494889,3.4865360175921087
70.18689536620904,38.494788798213804,17.5530145930944,3.5556367828946933
70.35076708878908,38.59202341603339,17.732267356140238,3.627942853941979
70.54127099655508,38.715195608421766,17.916571618047985,3.703096013436141
70.75623831004411,38.86347848218815,18.104917421918874,3.7807287175299362
70.99323429293369,39.03583018016779,18.296273515734708,3.8604659885685697
71.2495761471123,39.230997177143145,18.48959330874242,3.9419274754961533
71.52235363246866,39.447518967799375,18.68382135130012,4.024729683053686
71.8084524704566,39.68373437345238,18.87790032342378,4.108488365046142
72.10458056579472,39.93778970449585,19.070778498478948,4.192821070693027
72.4072970446395,40.2076490128288,19.261417628910497,4.277349826553946
72.71304406035198,40.49110665194919,19.448801181107235,4.361703929909306
73.01818126017241,40.785802331394024,19.631942827013376,4.445522822963041
73.31902273882051,41.08923880674493,19.809895081522434,4.528459011019083
73.61187622983199,41.39880228703305,19.981757957640674,4.610180982073928
73.89308420438904,41.711785569199044,20.146687496518055,4.690376080275655
74.15906646300604,42.02541382604082,20.30390401733895,4.768753281634414
74.40636372058917,42.33687288216248,20.45269992333542,4.845045817429411
74.63168160332327,42.64333971475626,20.59244689537629,4.9190135891253055
