t1,t2,t3,t4,t5,t6,t7
290.34499999999997,276.58,272.625,278.48,294.145,319.62,354.905
-1343.2754129129385,103.05634027258708,31.19210358294559,80.70300479654173,188.41437259689883,296.65456851175725,365.38397752975493
-2883.1227849321263,-71.69763136821031,-205.9996170109413,-113.64700065002569,83.44810270133758,272.24325097876937,373.46093226714515
-4243.482493092815,-242.1892385935135,-430.6545291861986,-298.21141980140067,-17.53288689665962,247.15884683654122,378.89398712320843
-5357.499457095168,-402.79335140253943,-635.347122538032,-467.32809774239695,-111.60048046263023,222.15546770501248,381.5054589807109
-6182.89358016926,-548.1613309982919,-814.034743502438,-616.3925048781107,-196.29473722897086,197.91930664536352,381.1853605338726
-6704.062507895932,-673.6674650096878,-962.4238282686408,-742.1057775465113,-269.75146627781,175.02721594096323,377.89042646110636
-6930.607337516608,-775.8171059516458,-1078.1538804730183,-842.5899343606892,-330.77212787885236,153.91693799506385,371.6395418653566
-6892.94499130217,-852.5440778189436,-1160.790701276056,-917.3697375113968,-378.8341621970033,134.8711012376279,362.506668326041
-6636.08118779878,-903.3469896468291,-1211.6471964766743,-967.2379980510525,-414.0472917598351,118.01522170374992,350.6123794938318
-6212.750861893319,-929.2472279633927,-1233.4713253645896,-994.0337536691416,-437.06706528983295,103.32826543405952,336.1149744593521
-5677.008784374592,-932.5855541434854,-1230.0530636252925,-1000.369146748796,-448.9802167511864,90.6630724995226,319.20189626432494
-5079.051172900921,-916.7006462296931,-1205.8046632721234,-989.3409546805337,-451.17717929445007,79.77324865419592,300.0819123407755
-4461.6732342904725,-885.5465692085833,-1165.3622820523162,-964.2577501121744,-445.22568010554926,70.34300179593131,278.9782694873109
-3858.413397987724,-843.3063932243987,-1113.2450093169705,-928.4054842553691,-432.75642098422196,62.01674511197493,256.12285350384275
-3293.1675411971864,-794.0488614256866,-1053.5927638017124,-884.8649282654416,-415.3681987047422,54.42595502681709,231.75127491510807
-2780.9029219906056,-741.458793815439,-989.9904829928863,-836.3856060399125,-394.55614572558693,47.211590853968204,206.09876002586037
-2329.0561608927474,-688.6545498264774,-925.3745822571279,-785.3137690411934,-371.66359768645464,40.04120346595877,179.3967315790535
-1939.2359625638815,-638.0910090000931,-862.0098830430258,-733.5671358760983,-347.85571428807685,32.6205714452219,151.86999247370568
-1608.9352247821225,-591.5362010514762,-801.5211848073484,-682.6465488994071,-324.11147897522767,24.700242082741838,123.73445926832247
-1333.0572948738284,-550.1044063582582,-744.962803765618,-633.6740290589142,-301.2300067087936,16.077702744274333,95.19541648913338
-1105.1544317029418,-514.3275867740331,-692.9107963015603,-587.4474056428768,-279.84703108980506,6.596081173278506,66.44627313514725
-918.3500781619632,-484.2490809093801,-645.5652341414027,-544.5032048655067,-260.4578207327585,-3.859691678262422,37.667801162925045
-765.9660997433973,-459.5270993039344,-602.8529390359238,-505.18132473292155,-243.44339691766936,-15.36837898741961,9.02782836842469
-641.9034383798704,-439.5393041777926,-564.5238858848037,-469.68685515648787,-229.0976295542808,-27.978818589976512,-19.318647535960103
-540.8345479115894,-423.4826047465858,-530.2366797036675,-438.14600808835576,-217.65345645950885,-41.71651241608377,-47.22895466596226
-458.2642743184105,-410.4636328860294,-499.62999121699903,-410.654403974649,-209.30701998657173,-56.589823539583776,-74.57187099631673
-390.5077082004327,-399.5750875274131,-472.37770030460655,-387.3169023050852,-204.23889355529806,-72.59520361262886,-101.22637438342502
-334.6229017920743,-389.95170884986794,-448.22600899363914,-368.27879712628726,-202.63174999104703,-89.72084568402282,-127.07999453021053
-288.32574431429714,-380.7980787943204,-427.0113026810311,-353.7485703046668,-204.6837954504056,-107.948095266606,-152.02673165485382
-249.90503919520194,-371.3801992477681,-408.6584261736918,-344.0125454049177,-210.61707359163285,-127.24989739128982,-175.96451996674026
-218.14831346454847,-360.9754772646713,-393.16057536705597,-339.44173350523636,-220.67938763695838,-147.5855747583141,-198.79226490933524
-192.28290232525825,-348.7825771895896,-380.5442610036948,-340.49091455805245,-235.138198160817,-168.89140470279733,-220.40657880920986
-171.93188033583752,-333.803742044735,-370.8255577926989,-347.6895661350434,-254.26459978809126,-191.0668728108704,-240.69847642570895
-157.07992601720406,-314.7260583609383,-363.966552027586,-361.62368970135486,-278.30558568945133,-213.95718086771632,-259.55045098535714
-148.03993291139886,-289.84110091184976,-359.84269995574914,-382.9070278956633,-307.443522236076,-237.33356112238002,-276.83449712589305
-145.40734093679174,-257.04917603492584,-358.2317566202621,-412.1398536268186,-341.7432755203146,-260.8740807028714,-292.41173170363953
-149.98663695535782,-213.98947676725356,-358.83227117841403,-449.8537698725095,-381.0898039054108,-284.14867680083574,-306.1342361936467
-162.6747455315135,-158.31734195575228,-361.3141581809659,-496.44212742676535,-425.12204781930154,-306.61282022034504,-317.84956791856644
-184.29080310785193,-88.11529662576562,-365.39617627557936,-552.0779646006096,-473.1720825444427,-327.6141156932746,-327.40805358015655
-215.352258976909,-2.38224668474399,-370.9368358604555,-616.624731367278,-524.2209366947636,-346.4150537279717,-334.67252108843246
-255.81307148140925,98.49310652545046,-378.0185615638433,-689.5489992048803,-576.883272893831,-362.2329801412766,-339.5296211004924
-304.7983993725359,212.3890260697873,-387.00220240886654,-769.8479619815167,-629.4314756581547,-374.29538755071235,-341.90144520393545
-360.3866901864335,335.3437403271538,-398.53186817838844,-856.0066063011488,-679.8652566748558,-381.9053963330635,-341.7558759537955
-419.4981193759244,461.7506219271251,-413.47880237838604,-945.9988187978134,-726.026048391513,-384.5095165414746,-339.11409173326547
-477.94229143278113,584.857170025907,-432.8260170037329,-1037.342712245499,-765.7473713634207,-381.7582113857721,-334.05392990962247
-530.655549135576,697.4978836754896,-457.50959404671147,-1127.213230304675,-797.0247677247203,-373.54994657524423,-326.7083507084151
-572.1218826770382,792.9333089882279,-488.2440737902472,-1212.6057512162636,-818.1836738544314,-360.05144066855297,-317.2589448592746
-596.9294303384942,865.6410007506037,-525.3648585653682,-1290.5348842471735,-828.0222334274657,-341.69039401038435,-305.9251543376729
-600.3784913680535,911.9165480208911,-568.718332749613,-1358.2452008018354,-825.9091173558525,-319.12133553815806,-292.9504862748498
-579.0380875164615,930.1893958713241,-617.6209291355747,-1413.407204541637,-811.8233997854146,-293.1694527546827,-278.587383439455
-531.1532271229386,921.0239220748831,-670.8942275473253,-1454.2734352142675,-786.3329248864865,-264.7604756601038,-263.0825125721186
-456.83375812776296,886.8416948014099,-726.9681425202341,-1479.7759694834217,-750.5173008267616,-234.84626459220834,-246.66404883865977
-358.0003272818706,831.4491248580277,-784.0321215228839,-1489.556271095027,-705.8496008432729,-204.33551344807987,-229.5321303033678
-238.11108215747072,759.4764296317002,-840.2076619771988,-1483.929116174508,-654.0555269416426,-174.0371564879638,-211.8531254754218
-101.73157556036809,675.8286470210004,-893.7151891476742,-1463.7918147251112,-596.9696002292985,-144.62121062317397,-193.75780502749214
45.969084854324834,585.2244028661489,-943.0134468955054,-1430.4963263879115,-536.4052469954555,-116.59859168199964,-175.34302861318457
199.7130827627555,491.8638363043875,-986.8978489448384,-1385.704246933813,-474.05055483851334,-90.31856755554702,-156.67621355045753
354.53447280703745,399.2337479214212,-1024.5531686643158,-1331.2432085438518,-411.39542754409695,-65.98042402410647,-137.8016725041895
506.08719994187163,310.0327842648707,-1055.5634004494493,-1268.9790289863045,-349.6902447892982,-43.654836095101615,-118.74788664520587
650.8300631190187,226.18535346408177,-1079.8864267183594,-1200.7124241104825,-289.9319114377432,-23.31032524700649,-99.53488759683086
786.1000323316251,148.9094443894538,-1097.8031105892105,-1128.1036825735432,-232.87079779727873,-4.840822589394264,-80.18110980898471
910.0980488928482,78.80781425752198,-1109.8502165421833,-1052.6244077097513,-179.03145298044015,11.908560842672529,-60.70929595521168
1021.8151132241477,15.960559512952745,-1116.7451091174362,-975.5327140630685,-128.7406919467996,27.11924426778296,-41.15124918352489
1120.923542864159,-39.993311225712006,-1119.3084181675704,-897.8670620541358,-82.1581399719393,40.9809607201604,-21.551397511077013
1207.6520279044464,-89.78927338152332,-1118.3894014008767,-820.4538241417412,-39.30602960889087,53.67737797573349,-1.9692513926937707
1282.65634895031,-134.4835807065756,-1114.7977902367068,-743.9241930961115,-0.09659899172515907,65.37481035261672,17.519107855981822
1346.8920963838802,-175.40700373070453,-1109.24533749156,-668.7367456364627,35.64336302879241,76.21306224875482,36.82036808973432
1401.492048481914,-214.1195517741293,-1102.2997619476732,-595.2026302635271,68.1504813982377,86.29746901571883,55.82405504188455
1447.6488491366486,-252.3604965804188,-1094.3529507559097,-523.5109227976177,97.70447102149518,95.69139525955777,74.40330468593103
1486.5027708912685,-291.9898368391686,-1085.6039199114173,-453.75228671096306,124.60853014405589,104.4087642029991,92.41641427504466
1519.0342217952498,-334.91937063123146,-1076.0551863996382,-385.93981948351495,149.16945252384934,112.40660207307573,109.70936421657416
1545.9611076312046,-383.03289835498487,-1065.5192249097643,-320.02692406770655,171.67662829314318,119.57809184546765,126.11962449398376
1567.64236708284,-438.09499945997067,-1053.6301959375564,-255.9231425638887,192.3794700192552,125.74725174188589,141.48166060069727
1583.9913268447713,-501.64600636479577,-1039.8558979074003,-193.509901173288,211.4634168550437,130.66707107683467,155.63459060409278
1594.406294924232,-574.8778541332698,-1023.5065344259907,-132.65870703737676,229.02557588309608,134.02366698398038,168.4323512332584
1597.7309420410318,-658.4833053153284,-1003.7405494220461,-73.25416569964185,245.05223599171552,135.44957975521498,179.7564302821955
1592.2626469861807,-752.4726658908689,-979.5728590620128,-15.22303434394152,259.4018043168985,134.54938853680437,189.53065681568677
1575.831166549681,-855.9607350730772,-949.8958462897064,41.431573243142594,271.79788529311674,130.94000730380293,197.73671501840835
1545.9697743256734,-966.943987203832,-913.5264363077927,96.59439046565203,281.8378104119877,124.30595733693939,204.42807965206066
1500.1930464098955,-1082.1118413292306,-869.2914199537067,150.00674322247727,289.0214066910789,114.46649089662425,209.73921617507565
1436.3773713327034,-1196.7594396922657,-816.1567749842494,201.24758392419835,292.80270186499627,101.44701200120747,213.88651049213206
1353.212452720492,-1304.8816802248095,-753.3954839808273,249.73443835995,292.66343636584884,85.54276484731926,217.15786289174127
1250.6594071655977,-1399.5177445005947,-680.7745688497264,294.74961209090014,288.2020517111771,67.3597353512638,219.88941539946597
1130.323095524365,-1473.375135027175,-598.729538981059,335.4927485668776,279.2262848049766,47.81778884857299,222.43038225064836
995.6353094180616,-1519.695220426752,-508.487397967859,371.1554403102406,265.8332163218594,28.105408325341315,225.09992203460254
851.7618771514888,-1533.24349088352,-412.1010511556958,401.00841170086824,248.45935496591227,9.583977728645735,228.14260585482828
705.1939452860225,-1511.2415388418176,-312.36953779065516,424.48829040539977,227.88635238574355,-6.349237179035214,231.69039786638044
563.0537544828402,-1454.0303208330693,-212.63836012905458,441.27028281716935,205.19534310197324,-18.419412979759556,235.73853527820393
432.2194046149269,-1365.2831631735035,-116.49814992641487,451.31551206202016,181.6732802939114,-25.62679530307534,240.14019740278883
318.42740975273296,-1251.6727535927243,-27.4223242467624,454.8867585772766,158.68527660826823,-27.366114888893406,244.62097491851335
225.52639036536482,-1122.0194278459621,51.600460834358984,452.5324643063396,137.53466167144202,-23.491925106176637,248.80997947856707
155.0231046660184,-986.0736265535945,118.37947289896502,445.0443924504615,119.33472409974954,-14.32101234727719,252.2811800487163
105.99301248073033,-853.1750748869039,171.7300161302207,433.397809725052,104.9121214069117,-0.576753768509775,254.59711003646822
75.34467826115898,-731.0570253812893,211.54547665655755,418.68377254531185,94.75304572111239,16.70846618259648,255.34772942254963
58.357125258438884,-625.0187197084242,238.72789390991684,402.0413140984441,88.99243787164471,36.3110423897007,254.17954287142496
49.371005844164735,-537.5893372398309,254.99703174048034,384.5941155159037,87.43741014943184,56.9333416115023,250.81318804315072
42.51313259870572,-468.68497660213205,262.61727358498246,367.39303543111765,89.61134100213275,77.3056320496529,245.05061451573448
32.360224514540775,-416.15332938924655,264.091233569683,351.3639208879182,94.80582921217346,96.26643798717222,236.77489016982122
14.484374788760697,-376.53602740222755,261.8679328109231,337.26005807060847,102.13277781098165,112.82233447036569,225.94624882297143
-14.146646946999994,-345.86631668479674,258.1036773492619,325.6202584154938,110.57573339174972,126.19216334790733,212.597344285945
-54.92504732981429,-320.3523506276316,254.499066329875,316.7360226555749,119.04518365755305,135.84056755580013,196.82925783905034
-107.52216433200081,-296.85520903504545,252.219868410458,310.633237838974,126.44445532905972,141.5025659958047,178.80821646815835
-169.97944868841643,-273.1342931112451,251.895997629305,307.0743164420538,131.75031833132516,143.1966531088361,158.76175904014656
-238.97431096575718,-247.88429528275168,253.68323648125696,305.5850118032681,134.10630941673034,141.22081502599974,136.97257842853105
-310.2469806528906,-220.61911953868238,257.36707674078605,305.5065648934066,132.91940945987164,136.12546912026295,113.7685502003466
-379.14794521454075,-191.46859171143427,262.48659585046164,306.0693284262834,127.94480017409563,128.66006267195718,89.50837070163035
-441.23770557932346,-160.94844433939406,268.45787998492926,306.47996441921435,119.3412359819197,119.69511201137027,64.56344176492496
-492.85240347955653,-129.74960677091707,274.6804409337734,306.0120050856785,107.68207355768804,110.12719570149059,39.29777239783664
-531.5487134456564,-98.57521082171371,280.6158012980534,304.0896737668152,93.91364872853588,100.77899149112051,14.048390814815
-556.3614311555742,-68.0368363453194,285.83439207756294,300.3571417994523,79.2616808508285,92.30844503110347,-10.891117425578543
-567.8426120928865,-38.607221371777875,290.034353212872,294.72875645917503,65.09537824867733,85.14000650612871,-35.28182127012551
-567.8921846054104,-10.615478564047429,293.04263289342884,287.4186834310044,52.76583283191101,79.42695036658125,-58.94423766016362
-559.4258160567402,15.737042342341304,294.81350582560435,278.94951833313297,43.43890036403545,75.04822278825682,-81.75669768433168
-545.94820187468,40.3661427902632,295.4407250111508,270.13817356439785,37.942896645899964,71.63748373566813,-103.64834791157728
-531.1054856984854,63.32411329602229,295.1956863644366,262.05430774994824,36.6487970756867,68.63734150260302,-124.58858662734424
-518.2808366257619,84.86536348310224,294.5946289809365,255.94339164465444,39.39633292935602,65.36907224935607,-144.57499377399765
-510.27741475351826,105.55759577323846,294.4836354181428,253.10550676398495,45.47451142425459,61.107628680688265,-163.62158008474853
-509.10934872607606,126.41225779943663,296.1133308867988,254.72440543121263,53.66034745688225,55.15317338477686,-181.74856617391407
-515.8994278216747,148.97810391669765,301.1599457659428,261.6506078799744,62.31518776565122,46.89305488506264,-198.9741120094087
-530.8656202178621,175.31656458957633,311.64178766473765,274.1571454959023,69.53373492796209,35.85126027216518,-215.3077027978852
-553.369024942244,207.77127987896705,329.6868956749145,291.7046265765857,73.33636743544471,21.72515491329807,-230.74449529319025
-581.9939096896676,248.47215949478502,357.13410299906695,312.7690180497561,71.89034676481498,4.411163040856621,-245.25999468589137
-614.6358568562781,298.58672241297626,394.9968624838565,334.7946036842846,63.740134563735694,-15.978389303486523,-258.8049822699365
-648.5859483078585,357.4431142159124,442.88021123084474,354.3293342727245,48.02201435898439,-39.10580862130654,-271.30148772327254
-680.6155139293934,421.77169601836727,498.4998254019433,367.37543527820026,24.63480502523882,-64.4063176428251,-282.64147064279234
-707.0835693809005,485.39379756112385,557.4841530961008,369.9444864414561,-5.661695518314218,-91.09679230052147,-292.6903252992949
-724.1018803551488,539.6665351434999,613.6212513410331,358.749892552001,-41.244270946770285,-118.19964781074613,-301.29697714497416
-727.793681386279,574.8309102824335,659.6270202926668,331.9146349458986,-79.73341494903815,-144.58725585070957,-308.3110403821342
-714.6659059663093,582.1196424698128,688.3694204977724,289.53694461281697,-118.20843898086792,-169.0508259268196,-313.6054437060881
-682.0806375551161,556.146150269658,694.3205504852846,233.95837001183503,-153.51101098991734,-190.39375377647045,-317.1006723585041
-628.766187458959,496.856663328001,674.883025697752,169.62629797357522,-182.60035509650794,-207.54347912554533,-318.78512520529955
-555.2660738275722,410.32164746203523,631.2075401914639,102.53046069876922,-202.91098634639707,-219.6692636671883,-318.7258111827393
-464.2030999163732,307.9307520566957,568.2166727702338,39.29887609623684,-212.65990754194772,-226.28802636636635,-317.0651037071217
-360.24999643577644,204.06693314005,493.75997371025096,-13.86846132379091,-211.05644767856177,-227.33854677734908,-314.00232246413674
-249.7509479387733,112.87927815890389,417.08192845214984,-52.20064746246857,-198.38367193780132,-223.20731239713228,-309.76269623349145
-140.01816917340662,45.119256832865986,346.99586507240826,-73.07660815058776,-175.9423452495989,-214.69696818292215,-304.5596050566484
-38.410726119429754,5.994216156823171,290.2435594811344,-76.32189688784251,-145.87188715178644,-202.9390360741673,-298.5578194916164
48.63825660927914,-5.375530454068198,250.45002605499036,-64.04596845658571,-110.8823670302398,-189.26346493247024,-291.845175966687
116.46460005941334,5.125299792277602,227.88537847620128,-40.094947749540665,-73.94322397045372,-175.045630105852,-284.41790928239016
162.73717909967363,28.810126078888146,219.99774008329456,-9.275418009151224,-37.97613544181644,-161.55454264491448,-276.18151063053006
187.66099819891534,56.725202696662265,222.4724138747493,23.464718288733025,-5.5919827871015855,-149.82383197825288,-266.9655975291213
193.81550529376403,81.7537219100395,230.46737750336246,53.73333653278006,21.101962544921378,-140.56081259957216,-256.5488402456574
185.69087840065643,99.80295160224101,239.69125854661706,78.16233662027597,40.61463213817892,-134.10095913245215,-244.68898752905932
169.02487147980293,109.96177574866962,247.09927644469028,94.61240041911775,52.1079692412781,-130.407754928123,-231.15340094334226
150.05360142538518,113.83457190933018,251.131321535427,102.1434307151724,55.37227069050083,-129.1126590550819,-215.7467352478296
134.77869008950753,114.42842077337069,251.5502293253707,100.82059918834868,50.75855173458382,-129.5871348199732,-198.33383047156343
128.3314263570477,114.98230869773474,249.02222996230253,91.43928170088687,39.08545219072845,-131.03756482149277,-178.85697560205736
134.49088111207993,118.02714223772752,244.60596824655204,75.24259457504853,21.533901027775073,-132.61332760459305,-157.3472310124941
155.39092490155286,124.8230433604306,239.29266564263838,53.68216021484497,-0.46256158153920524,-133.51753537990714,-133.92954375080836
191.43028508013364,135.19231961906158,233.6893686898476,28.24614362271504,-25.328183615890495,-133.108895188899,-108.82125391565573
241.37825177294502,147.6816575005396,227.88106832522223,0.3560891276492555,-51.4544940119406,-130.98257699224735,-82.32360892095959
302.64623308067684,159.94825450004862,221.46059682226308,-28.68048363884475,-77.30677129947273,-127.01892221298561,-54.80629655187202
371.6749014849384,169.2594521284737,213.68439712145002,-57.6809404857799,-101.5231458304404,-121.39212786104176,-26.68579387609344
444.3730478758722,173.00833532426196,203.6979575693384,-85.58062755744044,-122.99936922307424,-114.53674991755486,1.6006796503564544
516.5419952212187,169.16726648604768,190.7738934222734,-111.42258615358818,-140.95070080174833,-107.07706433399204,29.62293180419111
584.2302544038299,156.62218523692016,174.5143035354621,-134.3524229880974,-154.94290030607652,-99.73130609514303,56.98415332575253
643.9847608786054,135.35199983553503,154.98342490781408,-153.62135632025127,-164.8873841538739,-93.20763880399343,83.34287893225361
692.9917919162509,106.44024371429943,132.75365072331215,-168.5962995865789,-171.00080767773449,-88.10989114978406,108.42835326708493
729.1253208933346,71.92999608264675,108.86494063018677,-178.77348816742213,-173.73557530812022,-84.86813403431898,132.0483114857797
750.9368523968438,34.555279622757155,84.71195369374283,-183.79170987662334,-173.69349098195153,-83.70279194694484,154.0894906570296
757.6252657185836,-2.6016292407436055,61.88260352947134,-183.44253360991632,-171.53828221622746,-84.62294528315815,174.51223067417152
749.0179802900486,-36.471829588633284,41.97481163706277,-177.67758366395282,-167.9227382260513,-87.45202752631758,193.34103524144012
725.5789852575934,-64.33231163708297,26.415327601214823,-166.61592764757955,-163.44214300619936,-91.86925977464466,210.65286164462935
688.4398549779238,-84.07901162784268,16.297961692210215,-150.55656976237088,-158.61812373471884,-97.45404295154299,226.56432115974124
639.4320738130002,-94.43072786407582,12.252351160737586,-130.00023183504567,-153.90775688207614,-103.72310745149696,241.21819681874555
581.0873700411881,-95.06657047432546,14.352294349158157,-105.67999285902778,-149.724487237593,-110.1553493998696,254.76908377335798
516.5705053691665,-86.69410254669383,22.076212673595673,-78.5923385488959,-146.45301408024585,-116.20512418759449,267.36782697784383
449.5175474196802,-71.02167583313255,34.33875900785455,-50.01115466490839,-144.44183897709846,-121.30941857570387,279.1448887040662
383.7714485116085,-50.58108932308811,49.61526020776293,-21.461285969306573,-143.96491467748467,-124.89641402201207,290.19370089421005
323.0326883895543,-28.342279499903086,66.17162213588439,5.370119952736275,-145.1558324556736,-126.40203720113884,300.55609981655056
270.4701640821832,-7.105861508529301,82.38722000918611,28.79455628975498,-147.9304804523561,-125.2977054082574,310.21264147800497
228.35885245409617,11.243680824134444,97.12095662148141,47.34472847556802,-151.9227463610144,-121.12788960731581,319.08054166813844
197.81828744124104,26.423217039679287,110.03419560792972,60.0237247238358,-156.45925195441248,-113.55189580267658,327.02097938501544
178.71436248716222,40.09757880299574,121.76700901740966,66.52613360134609,-160.59220120076787,-102.38174669327572,333.85568414602324
169.75639364987794,55.6421821631462,133.8813469912082,67.3700021251117,-163.19585441387318,-87.60795535590285,339.3905642882217
168.77832751346347,77.24182438395093,148.53956503795757,63.89021985900979,-163.11576398613957,-69.40725250872276,343.4422874161297
173.14939717612762,108.50209974487831,167.9659272103251,58.07279853014805,-159.34545806050767,-48.13017545956316,345.8628201607704
180.22893307276706,150.99091171213598,193.81551927591357,52.24839658743868,-151.19680805497143,-24.270648921772747,346.5573170879761
187.77237707805972,203.23154053513426,226.61952488528325,48.70100899183285,-138.43007593102058,1.5769235489083684,345.49233660269556
194.21307429281893,260.56357734710997,265.4678216789358,49.272393039569124,-121.31746813229293,28.76581658651243,342.69366765483005
198.78060548326846,315.99745789943086,308.02834006260247,55.046631249125014,-100.62769008808613,56.64332054730238,338.23536551118883
201.45869252351605,361.82838079865326,350.9071963987044,66.18077748734225,-77.53496304496821,84.589884051476,332.22325481364174
202.82064044614958,391.50000069925056,390.2569054667269,81.91221822230673,-53.47042127074573,112.04813055467088,324.7767811890163
203.79881149425086,401.1330444287256,422.4745806776282,100.73160550174626,-29.943617825213607,138.54118060008204,316.01267863422623
205.4448137479551,390.28088521121634,444.81779487497766,120.67382104944639,-8.365253743149196,163.68139135572173,306.0327905761153
208.72345960962286,361.7665712777043,455.8030586202251,139.65785519567484,10.100923040504512,187.17141222057643,294.91700774141475
214.36392834700982,320.76338599167093,455.3232050778968,155.80400082785843,24.637441505437124,208.79950429519653,282.72108870156563
222.77329610194437,273.4851333088013,444.49862006324963,167.6716549637848,34.815141636961386,228.43073663455561,269.4783545542484
234.00502821182644,225.89662785418216,425.3382807153175,174.3868507052427,40.58051654131566,245.99530217340921,255.20393745365408
247.7690332812432,182.75741753428537,400.31538789158634,175.6569185392321,42.199733257811886,261.47498734800837,239.90030590415003
263.46896058957367,147.14086619017607,371.9577939808139,171.69279157054316,40.17570218908446,274.8887890736872,223.56302703251106
280.25436715670253,120.40416847867247,342.5249719623939,163.0728269483544,35.155476773852286,286.2786834448408,206.1860230461377
297.07846245984,102.47625913041605,313.8052639566765,150.58473827175413,27.842766207549488,295.6964812126016,187.76586431455007
312.755486716109,92.29602784709363,287.0326273527117,135.07651130480866,18.9257290399905,303.19250508630347,168.30489971182942
326.01507713121674,88.25791185293022,262.8989958649193,117.33680050395382,9.024940492908087,308.8065562456392,147.81326562245732
335.55396409880296,88.5765942266314,241.62867664534093,98.0141122761386,-1.338274326249433,312.56144208584595,126.3100399937137
340.0875178812381,91.53943802813674,223.08240311085854,77.57485446307403,-11.756281935473226,314.4593459443177,103.82399286742718
338.40437979087267,95.65699532014234,206.8661565850932,56.29438834399387,-21.937151488188846,314.4815630226308,80.39448272872875
329.42619594503515,99.7426159771461,192.42913997916162,34.27259608572347,-31.699093070886022,312.59247676347337,56.07300807952579
312.271432734375,102.95429776204433,179.14322102087476,11.465429579062665,-40.96100358894029,308.7488301231323,30.925718824736855
286.3182413464254,104.8217598716064,166.36147352581943,-12.274559298848843,-49.73087481886117,302.91502200910935,5.0368423407981595
251.25779289421808,105.26610059569964,153.45642866089867,-37.15348239948786,-58.09170091238167,295.0840904795333,-21.4874389138064
207.12800566839655,104.60409308593186,139.84055932257272,-63.38969960082781,-66.18279442562111,285.30225115525184,-48.51548525353837
154.31927685740672,103.51867881997109,124.97375873501747,-91.16648158342787,-74.17364663048978,273.69272982400275,-75.88807334050811
93.54894038309254,102.97497625384767,108.36581402336412,-120.58367794033029,-82.22811986292955,260.4728967460715,-103.41852388181748
25.80880299614693,104.06941809163223,89.58536126622289,-151.60885630850555,-90.45906408508766,245.95826577682118,-130.8955191063694
-47.7016189957196,107.81870514386011,68.28818112998697,-184.03052680507352,-98.87719429189228,230.5484722791236,-158.0883648593331
-125.63706312913587,114.92170893362673,44.273779421073925,-217.41954248357223,-107.34243411511268,214.69404157039065,-184.75372234195552
-206.54230398230652,125.55281624866561,17.567907200120715,-251.1084572328161,-115.52950419867167,198.84794577990516,-210.64230896216705
-288.8440762069617,139.25659132833098,-11.488545967626067,-284.20058680199685,-122.92057665738146,183.41117955300138,-235.50398738056833
-370.79179946150646,154.9981183305865,-42.18051383970925,-315.61855953994,-128.8348868263392,168.6850190306131,-259.09016357687904
-450.3558651524206,171.37628855524216,-73.43161807452321,-344.1949311719569,-132.4979149599623,154.8426717743867,-281.1534540165149
-525.1113521040959,186.9405382349627,-103.91677961371576,-368.7957476839823,-133.14241168840124,141.92903733608833,-301.4459011241008
-592.152475590389,200.4951263291175,-132.26707023748435,-388.4552289904681,-130.1231031305553,129.8900239549798,-319.7181835392944
-648.0927010805926,211.26548154259083,-157.3144906944346,-402.4913577485605,-123.02018966069517,118.62436119986549,-335.7227926303802
-689.2010278984606,218.85856165542512,-178.2923570959489,-410.5730781222811,-111.70692397815353,108.04384588060407,-349.22365135838527
-711.702446803577,223.05612011322629,-194.90986106486116,-412.72185277753067,-96.36459823851182,98.12489643885448,-360.01304632102966
-712.2309444401908,223.58041620266673,-207.26451395706084,-409.2503387592117,-77.44214753889636,88.93637239019671,-367.9343389279495
-688.3744906123233,220.00051734231357,-215.62739416434437,-400.6614079497111,-55.572729359502105,80.63531054565178,-372.9064058180937
-639.2074210779257,211.8731400336402,-220.19856975961798,-387.54295470129875,-31.470743447565425,73.43143590808472,-374.9440147062939
-565.6833177337406,199.06853432798738,-220.9487910864231,-370.49231718018984,-5.8359777381136695,67.53010335907103,-374.1681368138068
-470.7737775267543,182.10403422664206,-217.6248868835733,-350.08926518994997,20.71380763712557,63.06902396496977,-370.801854726501
-359.28771118528203,162.27852523492191,-209.91800340981416,-326.91503676504794,47.67189878956815,60.06517323449697,-365.1507273737579
-237.38060631132734,141.4941670821236,-197.71594867042077,-301.59630421160983,74.63599050563616,58.38469864165842,-357.57030869669217
-111.84096548513614,121.81387203804505,-181.32276352330138,-274.84481961362275,101.2781451020926,57.74190766780414,-348.4267793631223
10.703597101488167,104.93881580430094,-161.54678514019565,-247.4681125484294,127.30730081428294,57.72580158502785,-338.0582978334163
124.50342303955304,91.82470209915225,-139.61939606888708,-220.34046601672404,152.43819411753486,57.84637900368831,-326.74422680585366
225.1989723278207,82.57862706902975,-116.97740865392558,-194.33956474900347,176.37480211298217,57.589586744715334,-314.6870939855212
310.06047374338624,76.64315250261531,-94.99002899499422,-170.2660380785479,198.80988306423401,56.46976424710712,-302.0088481320905
377.9571928003984,73.15611918483174,-74.72040656077921,-148.76704998599655,219.43724515325295,54.071090197419956,-288.7597475477123
429.1153482543523,71.32595792909889,-56.786261086582385,-130.2814551706502,237.9710612549049,50.07362403349502,-274.9359566376635
464.75392304736226,70.68945434662584,-41.34171962281478,-115.01592181411488,254.16664259405346,44.26364548568844,-260.50104682157786
486.68899453293824,71.19183315264445,-28.16286626959115,-102.95262269364386,267.83860732598305,36.531071113877786,-245.40700355176705
496.97729321823704,73.10573556498747,-16.795276952193888,-93.88243990489153,278.87425590257067,26.858281553272757,-229.6115746237552
497.64040560883893,76.85542320688596,-6.716073098718411,-87.45424155411187,287.2414712082373,15.304807870239276,-213.09029217082406
490.4831919052771,82.82525813698112,2.5283703666073336,-83.23034373307812,292.99135315548006,1.9914570867844184,-195.8428104552786
477.00005053642195,91.21443804719566,11.232117330900905,-80.73971513036469,296.2561790691233,-12.913819985042409,-177.8940953222767
458.352231230173,101.9684641711894,19.493364908038785,-79.52273782021982,297.2433843825095,-29.207226016512582,-159.2914649762254
435.39669521966994,114.78672360469558,27.225886321938603,-79.16368649316047,296.2262666433189,-46.657369108370155,-140.0986336481385
408.748937946679,129.18436950621535,34.204414745986696,-79.30921125344386,293.5320991104091,-65.01076805097526,-120.38790212159608
378.8658777174354,144.5785189990859,40.1276866167305,-79.67294064255385,289.52828214421015,-83.9951487814719,-100.23158830706456
346.13850091946756,160.37183034981535,44.684147717981574,-80.02787459679438,284.6070286400757,-103.32119486533549,-79.69374936322251
310.98654988069575,176.01626476814283,47.6086879409348,-80.18949903889512,279.16888205519285,-122.68355047291469,-58.82320926233248
273.94890793051917,191.0512752762578,48.72272494723417,-79.99346833246001,273.60516743677044,-141.76206535011556,-37.6488345644772
235.7635692094513,205.11981095399278,47.953550973776295,-79.2721997692997,268.27937687609176,-160.22446933823716,-16.17785328548338
197.43042221928994,217.97018048742135,45.331776873218395,-77.83475959326995,263.5075824745379,-177.7317472343335,5.602241158471651
160.24890203273964,229.45167929931395,40.968149317803714,-75.45398256726973,259.5382972993312,-193.94730274135188,27.718018830026516
125.82143448584003,239.50820661065617,35.013383273579876,-71.86386863636474,256.5327478736941,-208.55043644586624,50.200932465303126
96.01326870688374,248.16912251262522,27.60719185341911,-66.76895276593612,254.5471976793601,-221.25370352341557,73.07535123092295
72.86066166722006,255.53284549713288,18.825249932411246,-59.86556078095529,253.51963758586658,-231.82250688895064,96.34495887239649
58.42325556676677,261.73825404989043,8.634811000003083,-50.872715700762114,253.26366426000754,-240.0941375965765,119.97897992582931
54.583315619772314,266.9228308490781,-3.1296492876544235,-39.568191813012575,253.4724916808636,-245.99282845812624,143.899842384685
62.80401248867605,271.174114205754,-16.760611492350677,-25.823378126130464,253.73554180323939,-249.5376463367805,167.97383049860827
83.86995363207856,274.49003367488274,-32.63457008677093,-9.630077200257887,253.5687048709559,-250.84139807824465,192.00603238394956
117.64357728933518,276.7699643152086,-51.13008291003106,8.885948452121056,252.45703221577517,-250.1009447060157,215.7404841087761
162.8780988665519,277.8564808987377,-72.51194909492963,29.46559861158886,249.90550228079903,-247.58172478031773,238.86592014597383
217.1287430584876,277.63301456147985,-96.79626802141287,51.72624424333304,245.49022917767076,-243.60089009959486,261.0270321604871
276.79714078389566,276.1542369944153,-123.6235767876208,75.17087659395789,238.9002081735003,-238.51334119047448,281.8406738451032
337.3287189518297,273.7521868816015,-152.18019597220948,99.1866041650172,229.959802496181,-232.70276959023988,300.9160602659561
393.56129834114887,271.0410953193938,-181.21434205344818,123.02978289796619,218.62570616335904,-226.57615062154423,317.8776935288589
440.1983225682305,268.7618333360021,-209.18281026736753,145.8088739822395,204.95899193149424,-220.5564736922891,332.389475315302
472.35657997488966,267.4756770924514,-234.5279287939647,166.49049879477155,189.08136636081565,-215.06672734313247,344.17821119461274
486.1203975746859,267.2180276019899,-256.0270637628201,183.95960801691922,171.1317578195991,-210.4996767390131,353.0544689147437
479.02567158344345,267.3002318700268,-273.1005882698883,197.15314091390297,151.24137168059707,-207.17288460867798,358.92857328513963
450.39995862506817,266.4340480191437,-285.9438076962256,205.25754446056095,129.5402412442419,-205.2752188514442,361.8195142240161
401.49984594153767,263.2188784688031,-295.3915274387041,207.92434469646497,106.19681284011611,-204.8170916102679,361.8548590547989
335.4130053035293,256.82604922439117,-302.5277436824823,205.43250928480455,81.4781126257302,-205.59917033187955,359.26052108595286
256.72695241507455,247.5556894860809,-308.17464563911653,198.72797583074222,55.807252932740354,-207.21178378416556,354.3404712705951
171.00468114803286,236.94693630244817,-312.47018607783406,189.30412117898211,29.792439089830552,-209.07018180655706,347.4480525072031
84.14203474036515,227.31810014900447,-314.72345307097794,178.94057879475497,4.209033047154918,-210.48151082172905,338.952155514471
1.704883563386396,220.90224673372154,-313.6230928142107,169.3687319030233,-20.068842734996025,-210.7310329226268,329.20271979455913
-71.65096457720529,218.9583575532936,-307.7206753671024,161.9578647442866,-42.173938683033654,-209.17049468271597,318.5004364558616
-132.59065895180166,221.25295458770933,-295.9953492123003,157.50591069183562,-61.36337061499063,-205.29189651019541,307.0749356607496
-179.290469284574,226.11973381714128,-278.28295649644826,156.17937143482186,-77.1192752434051,-198.77465308854474,295.07421162938823
-211.40053233852063,231.03146493779704,-255.42469922270544,157.5968832256673,-89.20993185955143,-189.50132120708986,282.5659331615053
-229.81659111331,233.41015441064002,-229.11258569687118,161.0105631458367,-97.70089894716523,-177.54428939840514,269.54914475196273
-236.3276532553238,231.35000606914198,-201.51962188644646,165.5214845261333,-102.91932064343514,-163.1311119108823,255.9732139682602
-233.21813205476462,224.0251707823561,-174.85809406288212,170.27154554556273,-105.38502871123477,-146.5985683238998,241.76007621555496
-222.89572383371697,211.72074889806447,-151.0003693899739,174.57546291061874,-105.72689440109504,-128.3451441597036,226.82594444049985
-207.5953796274936,195.57035773848958,-131.24429901741271,177.9821234728617,-104.6019932810468,-108.78930410447255,211.09950295985857
-189.18335932773581,177.15410146830266,-116.2418228038757,180.2747575951967,-102.63027460804715,-88.33778269292151,194.53484530639065
-169.06124278375074,158.10459044502983,-106.06060665062547,181.43006867166957,-100.35101719336248,-67.36511972533945,177.118674901574
-148.1529886321919,139.81609592423487,-100.3254709121386,181.55802692486097,-98.20152795198364,-46.2034226844369,158.87228194457927
-126.95032680534594,123.2896490055129,-98.38649762074239,180.839695092848,-96.51453288701082,-25.14004854043054,139.8494019251335
-105.59175311691125,109.09976274887842,-99.47462876577846,179.4738695850607,-95.5288112996185,-4.420463447763915,120.13125239815918
-83.95542547917597,97.4448528106196,-102.82346323192763,177.63721801932797,-95.40744925519284,15.74629261213948,99.81993234802859
-61.75335803296377,88.23980141709174,-107.75122291113132,175.45831741717882,-96.25896425205687,35.18161592470983,79.03108869031291
-38.621108069904835,81.21711953241596,-113.70675652529232,173.00376331533698,-98.15782816804432,53.732305879738114,57.88643563862513
-14.202222402973277,76.0150411908102,-120.28804011632015,170.2739163003117,-101.16213080231398,71.26740096554906,36.50644948829124
11.770537352246762,72.24174166992472,-127.24228730803432,167.2062704767861,-105.3270534058056,87.67730653527583,15.003407987227803
39.3947795689654,69.51277362309031,-134.4550882638467,163.68530763951375,-110.71341982575825,102.87522458645878,-6.52508132061158
68.51820689417787,67.46386094288516,-141.9332317496054,159.55860139774805,-117.39093625676105,116.80053646158062,-28.001823310181926
98.6613376840775,65.74445455992205,-149.78291041184573,154.65951450297695,-125.43593909723779,129.42346537431632,-49.37461831824956
128.95094416330645,64.00014370978636,-158.18248312335226,148.83680557339284,-134.9236595843309,140.75006645326113,-70.61901932375598
158.07744283479437,61.854836496879585,-167.3473984179771,141.99060522405853,-145.91526333541714,150.82640313862248,-91.73837605983019
184.2945720863798,58.906304300573105,-177.48479185335887,134.1124509946212,-158.44026122182436,159.74074574201188,-112.7601577017489
205.48279712675463,54.74972313112642,-188.73708550817773,125.32458014140168,-172.4752933320405,167.62285165364608,-133.72762007239123
219.29695939349764,49.04074256859337,-201.1176935653171,115.9110938548971,-187.920706796979,174.6399009306858,-154.68624646664364
223.41157935463065,41.599955740116805,-214.4469714589,106.33201961188773,-204.5767331917889,180.989421207407,-175.66510596636755
215.86232964537265,32.544104309729526,-228.30113644013784,97.2120530339197,-222.12142542574466,186.89036882774957,-196.6543342304711
195.4594577181308,22.40989082848445,-241.9885906720005,89.2998753073342,-240.092920053141,192.57413853267516,-217.58123855800397
162.2208631715047,12.222794441201799,-254.5647252369978,83.40128467282328,-257.87918441426723,198.2772962753271,-238.28882383384067
117.74485263022873,3.466703940975364,-264.8875884608565,80.29798690336207,-274.71926911058245,204.23700634459348,-258.52147661950073
65.42394685689956,-2.063595871088438,-271.7056797434643,80.67005727562906,-289.72106282746483,210.688474837255,-277.9227258286887
10.40134911140943,-2.5028565132350877,-273.7613563475535,85.03974283804126,-301.90109190140765,217.86170207295095,-296.0490723975152
-40.801280264898686,3.812525406987845,-269.8946338211805,93.74544961137732,-310.2510774259918,225.9732829073614,-312.40169650061176
-81.00014994552492,18.10878944658286,-259.14353378432463,106.93994973474474,-313.8327094488268,235.20893071415182,-326.47458089419433
-103.34722113528699,41.011034413071656,-240.85163678968846,124.59334329372037,-311.895868668526,245.69453842150023,-337.8137824842453
-102.46388079659542,72.43625961700778,-214.79821223966474,146.47816633959076,-304.0069665688662,257.4578329767012,-346.0791075528795
-75.49975726092573,111.50234174181465,-181.35070879662248,172.12636049724415,-290.1654165166175,270.38786281479605,-351.09729058556684
-22.883352937482158,156.4424905230227,-141.6057836422294,200.77175823938984,-270.8809533065394,284.20366601095225,-352.8957727932673
51.43382663604761,204.58577394454238,-97.45237644923246,231.3143251896708,-247.18604285885067,298.44438116041255,-351.70869823909095
140.3455596000257,252.51325561398164,-51.485255756238104,262.3480970460676,-220.56768088846442,312.4895762355768,-347.9515129011977
234.5465001897906,296.46331532096923,-6.735672461637165,292.27564188918495,-192.8200573105576,325.6111751726981,-342.1666204290999
323.9137559160275,332.9367762514523,33.74346221772268,319.49469833042394,-165.83919479024257,337.0493307611651,-334.9485160061284
399.0499021093608,359.3183639696477,67.33257432151109,342.6066503379202,-141.39632863228175,346.09718108245977,-326.86120474478247
452.6829732464531,374.28677339465173,92.209688080723,360.582353727656,-120.93289584055626,352.176497443672,-318.36238244497775
480.65434517855147,377.8742895583903,107.5265502313614,372.83741691656417,-105.41426575363366,354.88895866200426,-309.7473758717465
482.32546590403666,371.2040914828809,113.37405662029911,379.20752688796676,-95.26384811778988,354.03510863135807,-301.1215956078115
460.36965342656174,356.0688870462633,110.58986557303439,379.85381920060405,-90.37944442282935,349.6021647700427,-292.4043434029562
420.0476017526239,334.53865216481313,100.50017030670926,375.14863371099807,-90.21614476493792,341.72946048461426,-283.3607102553782
368.1607645495495,308.7041126600433,84.67888939110037,365.5858495370384,-93.9095511609836,330.66405785405436,-273.6534201467992
311.9155409652617,280.55059342466234,64.76750915091333,351.7351121508083,-100.4112340553849,316.71835355127314,-262.90379848531677
257.9117625870318,251.89097005909937,42.35639034638186,334.2317963141984,-108.61351389773183,300.2374528769375,-250.75089701072142
211.4060623838699,224.29277617138652,18.905209129332576,313.7785684728969,-117.4494620781729,281.57881036391973,-236.89985046459682
175.9178894332012,198.98436666098644,-4.319412526957905,291.1348582160241,-125.96288999194357,261.10219355481547,-221.1539643747628
153.1670769304111,176.77044698184073,-26.29714966278341,267.08290120085815,-133.34968522329766,239.16566162158938,-203.42884753044174
143.2742564390789,157.99869796261234,-46.29256484073849,242.37417422419918,-138.97540580425908,216.1231288761399,-183.75022621619732
145.1265668303601,142.5984367951711,-63.868687506858635,217.67019069216616,-142.37505241839762,192.32053463395533,-162.23933766592793
156.80940256066827,130.18042527576893,-78.86951753356132,193.49360688095237,-143.24045044147994,168.08965404228425,-139.09080297111575
176.02270921701262,120.16490619800496,-91.37390724237709,170.20085709073174,-141.3996658626768,143.74027978060693,-114.54775868746351
200.42773193525426,111.90131228430691,-101.63045349844131,147.97990668924015,-136.7919418593635,119.55240283005183,-88.8781213076348
227.89837197434042,104.75416057408168,-109.98576643422702,126.86987011956207,-129.44096450959043,95.77007242627536,-62.35457501222061
256.6744785323384,98.14621826779843,-116.8167364195849,106.79526552297534,-119.42878763604428,72.59806565885255,-35.23956844092538
285.4297999637438,91.56413159789544,-122.47307747350857,87.606849260387,-106.87233950957412,50.20169640553638,-7.775526240841085
313.27487243170503,84.53970850420605,-127.23174407616125,69.12239290177051,-91.90401394522529,28.709345113001334,19.820256010687665
339.7163687341777,76.6222412822928,-131.261416644108,51.16315962944826,-74.65740683832053,8.216775753617817,47.35694845969225
364.59151147275134,67.3558941075395,-134.59381564656692,33.58414110022147,-55.25883886285037,-11.207924169585006,74.66875976745968
387.99112752299584,56.27355658306438,-137.0991020252067,16.297707908798074,-33.82495478547024,-29.51992922612301,101.61163871503946
410.179394680877,42.915965997691885,-138.46465708269318,-0.7089958673768564,-10.466427799760773,-46.69475267734803,128.05878039621211
431.5134060715738,26.882365938552567,-138.1796122047441,-17.36274432785028,14.70240824554319,-62.72750301521873,153.89537483592682
452.3620523958271,7.915530264250378,-135.53108922029278,-33.49961656661793,41.5484072142313,-77.63468506491529,179.01284221767656
473.0218601269032,-13.98184587449066,-129.6215500919323,-48.868792385608714,69.89972306585364,-91.4585477925986,203.30269612015485
493.62767499379845,-38.41192284252483,-119.41894311583158,-63.14753844933911,99.52260972331847,-104.2735621303502,226.65019305678067
514.0586838439801,-64.45364532743938,-103.85099845812546,-75.97072166809882,130.09731199064385,-116.19411146937408,248.9280722916695
533.8452059971771,-90.58304492878337,-81.95021643582287,-86.97761794645942,161.19673098344202,-127.3818906200638,269.9909474701705
552.0884084361082,-114.69461734034039,-53.04514681600426,-95.87642008418175,192.2728983541913,-138.05088507135022,289.6712293230905
567.4122366728586,-134.27519352127945,-16.976192510646776,-102.5222081527059,222.65725264566828,-148.46727128671895,307.7777443851462
577.9720951682721,-146.75762006571432,25.70691114223672,-106.99738878926279,251.5806164625933,-158.94136005731002,324.098341447639
581.5451936414058,-150.02925195732885,73.62665409085612,-109.67606395753367,278.2169291146106,-169.8090796275038,338.4076085970965
575.7202099870626,-142.99699671653087,124.60303979592994,-111.24824433129584,301.7507761483393,-181.40172698154865,350.4802579125799
558.1876786327366,-126.04200627423492,175.8666195990631,-112.68014184741756,321.4628164970247,-194.00492160819678,360.1097629804219
527.1087401793143,-101.17329935267357,224.45380156675057,-115.09649063177633,336.820534784386,-207.81069836347166,367.13058523634254
481.5134522285516,-71.74743539191229,267.7103041774375,-119.5908829096807,347.5564543918274,-222.86989614656025,371.4410733456786
421.6583799217636,-41.7661795158844,303.76651641559624,-126.99661938233288,353.71453023512925,-239.05447879566157,373.02323358467595
349.264834496456,-14.948552830709474,331.8270789298485,-137.6744537954173,355.6497627193763,-256.0400396185509,371.9554001160744
267.569529497005,6.094113430753914,352.1609626546992,-151.38305425208932,353.9762331267687,-273.31660307019945,368.41458144078956
181.1488953179931,20.26135191307202,365.7835123791655,-167.2840115245141,349.47241528351213,-290.2307718364851,362.6668647368573
95.52089292158419,27.802087699423076,373.94789500277363,-184.09570872033484,342.96534907039677,-306.0551546409848,355.046387208519
16.573261011816363,29.71072941070642,377.6485769827864,-200.36099974926256,335.2221061549433,-320.0737532748856,345.925508145708
-50.097030369416814,27.01160427481421,377.3348417710214,-214.75244041548103,326.8746345376021,-331.66699414598634,335.6803946297666
-99.83059310892583,20.290148457812883,372.933866020563,-226.32487377297744,318.39270402233876,-340.37937001691,324.6568917578781
-129.43974344953108,9.660041625673173,364.13882786721206,-234.64621268608664,310.1032811854029,-345.95689688639357,313.14119434588736
-137.5532197797247,-4.902626173328045,350.802487025383,-239.78442602057686,302.2395397471982,-348.34966032629666,301.3386716733881
-124.72899775639922,-23.11568423041222,333.24720567341456,-242.18052768565337,294.994697087645,-347.68395767635445,289.36260967744886
-93.330859282786,-44.113265456303516,312.3645624640207,-242.47096748818672,288.5576910421123,-344.2157447474762,277.2330503791042
-47.1993725486937,-66.4734095790206,289.48812843254484,-241.32598415802175,283.1178674829104,-338.27987502449133,264.8846471900392
8.825251077323713,-88.5052836806639,266.11990205159566,-239.34686870329256,278.839533460148,-330.24738656380066,252.18166414671552
69.45522623760638,-108.62998255370643,243.63183158047923,-237.03033087846572,275.8187558554981,-320.49724617857123,238.93790825736806
129.50538441140512,-125.68154577536151,223.0443692663302,-234.77997166622657,274.04014001112455,-309.40217182322044,224.93937494262153
184.37263483650224,-139.03304932919406,204.9301941998461,-232.93377432109713,273.3495963429251,-297.32312287615395,209.96755932999002
230.39324475567946,-148.5511190866097,189.43699280765154,-231.78239087957343,273.452276315689,-284.6053711235714,193.8216271931027
265.04982201319604,-154.44708535671376,176.39038378478824,-231.56790892316144,273.93637350618485,-271.57072850822675,176.33789466231934
287.0247325841546,-157.10680623763542,165.43040195047925,-232.4671510093091,274.316527793435,-258.50415940440246,157.40533552956236
296.11860827970145,-156.95766799418055,156.14384421431188,-234.57121737632113,274.08692452725757,-245.63676240134646,136.9761480108558
293.0681245090107,-154.39534030430107,148.16918655696173,-237.872891625896,272.7739892514989,-233.12943362848046,115.07079735425312
279.3045998220401,-149.76383092765542,141.26358796152184,-242.26839326908578,269.9808357797679,-221.0617775214554,91.77741102729817
256.69437285131204,-143.36800730706162,135.33055771161088,-247.5735906387216,265.41893382662073,-209.4293110696936,67.24591012829629
227.29513551915161,-135.4966927562298,130.4128220685487,-253.55001147489557,258.9256468830803,-198.14961077242498,41.67775568374207
193.15211560500038,-126.44130884792432,126.65883685548538,-259.9338970220432,250.46867692099875,-187.0757805759659,15.312599230039314
156.14694951209165,-116.50418825633032,124.27367266991273,-266.46183463935586,240.13984455032798,-176.01418698590385,-11.586612772364777
117.90243166472136,-105.99801570236883,123.46561872525004,-272.88824710162044,228.14114397544873,-164.74306560426143,-38.748463794038244
79.73931733761066,-95.24123612223671,124.39887825935264,-278.99230598171044,214.76588213083951,-153.02918884079438,-65.90633736187878
42.67730302933429,-84.55343646574082,127.16058696723661,-284.57407426848016,200.3771949689945,-140.64089853972953,-92.80895333235752
7.47080713861191,-74.25093077835793,131.7476927688006,-289.44158385402045,185.38555368326996,-127.35701412255665,-119.2274119765327
-25.329578030990263,-64.63833546824691,138.07645576022992,-293.3920152759981,170.22621314051423,-112.9720992598925,-144.95845403762348
-55.297986225459745,-55.989409998934505,146.0145436622259,-296.19113003193075,155.33705589483213,-97.29915132630008,-169.82408822547015
-82.04336285314115,-48.51199333537494,155.43264510422787,-297.5555698810852,141.1370368545865,-80.17097191873185,-193.66810386671995
-105.11486718783479,-42.298388932186235,166.26886810520932,-297.14254085369356,128.00545641414647,-61.44139463348867,-216.35024660456213
-123.9088917974321,-37.27306571668551,178.5949192356261,-294.5507257143861,116.26252981114125,-40.98733789047976,-237.73898927395243
-137.58529348256116,-33.16088801272926,192.66878563880965,-289.33505119450626,106.15206546582806,-18.712441200178716,-257.70390522545176
-145.00295175318124,-29.50621592224158,208.95570656290138,-281.0362608920649,97.82738253126426,5.447112300140304,-276.1086902047489
-144.68831396261487,-25.770373903320884,228.0994809200998,-269.22422442539477,91.34178118183442,31.514122959723505,-292.8059201043033
-134.85431129617518,-21.51783086708614,250.8314818954965,-253.55166040797067,86.64487932185976,59.45902759824872,-307.6346832870795
-113.48913060720191,-16.669779064774232,277.81627180985265,-233.81258195997452,83.58595124617051,89.18594904160298,-320.4222394738808
-78.53200356810976,-11.764054913072265,309.44995127787035,-209.99748376018977,81.925062018324,120.51726763786074,-330.9907196229474
-28.143297805277555,-8.126322570738408,345.64744056854715,-182.3354846248061,81.3522494762356,153.1790197495534,-339.16944104136024
38.9431576393296,-7.847859200314794,385.67210304522996,-151.31304343670726,81.51414662121847,186.79068373966467,-344.8125462489495
123.02507062991269,-13.496943434117831,428.06768894323875,-117.66045686719411,82.04611652227035,220.86378242825577,-347.82038586656233
223.06305025166785,-27.56835164671625,470.74087801567134,-82.30198583914932,82.60617255355795,254.81364181755822,-348.1615689620863
336.4282347856544,-51.78160051801967,511.2092138252773,-46.27322945358216,82.9049877816342,287.9871325982325,-345.8913382403785
458.8563141315041,-86.43264123358672,546.978877191802,-10.618907584783358,82.72490781689194,319.7061795392749,-341.1614549303583
584.6697044891985,-130.03437514655224,575.9649218687364,23.707476480876778,81.92113551525603,349.3227107267578,-334.21757033566996
707.2740968661624,-179.41347314829008,596.835769687347,55.917444502201505,80.40109441367211,376.2765709436967,-325.3822436157682
819.8660672798903,-230.27384077880342,609.1739000689317,85.41521503362716,78.08357761319985,400.1451321910417,-315.0249516485661
916.226709726462,-278.05338986706437,613.4008440674642,111.7731324048105,74.84653459580232,420.6731968084844,-303.5237617044945
991.4447012550505,-318.7816618677169,610.4992842477847,134.66694460270787,70.47881436065785,437.77497832552706,-291.22572610590794
1042.4241120174345,-349.659175148367,601.6422779121162,153.79892057606915,64.65386453008912,451.50610629192516,-278.41363779391656
1068.0854322768164,-369.2230540119363,587.8717659271101,168.8430330400803,56.94003031052856,462.01126722399397,-265.28526250003745
1069.2453857104776,-377.15949288068686,569.9377440533028,179.4390240820321,46.8525539420512,469.46002713722476,-251.9479749242493
1048.23681108716,-373.96320502013526,548.3299588585841,185.24309842565117,33.93919451597609,473.98727308497155,-238.42789192366016
1008.3811972110606,-360.65627572510607,523.4458378306349,186.0198720734245,17.879154312478448,475.6540145748878,-224.68932303071404
953.4411002171178,-338.67391073009037,495.7853005143362,181.74290260325654,-1.4314766360290179,474.43886638193453,-210.65858991382535
887.1592073106206,-309.8811055366378,466.0678918583552,172.6669696609801,-23.832369892451283,470.26185400736813,-196.2463602365968
812.947648189719,-276.59280620944224,435.2208810948365,159.345532028839,-48.90392233297154,463.03288978558874,-181.3643099320772
733.7420572106602,-241.47549166043075,404.2553898622379,142.58633711361506,-76.02381309786611,452.71030291870176,-165.93442270122173
651.9943807387093,-207.28985760889543,374.09553071739504,123.35836932323723,-104.46026180629018,439.3523576863497,-149.8916709984594
569.7547709069999,-176.53183188079782,345.4341726949328,102.67638617550159,-133.4784136171426,423.14740661257724,-133.1824912193715
488.78744160291063,-151.0859847214196,318.66293798246403,81.49157079075584,-162.43536614537123,404.4151014668946,-115.76203131332954
410.67429164831094,-132.00002760866067,293.88371015363487,60.60969326627452,-190.84546447516115,383.57954367582704,-97.59267852975924
336.87724254888104,-119.43732789731573,270.97610859559495,40.64634349438046,-218.4075806713287,361.12265292934376,-78.64523355716761
268.7493970896867,-112.80014950649411,249.68219916284784,22.01757048487255,-244.99636324213697,337.5302484490861,-58.902773730537575
207.50150944724376,-110.96918239462948,229.67575855350725,4.9571943301975026,-270.6268512314216,313.24353595175825,-38.366181735380124
154.14099959717385,-112.58763801845996,210.6000229448519,-10.449935493208429,-295.4049940614401,288.62543540573694,-17.05977769857252
109.40485127576807,-116.32732925498283,192.07492978996515,-24.22760050077764,-319.4757777689872,263.94601985490044,4.964460742091564
73.70577943152989,-121.09779648738956,173.68587779795195,-36.46609500673162,-342.9772177994608,239.38611145274766,27.625101469920104
47.10476983294737,-126.18528860925063,154.9694597603171,-47.28031231347974,-366.00416421274076,215.0542766855345,50.8121703036671
29.31486095919523,-131.32785275005793,135.409540660808,-56.76807058821555,-388.5821189845093,191.01078836763938,74.39036876374732
19.733305274085073,-136.7422733660024,114.45270397914477,-64.9684226912343,-410.6489354524924,167.29246982950363,98.20373200937128
17.493943981209185,-143.1180015962894,91.54794082279537,-71.82079870516849,-432.0415964244397,143.9340223331144,122.08071963222643
21.529722193746064,-151.58447695364947,66.21236080457467,-77.1278577049797,-452.48603706731586,120.98357174346008,145.83888920079846
30.636599610224394,-163.64461242418025,38.12204014492191,-80.527371823077,-471.58972171477353,98.51200427576373,169.28865812991438
43.53357504633786,-181.053196052021,7.223509930033913,-81.48078383906673,-488.83882506435964,76.6167826807633,192.23607770076364
58.91757182976498,-205.61052130725153,-26.144422483292544,-79.28757153765392,-503.6038123483412,55.42130364641683,214.48489948167926
75.51506220894305,-238.8457686290045,-61.13710038995512,-73.13430950081545,-515.1583864371275,35.07070378963019,235.83842904699543
92.13364801206,-281.5879699551051,-96.32665055144298,-62.18434372700404,-522.7166640370278,15.724679274950788,256.1017113915357
107.71621130661734,-333.46708605562634,-129.6960149252352,-45.70755816876782,-525.4916944067154,-2.4523637251656254,275.0845015534189
121.3981417236855,-392.4473063086812,-158.73998519047126,-23.2398916905437,-522.7749477845211,-19.303525798196304,292.60529275333477
132.56519237477616,-454.55044063660495,-180.69767951592905,5.249547278978014,-514.0314912092547,-34.69350189542976,308.4964509896425
140.906227815208,-513.9497777205847,-192.9156006516996,39.216821038586495,-499.000049413773,-48.52376848776203,322.61026537396776
146.45177655642743,-563.5732221968262,-193.30311909262258,77.46600095803186,-477.78229152114136,-60.74788734104724,334.825467189899
149.58618549066688,-596.2334275712586,-180.80132131253242,118.17265423579258,-450.9030054711899,-71.38586557609459,345.05348773824306
151.019117286377,-606.1195011980398,-155.7554592255347,159.03001501365054,-419.32368644451003,-80.53652586484631,353.2434281697894
151.7028089709047,-590.2972979534128,-120.07601231797047,197.5153736471652,-384.3972153044865,-88.38681867221217,359.3844710792606
152.68713225792854,-549.7574024991205,-77.10401534241473,231.24405570891122,-347.7604610062309,-95.21682861639648,363.50440467398755
154.91665103924134,-489.5965178918218,-31.161957430669787,258.35047961331827,-311.1733564739626,-101.39888516329684,365.6632169578361
158.99187803348107,-418.1410591785179,13.142873356757448,277.8191637926972,-276.3248416241587,-107.38886646644585,365.9414633395883
164.9366608528812,-345.1629761629671,51.71667341600937,289.69017242303653,-244.63516652089626,-113.70782404465125,364.424288027289
172.02786545667414,-279.6698010945206,81.68947079607567,295.08546082982656,-217.0878259403927,-120.91281176619457,361.18335507396824
178.74437684696585,-227.92970268834966,101.85939846732882,296.0407471678453,-194.12131665692723,-129.5574449890861,356.2601042180945
182.87505993486408,-192.328433038961,112.76024563455638,295.1721868726595,-175.6010002924877,-140.14505733690092,349.654217408357
181.79120976954906,-171.36406515380344,116.34524831777,295.24581789269996,-160.8763729868524,-153.0797828125204,341.32062738442073
172.84683679717838,-160.6867704324991,115.38554975371189,298.7392922832401,-148.91219117592482,-168.62264258713196,331.17679686783697
153.8331646343744,-154.75165027210085,112.75368430651773,307.48364157597484,-138.46714084224112,-186.85997873271918,319.1197058340796
123.39476401408311,-148.50592703577044,110.77829286747347,322.4487180216921,-128.2848010866143,-207.68994618284157,305.0496564726657
81.32081837730253,-138.61497101954285,110.81500310035885,343.6973264037849,-117.2609909103839,-230.8294414720178,288.89635545992337
28.65441919613189,-123.97733964603596,113.09969684757444,370.4918582797887,-104.55952337780275,-255.83961585046956,270.6422689708373
-32.39405157577878,-105.560122362184,116.86526117691116,401.50541407236176,-89.66282138947888,-282.1641902677735,250.33907638756608
-98.69992325865043,-85.78457199553415,120.64028544018824,435.0749029843131,-72.36070541708678,-309.17237691733555,228.1148528301111
-166.58248787002978,-67.752631112049,122.62372676346877,469.43804415870864,-52.6950959011797,-336.19813735471405,204.17177472940938
-232.19459017263557,-54.54565852366973,121.04186206102493,502.91492812795366,-30.886316669555185,-362.5698883428586,178.77599907733435
-291.87609150424225,-48.71167488392386,114.42829665017287,534.0194009295262,-7.266235464151549,-387.62892397745816,152.2424304470662
-342.42444132292405,-51.95388903058444,101.80562901108365,561.507301249566,17.76449025692365,-410.73944245352186,124.91720104070541
-381.2628707984815,-64.97888184537885,82.77439390932042,584.3816506878451,43.750028722836475,-431.2965857277137,97.16002460429075
-406.5129371443559,-87.45833207239401,57.52616029413525,601.8777262688104,70.17096171183562,-448.7400110540308,69.32755027870795
-416.9975002292983,-118.0804084650126,26.796699414042795,613.4458403919924,96.42913874326769,-462.57862090512543,41.75790094762078
-412.2094667960554,-154.68906070929688,-8.230312986964245,618.740938758016,121.84318292857583,-472.4275669273634,14.75608814809587
-392.28003141601783,-194.51531882730555,-46.061596770828366,617.6200025909416,145.66812464582057,-478.0528331569978,-11.419909129911275
-357.96902309575717,-234.49275298183323,-85.06458216855066,610.1433042313727,167.14466735487395,-479.41347927509946,-36.57203491441025
-310.68243006301986,-271.6277943967474,-123.65286886299334,596.5743954397243,185.57441131077496,-476.6888472083951,-60.57287453756258
-252.5027060264862,-303.37570524207496,-160.46246848154843,577.3753609645673,200.40971353544452,-470.2789137344697,-83.37245134128199
-186.20131239602432,-327.96280644402884,-194.49042629171936,553.1967564470688,211.34260121739212,-460.7706214182941,-104.99921533589952
-115.1950923496829,-344.59829847304184,-225.16946463284643,524.8642938027449,218.37692840139476,-448.8703606588092,-125.55381222140645
-43.411795336074036,-353.5333498530837,-252.36101515917642,493.3657487823733,221.87129057243757,-435.3108374461614,-145.19523790351622
24.9543065443938,-355.94727580177346,-276.26322068288016,459.84124896249386,222.5458097111894,-420.74709769947845,-164.12028472169624
85.79146804499975,-353.66641984484363,-297.24791964863874,425.57790588047396,221.45213260790769,-405.65968075765386,-182.5384129917893
135.49209974410178,-348.74784551615204,-315.6585213476435,392.0057923548776,219.91127750810568,-390.28193936643106,-200.64499671538695
171.39272325426532,-342.9859242468275,-331.6160095396146,360.68699641840635,219.42718897509977,-374.56391652736426,-218.59608920931967
192.16639010505958,-337.42493724544687,-344.8896392235384,333.28394447169524,221.58458732467687,-358.17826109058046,-236.4874253091
198.10316678150434,-331.98296529921686,-354.8882300832528,311.4891794443191,227.9382903380431,-340.56642444779067,-254.33950944131146
191.22732410710583,-325.3054213726531,-360.8131634110203,296.89878810598753,239.89869077873112,-321.0175423000994,-272.08964388995054
175.22005689209033,-314.95867122154664,-361.98234019522243,290.81831909937637,258.61591740107224,-298.7689475141865,-289.59094459943213
155.13896119957494,-298.02990031978084,-358.28623132329756,294.0050377982144,284.8647303212448,-273.11618579181993,-306.61797052322
136.94710432359062,-272.1074008548727,-350.6800368214073,306.37318452046344,318.93417488700743,-243.5209274418749,-322.87855393837447
126.8853317110331,-236.4802895668123,-341.56526316386265,326.7155668037927,360.5302745526629,-209.7062124303735,-338.03155335579805
130.74332005692315,-193.24951104941704,-334.89150723175953,352.51763690574285,408.7053633018854,-171.7292751909433,-351.71022357630477
153.1085652448038,-147.9419424023571,-335.83662555650085,379.9490585292697,461.8319909544542,-130.02275383009822,-363.55040426827196
196.69457708621633,-109.23730985505274,-350.011941427515,404.1031805981801,517.6403457866304,-85.39614979703984,-373.2216652118452
261.86151112985016,-87.60186812392493,-382.27854940023536,419.51230734457386,573.3339693788984,-38.99208207051302,-380.45812547802285
346.4333039028796,-92.9598992179715,-435.4147555277101,420.9006425930407,625.7885637343212,7.80304735393959,-385.084404213763
445.8773777317323,-131.9275104473375,-508.98741596115764,404.0622678161707,671.8240186366788,53.4870984052459,-387.03172365497386
553.8478602380127,-205.42332033597344,-598.7957126843231,366.6913467387235,708.5232722315271,96.5940610671928,-386.34009545337875
663.0149711050282,-307.5001014450296,-697.1454463374905,308.9696450094493,733.5572894192383,135.8484325985928,-383.1448841549577
766.0348195879291,-425.9405155775467,-793.9928296691289,233.74757858517432,745.4674455659631,170.29830128860547,-377.6493917746304
856.4788903600236,-544.6037814762515,-878.7353219749971,146.23808505762926,743.857939477061,199.40615256331623,-370.08849666147944
929.554739976874,-646.9054898891237,-942.2161961640153,53.25760968970959,729.4623422576949,223.0842298867371,-360.6906985620062
982.5061043031769,-719.4103486952124,-978.4305358413634,-37.83805325044382,704.0681883280888,241.6720996462033,-349.6463347616076
1014.6629219840248,-754.4896358787408,-985.5061927640414,-120.29872215789916,670.3075090134627,255.86489465120457,-337.08803471737525
1027.1926011761268,-751.3485233077281,-965.7526871998916,-188.96543460298489,631.3440652680956,266.60865574601496,-323.08620370080416
