t1,t2,t3,t4,t5,t6,t7,t8
363.92,340.345,326.58000000000004,322.625,328.48,344.145,369.62,404.905
3269.559365315499,2373.830181129799,1574.4745461574057,914.9442168070793,436.9817195917059,174.54770711637335,138.43514315340556,283.6407156719707
5964.537692949592,4266.501152141889,2739.0986787335596,1466.3971600738616,531.9660144817649,6.034807699544103,-86.94278421323037,165.09722149229935
8269.43151063316,5898.948768746301,3750.9473674841315,1944.6902853498896,605.3919459708109,-156.51665913979537,-297.7903323175145,54.74330893329608
10053.2517895977,7182.475719954437,4557.360074298674,2324.9450137927747,651.2033181810918,-308.7639471704375,-486.6776154159712,-42.896737228278994
11246.137119967925,8067.3934349646925,5127.222871348156,2591.8013957753406,665.8226684878313,-447.20665644655315,-648.0102638995597,-124.60347247890792
11841.574479565466,8544.895430139884,5452.310609143708,2740.1375753893776,648.3148616079833,-569.385662700089,-778.3442082112522,-188.6469900104732
11888.884273403219,8642.865124258416,5545.393116204853,2774.4282851646535,600.2251715998885,-673.9576374920953,-876.451825201512,-234.7850211072585
11478.627695495625,8417.140178287817,5435.826097173495,2707.0031719965095,525.1489077479494,-760.6509140096796,-943.1572834991705,-264.09474942956604
10724.621978731038,7940.413653134999,5163.708619486744,2555.6203669523134,428.1253001022683,-830.1256084564347,-980.9906394891451,-278.6826142885412
9746.257280079599,7291.018002178275,4773.7638212367365,2340.819529407822,314.96238930623383,-883.7711540162078,-993.72911775853,-281.32896606899794
8653.986045872254,6543.403839321409,4309.921368980773,2083.4688930022153,191.592612066222,-923.4768676393209,-985.8984348571606,-275.1248220984643
7539.584797192995,5761.401638428428,3811.2421174915708,1802.8026666190508,63.535789525871536,-951.4069616246404,-962.298781826899,-263.1482546559408
6471.487537109034,4994.580730641495,3309.4405331225685,1515.0986352879181,-64.48505334803181,-969.8029292348732,-927.6032876021766,-248.2120769071052
5494.478958088654,4277.388638239413,2827.92583634054,1233.0083362991898,-188.7614125285254,-980.8262478342466,-886.0564191316748,-232.6969160812946
4632.468348290381,3630.3679943093916,2382.0572222614096,965.4494253911814,-306.6632292708714,-986.4452124692003,-841.2803210839124,-218.46821640798098
3892.9346539229027,3062.619014483765,1980.2074954508853,717.9124804189925,-416.5790689520403,-988.3629235438241,-796.1816728779746,-206.86453461092367
3271.824697336618,2574.747432261912,1625.2345540557026,493.0199786768823,-517.7704988160325,-987.979529656448,-752.9416879658938,-198.73846108201252
2758.0453788183067,2161.72636972094,1316.0347536084519,291.19253281241646,-610.1784494618894,-986.3805269301691,-713.0673660585418,-194.53013292919897
2337.078133121723,1815.324332319355,1048.9569414324917,111.3126314086115,-694.2137413283422,-984.3435485666841,-677.4819994021694,-194.35535166902406
1993.5676989461758,1525.9516973334212,818.9594475064084,-48.68369307944039,-770.5557452032701,-982.3578198447312,-646.6357418184318,-198.0942910192634
1712.9568162179478,1283.9244992421047,620.475489073258,-191.32079318050225,-839.9747256965418,-980.6525703715016,-620.6212887027232,-205.4713512112886
1482.3536882179412,1080.2309708078565,448.0080829220657,-319.2094230766337,-903.1864107711069,-979.23264629918,-599.284192976524,-216.1209335355054
1290.8528815273598,906.9224418471287,296.5049703906549,-434.7746376783557,-960.7425183191234,-977.9210118342306,-582.3212710644588,-229.63724637503782
1129.5129616968757,757.2514386408978,161.57305782855565,-540.0679561298593,-1012.958407843307,-976.4085919952277,-569.3635492397394,-245.60854870758274
991.1525171921543,625.6616093535563,39.587455626965095,-636.6458209521371,-1059.8782419788058,-974.3119133740473,-560.0421967865826,-263.6375742409965
870.0792982177478,507.7082711449742,-72.26150934614793,-725.50058166002,-1101.2782508654245,-971.2382447614551,-554.0370320086495,-283.3504744771787
761.8255585589872,399.9622817927395,-175.95449541677175,-807.0366485650507,-1136.7089678343823,-966.8564915802452,-551.1077250260129,-304.39672416131543
662.93028598544,299.9270835170836,-272.64837948769855,-881.0911019298261,-1165.5767459859421,-960.9701144414266,-551.1080449255055,-326.44227667821207
570.7856482966566,205.98009720553998,-362.6993989840639,-947.0032100595549,-1187.262748652139,-953.5861017534979,-553.9836724002184,-349.15801644151577
483.54855986769917,117.3348852188562,-445.71347172278666,-1003.7395658935376,-1201.2735529670076,-944.9719465954208,-559.7544268836273,-372.20534626292044
400.1063729324459,34.009196618169916,-520.6396676769526,-1050.0797541357745,-1207.411647345403,-935.6911945085283,-568.4823607874417,-395.2206296294436
320.0765774011505,-43.223826147654506,-585.9246871804049,-1084.8609726982281,-1205.9472158782899,-926.6080215806871,-580.2280787552006,-417.8001919832139
243.81344617976072,-112.9276615667081,-639.7421505321654,-1107.269052816418,-1197.7661287801468,-918.8529683647587,-594.99877478597,-439.4876430944102
172.390364753771,-173.16230598080745,-680.299899422566,-1117.1492371493794,-1184.4649542460922,-913.7456469786288,-612.6926836207975,-459.76535480832575
107.52657835234572,-221.7284369580663,-706.211839202687,-1115.2956366614849,-1168.364160643246,-912.6758077024036,-633.0456875609145,-478.05193334856733
51.43295873014776,-256.4970299224814,-716.9002960055907,-1103.6674213941242,-1152.4171218141232,-916.9509541736649,-655.5864490683042,-493.70737214969665
6.56419235814537,-275.8047435068388,-712.974533384137,-1085.4769012145412,-1140.0055818805279,-927.6256153526622,-679.6064152417466,-506.0471768257953
-24.71594196093053,-278.8721976225999,-696.5165960572625,-1065.1033826717946,-1134.6307222980095,-945.3329923300669,-704.1501973619431,-514.3660644045268
-40.52641840009385,-266.1820938181574,-671.2029790691597,-1047.8085394626644,-1139.529909053743,-970.1425658581586,-728.0301234862613,-517.9708520388448
-39.86594896978957,-239.74332119129673,-642.2042186710511,-1039.2621212714707,-1157.268141327202,-1001.4663088109172,-749.8663047266227,-516.2209334624835
-22.947964498840932,-203.1713639780327,-615.8353555460485,-1044.9254699523588,-1189.365265668749,-1038.031038271514,-768.1506152710483,-508.5734382728018
8.595870136765392,-161.53723713684315,-598.9744707017448,-1069.3758412517138,-1236.0211510746708,-1077.9257157249851,-781.3299608942909,-494.6289886557373
51.69909491601478,-120.97499617059803,-598.3153939932613,-1115.6773416523467,-1295.9894800785678,-1118.7215934373453,-787.9015662300403,-474.1731525310705
102.05672549063988,-88.08464689119094,-619.5623201676973,-1184.9067012667933,-1366.6279415597012,-1157.6520468829701,-786.5111938906737,-447.20846679438773
154.52040896507648,-69.21214180321522,-666.6965860348555,-1275.9210800490582,-1444.1228279847965,-1191.829899632144,-776.0445534957316,-413.9724204291228
203.6377312049901,-69.71913858237123,-741.441292061585,-1385.413809588274,-1523.8558210479018,-1218.4748170743762,-755.7028124907408,-374.93807055236675
244.2497966190198,-93.36299557709717,-843.0167291096321,-1508.2513980594474,-1600.85690247836,-1235.1228656881924,-725.0550016175009,-330.79588792269004
272.0483582279905,-141.88867591701887,-968.2255215096518,-1638.0337283203867,-1670.2750835351387,-1239.794505073964,-684.0629151553179,-282.41772007661115
284.00303026509664,-214.8928307707499,-1111.8440764350007,-1767.7814415737173,-1727.8002268962464,-1231.105019509093,-633.0773784419813,-230.80604918319605
278.59799143704356,-309.9667938872903,-1267.241758163494,-1890.6384769612694,-1769.9833506311456,-1208.3109599704153,-572.807966639362,-177.03361378844
255.85806945311023,-423.07325042288625,-1427.114248237955,-2000.4858925132946,-1794.4252404364781,-1171.2956116730063,-504.2709262267862,-122.17962803746974
217.18527264426638,-549.0735903770138,-1584.2096515952603,-2092.3912147502515,-1799.8282078825355,-1120.5041473285942,-428.721827593121,-67.26907536672007
165.0584348198481,-682.3072018359271,-1731.9440545959112,-2162.8567636985986,-1785.92783762722,-1056.8439006572135,-347.580208915276,-13.220861620135423
102.66415113549654,-817.13117189239,-1864.8396261130147,-2209.8701838593875,-1753.3365704927805,-981.566774363733,-262.35320359543016,39.19085261610758
33.52541254351008,-948.3536850141054,-1978.7615099597629,-2232.791854778122,-1703.3373128387102,-896.1495414465351,-174.56408322545698,89.3597636239228
-38.820966983733946,-1071.5276454907996,-2070.9684461478987,-2232.131797902982,-1637.6635842384449,-802.1845356021827,-85.69009685158397,136.85466726166507
-111.06918317875812,-1183.103040895378,-2140.018459275216,-2209.2724065059733,-1558.295289885692,-701.2889700895503,2.8877356019436036,181.41236559777394
-180.30448606347784,-1280.4601119391125,-2185.582188094931,-2166.185700977743,-1467.288989755894,-595.0368174784028,89.92184034688219,222.91914148773054
-244.08779709999556,-1361.8573328262032,-2208.2142333157526,-2105.179701546779,-1366.651278647274,-484.913519111741,174.32261797072445,261.3844671868516
-300.48289880238633,-1426.3293258697279,-2209.1219334208026,-2028.6928925624836,-1258.2555250270984,-372.2911454199717,255.1715444638161,296.9107590017693
-348.04563813374125,-1473.5635750271601,-2189.9566898773815,-1939.1423814028688,-1143.796654820407,-258.4200689374859,331.72468565367024,329.6626182954668
-385.79123947639357,-1503.775455504423,-2152.6398079581413,-1838.8221641448245,-1024.7759156912716,-144.43259595716418,403.4087120649468,359.83827459305576
-413.1506127554984,-1517.5922494228635,-2099.2253192855023,-1729.8431244227177,-902.5070281013263,-31.35407297612366,469.81148949375586,387.6450555817272
-429.9218052034074,-1515.9505074361564,-2031.7969538546988,-1614.105088539831,-778.1359887856323,79.88253311011903,530.6691271464598,413.2798212355646
-436.21968211198043,-1500.0077550838862,-1952.3944863380254,-1493.292054653618,-652.6682531279788,188.42190959632975,585.8510552116668,436.91454227289194
-432.425613902998,-1471.06840316338,-1862.9646632818917,-1368.8833227490272,-526.9985144735997,293.4741340277926,635.3443281092951,458.6866499047766
-419.1387566389628,-1430.5236335165603,-1765.3325029055898,-1242.174806641325,-401.9395192084155,394.30676465228146,679.2379487783559,478.6934552935602
-397.1306049865412,-1379.8049827075283,-1661.1891286235102,-1114.3059259861068,-278.24724079210375,490.2424686679946,717.7076191283151,496.9898125588163
-367.30425248036846,-1320.3508111290562,-1552.0922095710284,-986.288156977249,-156.64037529575972,580.662634733991,751.0009780167231,513.5882312134418
-330.65901041711845,-1253.5838261564948,-1439.4747229138707,-859.0317797800833,-37.81267527054672,665.0166275880865,779.423127091329,528.4607743009866
-288.259902877446,-1180.896687490089,-1324.6574977592143,-733.3678605100124,77.56273968319945,742.8355144977451,803.3220994776332,541.5422512611133
-241.2104851682975,-1103.6419360420705,-1208.8611909395793,-610.0632384269594,188.83717680210222,813.7482906137824,823.0739193928836,552.7343851839255
-190.62685281395727,-1023.122422823032,-1093.2141532799426,-489.82732295587107,295.3974073621562,877.4979698090362,839.067037374135,561.9107740525473
-137.61088304980424,-940.5792026233412,-978.7540322425851,-373.3107779161991,396.6820722284552,933.9545373732643,851.6861873979122,568.9225620618907
-83.22169472622707,-857.1753671459062,-866.4227048464558,-261.09751656420883,492.20066174030865,983.121823063861,861.2960548631178,573.6047895680294
-28.44579173290733,-773.9761848232293,-757.0559189256908,-153.6926261334569,581.5516579694277,1025.1359364211016,868.2255027180795,575.7834047242926
25.832037268490154,-691.927746046727,-651.3704940247612,-51.50965101087044,664.4363063174856,1060.2540026583963,872.7533994192912,575.2829035945676
78.85371849806347,-611.837647261378,-549.9528009429616,45.13910239648516,740.6649876053286,1088.8334153994824,875.0972516603172,571.9345232927175
130.0049130158873,-534.361756327527,-453.2523161717645,136.04602317569086,810.1543011925626,1111.3034330233677,875.4058103597599,565.5848464419294
178.82061455024603,-460.00063164396033,-361.5832948405375,221.10331015968364,872.9146054468652,1128.1323645293223,873.7565673208074,556.104586784324
224.97729670933006,-389.1077746025273,-275.1361428229377,300.28925428382365,929.0296104980523,1139.7944939971449,870.1586122811174,543.397221128133
268.2717364230248,-321.90983798893194,-193.9981621275947,373.64704008965356,978.631296804748,1146.74104158261,864.5607390861098,527.407026000349
308.5890998357633,-258.53660983556216,-118.18136870084426,441.2591108586899,1021.8745424073159,1149.3787756842262,856.8640720809308,508.1259910896644
345.86509023146476,-199.0565411124089,-47.653456268777745,503.2213075215319,1058.916069605962,1148.0584934876854,846.9379403925155,485.59904361860583
380.048384506546,-143.5122621896631,17.632920102473122,559.6213245650467,1089.9015391001205,1143.0737709099956,834.6373595960072,459.92705357064216
411.0698259285347,-91.95028170633199,77.7172958835039,610.5253840011068,1114.9629383975478,1134.6685496874409,819.8203555209184,431.2672131938087
438.82374768121576,-44.44000536678544,132.61865275122148,655.9754866609072,1134.2261805317717,1123.0506829474868,802.3635032586376,399.8305908329496
463.1645322787392,-1.0792065684364829,182.33453046018425,695.9974575392716,1147.8265611904756,1108.407801757314,782.1744227323151,365.87692361148606
483.9185140549809,38.014270708952,226.85139392155907,730.6177253503769,1155.927965093259,1090.921916344906,759.2004934712791,329.70699396375215
500.90824846783516,72.72206000242015,266.1633783677148,759.8848928238227,1158.740901666437,1070.7799488690366,733.4336233893673,291.65318276557673
513.9836895479837,102.9513357281391,300.2948529131386,783.8911174651644,1156.5347869243367,1048.1786653528434,704.9114258098982,252.06896321365616
523.0534960086106,128.66145034450847,329.3215422493422,802.7883918214931,1149.6412810463023,1023.3238985946734,673.7155425810938,211.31816682888515
528.1098200270955,149.88527368505206,353.3853875125168,816.7959793394584,1138.4475797181158,996.4252006750253,639.9680511638669,169.76480994023308
529.2414720809677,166.74067182931873,372.6997997264142,826.1972493592933,1123.3808162043922,967.6878863195395,603.8269029077974,127.76413132167954
526.6329266693068,179.42978853998284,387.5441104400427,831.3264885581217,1104.8866148855602,937.3047119493398,565.4811874463505,85.65529092856382
520.5496373599143,188.22641204015216,398.24835274399635,832.5483998087298,1083.4059254627798,905.4492034047743,525.1467583438292,43.75595479182029
511.3128923940346,193.45413484918703,405.1714887514772,830.2344542459512,1059.354366264157,872.2720311553256,483.0624527218804,2.3587791201424864
499.2693812782805,195.4597326008159,408.67741943623173,824.7407430842438,1033.1074779974642,837.9010273222759,439.4868547475716,-38.270364249035694
484.7613957752444,194.58687865830714,409.11334999190944,816.3914316377304,1004.9938138350128,802.4446404704104,394.6953387060138,-77.89269290847287
468.1030790221263,191.15490414821667,406.79435347764695,805.4705367991211,975.2960665743906,765.9979887775592,348.9770120924077,-116.29567517986106
449.5665657093898,185.4459800702687,401.99650285204984,792.2228920795271,944.2588646121474,728.6502922083346,302.6311723474201,-153.2913741796545
429.37963195115424,177.70219201600173,394.9590913270797,776.8632648067407,912.1007695661035,690.492362694051,255.9629833006164,-188.714262679809
407.73409905747883,168.13193513967258,385.8946421256828,759.5910475888114,879.0275416657989,651.6229731256423,209.2782449878892,-222.4187358265832
384.8021926178552,156.92329485390547,375.00398093340016,740.6070406705903,845.2439026446865,612.1532391403906,162.87733943041277,-254.27648213847124
360.75671069938596,144.2609116057148,362.4928487125741,720.1286880931087,810.9616841014652,572.2085461001249,117.04864708145064,-284.1738153270748
335.7903905681077,130.34241749070497,348.5864579819183,698.4006763551804,776.4031887619967,531.9279569285657,72.0619068470803,-312.00903088395637
310.1302822317824,115.3908768379643,333.5389826261994,675.6988658518162,741.7995844940879,491.461383279554,28.162105539720443,-337.68983759929694
284.0440785923794,99.6606222013557,317.63604567732995,652.3268457461527,707.3850057307458,450.9650565371428,-14.435491179087052,-361.13092523551404
257.836948251636,83.43522032832936,301.18959356597827,628.6057154783518,673.3876332565472,410.59598444126505,-55.548623542340664,-382.25175990855644
231.83915694723646,67.01776352984916,284.52587168448406,604.8587782598995,640.0193184540815,370.5061306384516,-95.02925411740097,-400.97473787307746
206.38635226509098,50.715010831242786,267.9683327382735,581.3935390741935,607.4653362845146,330.837026083461,-132.76256012839715,-417.22386258429015
181.7955893758621,34.81790511707532,251.818068591446,558.4836760595583,575.8756596430155,291.7154336318303,-168.66381082982878,-430.92412450983056
158.34084440962607,19.581546652781064,236.33468539997745,536.3535228384447,545.3588287339454,253.25055734471513,-202.67350043468437,-442.00174591943204
136.23183989286247,5.207767652580145,221.72043814062235,515.1671393288584,515.9791167382714,215.53312605390173,-234.75132270392947,-450.385397139123
115.59952048764494,-8.16694561667294,208.10995683426867,495.0233667000229,487.75731819995326,178.63649051535592,-264.8697068364449,-456.0083980859033
96.49056193811217,-20.47621559995698,195.5671224041801,475.957468598094,460.67513359194237,142.61965710631597,-293.00766228492455,-458.81180014524284
78.87201545844286,-31.720293857278328,184.0896950270805,457.9491529697849,434.68279675542203,107.53194526014966,-319.14559720188714,-458.748117657752
62.64575826891462,-41.95457236746052,173.62127978941925,440.9360252213425,409.70928835876634,73.41871827166435,-343.26159604493034,-455.78536930632254
47.67102659838818,-51.2714495310501,164.06925103824983,424.83090528096,385.6742016209853,40.32742907046625,-365.32939883559493,-449.9110210933937
33.792134550515385,-59.77786908892549,155.32645925301043,409.5409973769524,362.50009550377456,8.313086480614174,-385.31806153229513,-441.13541186352074
20.86769271011666,-67.57149989579842,147.29401035314834,394.986672298317,340.1240216913434,-22.557772018975584,-403.1930402880387,-429.494296052219
8.797353345279365,-74.7187738885912,139.90221163594123,381.1176378480011,318.50689045743195,-52.20538471053422,-418.91827127488244,-415.0502497458699
-2.4576191449505984,-81.23780163098297,133.1269602362505,367.9245477295591,297.6394868198381,-80.53784327776248,-432.45873665351695,-397.8928358711455
-12.862844768234662,-87.0885534562546,126.99940159602222,355.4446196440346,277.54427935283314,-107.455022954559,-443.78302156078763,-378.13758458827067
-22.310041292321614,-92.17170911230234,121.60754617747516,343.76055332378485,258.2726608730166,-132.85496340327575,-452.86546356046125,-355.9239858948618
-30.627105490460245,-96.33637854843013,117.08959108684942,332.99287645492956,239.89786395581686,-156.64184439078684,-459.6876477371686,-331.41278818397626
-37.59768305889862,-99.39565947240078,113.61980067583922,323.2866908454638,222.5044129706082,-178.73437062830675,-464.2391735054019,-304.7829347956136
-42.98752186941431,-101.14791255462356,111.38879369965622,314.79452120729957,206.17550082700492,-199.07325404100126,-466.517779972058,-276.2284495828054
-46.57398618424013,-101.40086885003211,110.58081555303038,307.6574734290887,190.9800138659924,-217.62659786682772,-466.52903897359886,-245.95551386962072
-48.17473831010784,-99.99534930733914,111.35093505183947,301.9871094997543,176.96100438694793,-234.39233091056337,-464.28589286132905,-214.17988121661375
-47.67181333121946,-96.82551329341224,113.80504943221426,297.85031209961824,164.12720650051455,-249.39734579134173,-459.8083231252115,-181.12467631592625
-45.0280682317777,-91.8531237246433,117.98512992429566,295.2589678178486,152.44873905066908,-262.6935592954522,-453.12339111713965,-147.01854038922718
-40.294140219469135,-85.11421430318822,123.86137646190942,294.1656180724546,141.85751654767546,-274.35162124928183,-444.26580545963935,-112.0940307693922
-33.60540562124769,-76.71761739534452,131.33200109770638,294.4654199461256,132.2522017683033,-284.4533512187545,-433.2790581319361,-76.58616109177814
-25.169776598474613,-66.8358906101354,140.23037258974392,296.00394826178353,123.50689569845615,-293.0841178775579,-420.2170500605622,-40.730976761983314
-15.248312640570392,-55.69011034851423,150.33837053493136,298.5896707390267,115.48227146018394,-300.3262813059341,-405.14601427312283,-4.764088763879421
-4.131410253751822,-43.530662477987484,161.4041295572204,302.009429706683,108.03758737693566,-306.25452926987873,-388.14645562745324,31.080873779625506
7.8863129233998155,-30.616486326138528,173.16197309113073,306.04501882491695,101.04198852679738,-310.9335264124263,-369.3147734612388,66.57389543400168
20.52941291785846,-17.195206695661952,185.3522645835769,310.4889622244554,94.38371256572307,-314.417849415635,-348.7642261693112,101.49026469062375
33.56074270907716,-3.4862586312825528,197.7391180853764,315.15785849879376,87.97620539739594,-316.7537878850324,-326.624938861242,135.61227723150017
46.794512370944055,10.33145109939538,210.12435027312722,319.90208523877357,81.76065241720163,-317.982316589009,-303.0427452718651,168.73089619298437
60.10240424407323,24.12649310614431,222.35663866481332,324.6111953675294,75.7049582358853,-318.1424263366456,-278.1767850733177,200.64730873979673
73.41278506086327,37.81633810258883,234.335484283322,329.2148933601238,69.79968215851119,-317.2740419585149,-252.1959336086901,231.17431671628844
86.70387159841881,51.36376023273712,246.01017466524937,333.6799832826722,64.05179368892897,-315.419931420893,-225.27430370205062,260.137499134094
99.99231806764084,64.76922547029767,257.37443487366215,338.0040735784156,58.47731094577597,-312.6262745552277,-197.58620638435593,287.37608617612375
113.31904650864013,78.06057533702581,268.45779417080166,342.20707023947455,53.09391169142933,-308.9418580484295,-169.30106657794738,312.7434904715077
126.73422184959995,91.28141701173635,279.3148657614403,346.3215796998426,47.91447540135964,-304.41614088514774,-140.57884138757157,336.107454828979
140.28310555752708,104.47954368950401,290.01374438377036,350.383287846514,42.94226176352416,-299.096646532219,-111.56646924743393,357.3497992862559
153.9941614821005,117.69647488291452,300.62460084827063,354.422212639652,38.16810748248201,-293.02625530693876,-82.39578343728964,376.3657854017801
167.8703098637195,130.9588816448608,311.2093371834237,358.4554868602095,33.56968610782133,-286.24098106501646,-53.18316003393835,393.06316052323746
181.88371276872846,144.27230794689365,321.81290919334253,362.4820596309602,29.112577664963275,-278.76872672525496,-24.030956201980587,407.3609943480612
195.97400299982465,157.61727330656998,332.45666981448437,366.4794515515721,24.752676968510123,-270.629344171298,4.969442255135306,419.18846650959904
210.04949920818953,170.94758679499176,343.1338711601579,370.40248958789755,20.439355190229115,-261.83610686175604,33.73337062608729,428.48379748050985
223.9907196501223,184.19054401229914,353.8073055669696,374.18380216873777,16.118782999741637,-252.39847374146032,62.17801717839734,435.193526228155
237.6554267539128,197.24862162121585,364.408970884416,377.73577659072646,11.73691239186753,-242.3258154097632,90.21762254789593,439.27231962894825
250.8844904484406,210.00231521397868,374.8416038059688,380.9536624521543,7.241771979096772,-231.63161667307645,117.75943476987841,440.6834479891972
263.5080160274464,222.313858200642,384.9819190378058,383.71953086682026,2.5849235016300884,-220.3375829778754,144.70100883493228,439.3999813655555
275.35139541765926,234.03167668131573,394.6853992498194,385.9068499993948,-2.2778793115943508,-208.477070285057,170.92925133257341,435.4066621197069
286.2411581794575,244.99554148797216,403.7924798850238,387.38549320093955,-7.3866256252787466,-196.0973265233805,196.32136220893838,428.7023047133895
296.01067394152113,255.0424427990658,412.1359483294448,388.0270399314345,-12.777263370413909,-183.26016659223916,220.7475567809006,419.302481244961
304.50585669617766,264.0132147378322,419.54932138573037,387.7102502567768,-18.481841814493883,-170.04088404885687,244.07520548076292,407.24218717190297
311.5910261219261,271.75987111806603,425.875880826076,386.32658612958346,-24.52825496157947,-156.5254091226118,266.1738453309324,392.5781586218165
317.1549942054485,278.15348818120947,430.97794558444195,383.7856190515281,-30.939350637734577,-142.8059308808788,286.9204228854685,375.39053651106644
321.1172881116272,283.09230867353267,434.7458595662004,380.0201127333652,-37.7313065762513,-128.9753879342664,306.2041335906533,355.78364102317596
323.4342283999013,286.50957655051116,437.1060985153763,374.99051473711467,-44.911333926254805,-115.12137594748691,323.93031955299284,333.8857225530721
324.1043989883351,288.38047928745937,438.0278697445361,368.68854915717867,-52.474924009841004,-101.32010441449066,340.0230535762299,309.84767566466303
323.17291464194034,288.72750822607964,437.5276115972199,361.1395889889982,-60.40298012276059,-87.6310486270416,354.4262393032436,283.84082173833644
320.73384684414,287.6235695617703,435.67090310183426,352.4035137986151,-68.65925170399429,-74.09288220649515,367.1032599789222,256.05396544038825
316.93022732712353,285.1922974243197,432.5714647966577,342.57383059695485,-77.18850054162283,-60.721146580377194,378.0353805769154,226.68999579990768
311.95120847515494,281.605226897509,428.38715384134787,331.77494981375423,-85.91577556957867,-47.50793095354399,387.21922807538306,195.9623269902978
306.02620065268104,277.0757539771163,423.3131053089726,320.1576518880145,-94.74706277438823,-34.423621814047635,394.6637327869794,164.09145679861456
299.4160933126584,271.8501055617588,417.57241646583077,307.892934774511,-103.57142734833299,-21.420561685325367,400.38691186337024,131.30186891879325
292.40195749092004,266.19582550874543,411.4049811654577,295.1645772697939,-112.2645996410356,-8.438260294214388,404.4128256498285,97.81943016582883
285.2718810843145,260.3885155198436,405.05523160352504,282.16086745388395,-120.69379899028355,4.59034832231913,406.7689550944697,63.86934924957072
278.3067726437411,254.69772442072104,398.75961833410366,269.0660148157337,-128.7234613090011,17.732195051609295,407.484151894638,29.674683205059686
271.76606508044654,249.37294180525038,392.7346519463876,256.0517815766367,-136.2214520186198,31.04751808812516,406.58721848284233,-4.544688308801344
265.8742534907644,244.63062189494656,387.166247987715,243.2698346915463,-143.06531193719104,44.584011265246545,404.1060942729744,-38.57274501666656
260.80912069554165,240.64305329269973,382.20097685868996,230.8452439577273,-149.1480981719875,58.37212047351866,400.0675650375192,-72.1978088088982
256.6923594433741,237.52972146165772,377.9396446598423,218.87144784359745,-154.3834362858305,72.42178161354269,394.49737677981017,-105.21296916306409
253.58311595473072,235.3516088103686,374.43344328577956,207.40689350053253,-158.7094810994704,86.72072900274965,387.42062359125634,-137.41657156204812
251.47478012342344,234.10866737279542,371.6827303003431,196.47344637273648,-162.09157718197858,101.23434509752657,378.8622880930064,-168.61285447340407
250.2951539097471,233.74050224286705,369.63834801328085,186.05656966319094,-164.52350341207216,115.90689007353873,368.8478390711757,-198.61277853593637
249.90995553246253,234.13013462971756,368.20527647200186,176.10720108181093,-166.02726939458915,130.66385693655957,357.403828697681,-227.23504844313464
250.12946999302068,235.1105786864124,367.2483390350952,166.54520432306222,-166.65149995868177,145.41515097025965,344.55847520247573,-254.30728874607695
250.7180365643157,236.47386622404758,366.5996372654607,157.26424082757086,-166.46849710594034,160.05879037098947,330.3422590459539,-279.6673035586852
251.4059665328871,237.9820827573523,366.06737447385103,148.13788513833126,-165.5701101430804,174.4848597924812,314.7885939849511,-303.16433000514917
251.90340260123548,239.37992863615352,365.44572218425765,139.0267847991796,-164.06258012036756,188.5795069342483,297.9346516365751,-324.66018815137744
251.91555804738417,240.408281397027,364.5253791592593,129.7866348047712,-162.06056011377643,202.2288384045874,279.8224134834601,-344.0302368351944
251.15870477908604,240.8182030078737,363.1044594780716,120.27669239442727,-159.68055247331816,215.32262957145423,260.49999510516676,-361.16406460082885
249.37621503768707,240.38480540013137,360.99932069370607,110.36850125984796,-157.03404852765414,227.75780223021286,240.02323560902656,-375.96587567495465
246.35390713089123,238.92036158446396,358.05490774430797,99.95443181779376,-154.22070169332187,239.4416377287073,218.4574777446497,-388.3545688719609
241.9339113327381,236.2860345527073,354.15415152041953,88.9555880779871,-151.32190382722007,250.29468258048917,195.87939265821404,-398.2635474349554
236.0262710497812,232.40160237936823,349.22593567610863,77.32859677804103,-148.39515684393476,260.2532757508228,172.37864223167398,-405.64033425390073
228.61753976237392,227.2525968497625,343.25114596785374,65.07079559713168,-145.46962681724207,269.2715932484025,148.0591361149601,-410.4460938154578
219.77573629542533,220.89435414431276,336.2663559776033,52.22338539415698,-142.54322824407032,277.3230793484137,123.03964133616083,-412.65517479967394
209.65118373537905,213.45260454273586,328.36478948243337,38.8722107928203,-139.58150895253792,284.4011259001936,97.45354498554642,-412.25478258943537
198.47297662674376,205.12040200055188,319.694333661318,25.14597981258368,-136.51849454658924,290.51887853231125,71.44765205763662,-409.2448689241463
186.54108385830708,196.15140448309876,310.4525512721866,11.211913891118979,-133.25951473062227,295.7080921063201,45.1800100638933,-403.63828926037115
174.21437987454564,186.84974596187845,300.87883892097904,-2.730984835097072,-129.685886552637,300.017022603317,18.816872097345957,-395.4612324496963
161.8951781740316,177.5569700496021,291.24408238377566,-16.460674542896417,-125.66118807371387,303.50741941856506,-7.470979725307885,-384.75387918631947
150.0110904709348,168.6367006834185,281.83834644180615,-29.742291224022708,-121.03873618089443,306.25075927209485,-33.51224723688697,-371.5712028692441
138.99522677572213,160.4578859731,272.95728518596025,-42.3392017664105,-115.66979696471543,308.32392942934354,-59.13912401973954,-355.9837957327759
129.26586644942748,153.37755087621616,264.8880532289405,-54.02420182625482,-109.41201399203017,309.8046149202023,-84.19096690160515,-338.0785889167181
121.20675720582894,147.7240231784185,257.89552953026407,-64.59017969730866,-102.13754086494016,310.76666693543035,-108.51735626018697,-317.95933933841235
115.14913730815076,143.78155373681537,252.20963214724839,-73.85963584712566,-93.74040622320614,311.2757266188503,-131.980361204779,-295.74677754535014
111.35643484934016,141.77714233838452,248.0144101883712,-81.69256086093203,-84.14271418216485,311.3853526842392,-154.4559348584009,-271.57834530213756
110.01239421919178,141.87021778498206,245.43946071870914,-87.99231631856468,-73.29938087886521,311.1338578427837,-175.83447386224466,-245.6074938522142
111.21313639363643,144.14562263591665,244.55404962086584,-92.70931638381208,-61.20121716010998,310.54200445575543,-196.02066801780114,-218.00255724594984
114.96340159255959,148.61013941400557,245.3641344611488,-95.84245647036725,-47.87627778044097,309.6116508767568,-214.93282828130697,-188.94525387951305
121.17697417360203,155.19258571084688,247.81231160704658,-97.43836614513451,-33.38949959161212,308.32538268241274,-232.50190785761245,-158.62889874792617
129.6810703676747,163.747317489974,251.7805537618417,-97.58866755240837,-17.84073812421174,306.64711213647195,-248.67042206562797,-127.2564260080256
140.22429336219105,174.06082529668106,257.0954778983206,-96.42549394403454,-1.3613793480308658,304.52358777041945,-263.3914336969421,-95.03832540252613
152.48763360817603,185.86099350285423,263.5357921540824,-94.11556582236221,15.89025030000441,301.88672495181726,-276.6277114075938,-62.19058789333231
166.0979139835701,198.82851850901847,270.8415130924732,-90.85313906966118,33.734426189641226,298.6566469536872,-288.35110082456873,-28.932737917104536
180.64304234805334,212.60994301356098,278.72451675111137,-86.85213731248476,51.9762608776657,294.74531202180935,-298.54208303786504,4.513994644994245
195.68842687627597,226.83175134725028,286.8799799553382,-82.33776800969858,70.4123752963691,290.06059203620094,-307.1894428946062,37.92833668260042
210.79391994421627,241.11497527259675,294.9982732721278,-77.53790645284306,88.83775654354817,284.5106592452564,-314.28993721270956,71.09046821723608
225.53067341943415,255.08977126689254,302.7768755723182,-72.67452039997453,107.0525624432624,278.0085266499058,-319.84784459013775,103.78337489419972
239.49730497386412,268.4094428254552,309.9318871517731,-67.95540394408873,124.86864037664502,270.47657389237213,-323.8742943562334,135.79409421564483
252.33478972450916,280.7633927638096,316.2087224200806,-63.56649247617024,142.11553215112585,261.8508749141697,-326.3863095886497,166.9149008792072
263.7395077827498,291.88850362639226,321.3915672402263,-59.66503778493504,158.64573945402975,252.0851291779502,-327.4055523775136,196.94447594754098
273.4739043211404,301.5784659627833,325.31119663879525,-56.373927125323604,174.33902960306528,241.15398949258986,-326.95682085224615,225.6890959732234
281.37426528988476,309.69061374592025,327.8507745063164,-53.77742447741193,189.10557426561644,229.05558181497076,-325.06640773364086,252.96386298154408
287.35518972958283,316.1498932112791,328.94930696658173,-51.91858803162606,202.88774032678373,215.81303089316862,-321.760479817562,278.59397652564917
291.4104568908132,320.9496933850896,328.6025022609323,-50.798568495303186,215.66039689526508,201.47484387214726,-317.0636681273769,302.41602767835224
293.61014620000776,324.14940665571993,326.860905322285,-50.37791449112794,227.4296679883939,186.11406313426332,-310.998062837455,324.2792750050075
294.0940668562167,325.86876299299666,323.8253224320396,-50.57990475002137,238.2301458363857,169.82617763954153,-303.58278207156116,344.04684748771825
293.06178036388735,326.2791820877274,319.63972220923245,-51.295797572223705,248.12068020814738,152.725873378916,-294.8342301086991,361.5968118257841
290.7597354265622,325.5925975359875,314.4819797340298,-52.39174662843814,257.1789661013621,134.94279963435443,-284.76708379265864,376.82304338067956
287.4662568268794,324.04840501600046,308.5530025160376,-53.716993141482845,265.4952539612185,116.61661766163904,-273.3959557664827,389.6358517684412
283.4753121564824,321.8993485862701,302.0649197557877,-55.11282475972925,273.16559015835765,97.89167040810132,-260.73759244470375,399.96233260447815
279.0800976127041,319.3972631400741,295.22911010994756,-56.421707974960015,280.28504808764853,78.91165507616304,-246.81338755708356,407.7464434270494
274.55751673067346,316.77961874538545,288.2448720804635,-57.49596801161303,286.9414219528108,59.81468665829383,-231.6519416302251,412.9488303207572
270.1545628484465,314.25775426404095,281.2894962414277,-58.20541659075275,293.2098208345365,40.72910637822484,-215.29138322020174,415.546457530056
266.07745777283355,312.0075440533781,274.51037992619376,-58.44341522651476,299.14852095429023,21.770316211611703,-197.7811926819992,415.53211089344484
262.48415854035505,310.16302499214794,268.0196428065126,-58.131002623610414,304.79631673746724,3.038817011862715,-179.18333067086277,412.9138538340081
259.480545965244,308.81324434711513,261.8914752581008,-57.21889413143552,310.17146981776847,-15.38049419322904,-159.57256194116655,407.7145103267456
257.1202860473726,308.0023025415323,256.16220649762136,-55.6873577829752,315.2722069182777,-33.41783683012592,-139.0359661376276,399.97123334551753
255.40804543860318,307.7322923697055,250.83284512931814,-53.54416099270804,320.078581163834,-51.017049667830904,-117.67172492003857,389.7351925121165
254.30548062328847,307.9686093969997,245.8736484299492,-50.82094122489343,324.55540348361296,-68.133348172145,-95.58735377220074,377.07138535193167
253.73923588032753,308.64695216915806,241.2301401961356,-47.56846427922099,328.6558833759281,-84.7306475768391,-72.8975960038875,362.05854774140727
253.61009487619322,309.6812598751335,236.82993308817493,-43.85128428202157,332.32559700271264,-100.77876957641996,-49.722210420723016,344.7891155556793
253.80243878864533,310.9718513112965,232.58972232959604,-39.74230811949755,335.50642392666634,-116.25081940172689,-26.183864057587257,325.36917474087215
254.1932605630655,312.41312232660636,228.42189516561334,-35.3177009344559,338.1401541055809,-131.12095896109125,-2.4062941172173566,303.9183328062873
254.66014934830503,313.9003095312917,224.24032798631805,-30.652462685331216,340.1715518500872,-145.36272208562366,21.487160439802373,280.5694508514551
255.0878630573044,315.33501002243406,219.96509854043614,-25.816877315325826,341.55075906943443,-158.94793239877026,45.374625184042046,255.46818977925327
255.37331947240682,316.6293326870794,215.52600073047353,-20.873905621310115,342.2350123419738,-171.84620483196176,69.13638299425598,228.7723441983186
255.42902867705112,317.7087213770797,210.86489269831915,-15.877478286662495,342.1897255743136,-184.02494777230612,92.65526777709903,200.65095913070363
255.18513931021266,318.5136150035015,205.93701885385752,-10.871560164610258,341.38904436124375,-195.44974027834502,115.8168597119592,171.2832446949053
254.59036444487128,319.00018354637984,200.71151349358033,-5.889808301715078,339.8160059671835,-206.08494008476117,138.50958846778417,140.85731987179818
253.61208582322377,319.14039999731625,195.1713153599128,-0.9556356329884181,337.46244054999414,-215.89438223279637,160.62483917119795,109.56882676554343
252.23591307257163,318.9216822271036,189.31270336625914,3.9174847012747307,334.3287287183204,-224.84205143606306,182.05713159855242,77.6194610002045
250.46491025359825,318.34627784208215,183.14461363111786,8.725591788442244,330.4234941518084,-232.89264820312462,202.70441194355857,45.215462510914655
248.3186134808771,317.43048529537236,176.68783027531302,13.47374284005744,325.76326569913385,-240.0120127401238,222.4684642594798,12.566105092853599
245.8318701770098,316.20372315314955,169.97407179166868,18.1754482214902,320.3720994297992,-246.16741490021002,241.25542008054467,-20.117785907698142
243.05345151332835,314.70739251668317,163.0449350203437,22.85198156851834,314.2811153513742,-251.32775643070562,258.9763232920425,-52.62526892791146
240.04433981844312,312.9934377592908,155.95062097382066,27.5314818302152,307.5278822852476,-255.46375794184985,275.54769515286506,-84.74666642160292
236.8755815821749,311.12250547144066,148.74835790943916,32.24776118362162,300.1555818705814,-258.5482133606554,290.8920422756237,-116.27489148449946
233.62562662915937,309.1616323126437,141.50045903116416,37.03875729725277,292.2119001392211,-260.5563871918042,304.9382579655364,-147.00672987504018
230.37714037321646,307.18145463633834,134.27200156784917,41.944616941137326,283.74763066104873,-261.46660524414386,317.62188320205763,-176.74409103396485
227.21336755900967,305.2530159944134,127.12818237598579,47.00546274146714,274.81502178605723,-261.261050867709,328.8852153832696,-205.295242845467
224.21422639681828,303.4443384788847,120.13148054353886,52.25896495683959,265.4659541798801,-259.92673201307764,338.67727761026526,-232.47604231828066
221.4524028079191,301.8170037693835,113.33882562337152,57.737902762892475,255.75008412555954,-257.45653735878557,346.95368505056865,-258.1111682438336
218.98977731100283,300.42304364116245,106.79901720815585,63.467942144015936,245.7131231477931,-253.85026102945645,353.67646385044725,-282.03535283290296
216.87453703670286,299.302454627905,100.55065626625748,69.4658699327276,235.39543706923803,-249.11545318525938,358.8138885495211,-304.0945984840135
215.13929381504119,298.48162020301334,94.62082442874578,75.73849996743962,224.8311324562826,-243.26795403294088,362.34040335085103,-324.14735481337283
213.80044576486617,297.9728462386014,89.02468398158766,82.28240767849734,214.0477548715552,-236.33199411089817,364.23667991808014,-342.06562180673626
212.8588927251164,297.7750995497233,83.76607525980538,89.08455988634617,203.06665585187577,-228.33979214945933,364.4898407290122,-357.7359393907671
212.3020616679806,297.87590013525016,78.83907225723334,96.12379916322689,191.90400328266196,-219.33064699887916,363.093845770983,-371.06022346390057
212.10703910778574,298.25417542916034,74.23033869229522,103.37303274713761,180.57232548979295,-209.34959194769272,360.05000674763403,-381.95641432540486
212.24446779870684,298.8837614107911,69.92202413719994,110.80188205858886,169.08240682167283,-198.44574610043847,355.3675632166418,-390.3589152900513
212.68276696832982,299.73715069386037,65.89486991821556,118.37948597909707,157.44530428532792,-186.67054646676507,349.0642352064489,-396.21881568430706
213.39219511481372,300.7890559305231,62.131169120671,126.07713012499956,145.67423958218228,-174.07606677709987,341.1666613172482,-399.50391094046915
214.34829897227127,302.0193837945998,58.61724865650933,133.87039941862446,133.78614158677632,-160.71362011239046,331.7106418731724,-400.1985500232562
215.53437800507496,303.4152965578691,55.345210184949856,141.7406185574528,121.80266741991201,-146.63280320072877,320.74113188864953,-398.3033537526672
216.9427271271405,304.97216193011957,52.3137693486415,149.67544359029247,109.75060648907942,-131.88107722224225,308.31196389087137,-393.83485414257154
218.5745801934168,306.6933378375041,49.52815253754281,157.6685817144363,97.66165798189371,-116.50390396289123,294.4853192790999,-386.8251032634213
220.43883856278148,308.5888845947934,46.9991282890298,165.71872755587665,85.57165383337892,-100.54538003089795,279.3310014599935,-377.3212905118061
222.54980899457232,310.67342102423453,44.74134892153012,173.82789586595032,73.5193632990364,-84.04924796895372,262.9255879650563,-365.38539124210104
224.92427464432424,312.9634268589265,42.77124400349808,181.99939033438517,61.545053131310475,-67.06012098773047,245.3515479687389,-351.0938504222807
227.57827120935454,315.47433202945655,41.10473419649506,190.2356698807923,49.688985595181364,-49.62474276709989,226.69640510954792,-334.53728586372563
230.52393567502122,318.2177233536454,39.75502236992641,198.5363579444172,37.990017394605516,-31.793115323841462,207.05200555342168,-315.8201800622381
233.76674442903777,321.1989476301819,38.73067537775893,206.89659355366376,26.484422836979967,-13.619361778181514,186.51392268310295,-295.0605203804047
237.30337388769607,324.4153097466112,38.03414549483341,215.30585608696188,15.205013802408242,4.837760780035225,165.18099885384717,-272.38934552027104
241.12031667920655,327.8549705553286,37.66080796918355,223.74732115931812,4.1805774316928535,23.514729352748688,143.1549974594366,-247.95016184845508
245.19328642938177,331.49655722350167,37.59852246804621,232.19773488508235,-6.564391413802419,42.343484574850834,120.54031990193074,-221.8982047122125
249.48735822712743,335.30942117438804,37.82767071309894,240.62773726187723,-17.009716093846585,61.25196194552088,97.44373458243959,-194.39953509502098
253.95772936229983,339.25442400074826,38.32158584785866,249.00252834426914,-27.139389905932298,80.16483889878614,73.97406891709414,-165.62997810729473
258.55095013962335,343.28510336078693,39.04727255568865,257.2827550691273,-36.94132000770803,99.00440137015978,50.241828651649485,-135.77392435314988
263.2064667206013,347.3490678111895,39.966318637822326,265.42550042904605,-46.407017284643594,117.69143739835349,26.358727916130487,-105.02302618653978
267.8583323287657,351.3894871624407,41.03591415890065,273.3852759832148,-55.53126628328652,136.1460805923034,2.4371343896427833,-73.57482709381918
272.4369725842379,355.3465764104982,42.20991758170106,281.1149478241681,-64.31178792253735,154.28854908191732,-21.410547331829637,-41.63136357423268
276.870927088979,359.1590089528525,43.43993362181973,288.56655909427695,-72.74888903148089,172.03975174454095,-45.07251770593996,-9.397775315937082
281.08852499291993,362.7652314223036,44.67638972681344,295.6920434839684,-80.84508015464274,189.32175930484306,-68.43820703163149,22.91904791453671
285.0194809729336,366.1046822340614,45.869613397727335,302.44384947192214,-88.60463831838257,206.05816028563265,-91.39884238810777,55.111764232728326
288.5964158704477,369.1189349746917,46.97091901303136,308.77551146532414,-96.03309485129994,222.17433852598396,-113.84792519744279,86.97381527288894
291.7563116419908,371.7527944210349,47.93371013965026,314.64221011992447,-103.13663884409736,237.59771873019736,-135.68160263929315,118.30060356062603
294.4419041689157,373.95536780753446,48.714592893461884,320.00136015472384,-109.92144231654491,252.2580287425232,-156.79893411818628,148.89062564961665
296.60300279924815,375.68111941996926,49.27448042958153,324.813251488737,-116.39293081447309,266.0876222067582,-177.10207235085184,178.54658262315363
298.1977066930374,376.8908965852056,49.579651682719174,329.04175119392903,-122.55503982289513,279.0218939317847,-196.4963944923072,207.07649374525627
299.19347027771045,377.5528943662467,49.60271298882972,332.65505300579105,-128.40950992621978,290.9998042493821,-214.89062938974422,234.29483904700885
299.56795841000434,377.6435095405861,49.32340290806323,335.6264416783355,-133.9552793997282,301.96451004040216,-232.1970304674019,260.02375196688894
299.3096301566003,377.14802578687613,48.72918125772364,337.93502478439444,-139.18803008125224,311.86408135430156,-248.33163875294494,284.0942738021478
298.41800056413354,376.0610740018411,47.8155543964931,339.5663773095757,-144.09993041521156,320.65226611954046,-263.214667216494,306.3476682564917
296.9035520963993,374.3868248477436,46.58610961657982,340.5130459347314,-148.67959948288802,328.28925349410594,-276.77101734648113,326.6367780859883
294.7872986981264,372.13889323744195,45.052259496481184,340.774869998996,-152.91229022320584,334.7423804488228,-288.9309145254891,344.82738875404306
292.10004057971537,369.3399626460779,43.23272785700246,340.35909288999846,-156.780262847673,339.98672682849116,-299.6306241619828,360.79954864897326
288.8813802855559,366.02116558763475,41.152837052974604,339.28025779128546,-160.26329538568527,344.0055510211411,-308.8131900704405,374.4487845319851
285.1785937548719,362.221279586632,38.84367615196717,337.5599014025788,-163.33926202509167,346.79053021322,-316.4291244145742,385.6871469240249
281.04545856956855,357.985810613727,36.34123665232556,335.22607466305226,-165.98470505909893,348.34178413827146,-322.43697766847214,394.4440247439235
276.5411327069379,353.36603534913036,33.685594560711365,332.3127279111466,-168.17533449215128,348.6676771572626,-326.8037286688212,400.66668203063625
271.72915166144054,348.4180597143511,30.920195621504092,328.8589982773452,-169.886409847682,347.7844085798534,-329.50495775426504,404.3204908204856
266.676574156569,343.2019268078569,28.09126806324582,324.9084303910954,-171.09298802168814,345.71541403199114,-330.5247967109736,405.3888604903772
261.45326409333677,337.7807781129816,25.247350640931785,320.50815041326655,-171.77005364631495,342.49061075844054,-329.8556824625158,403.8728912606541
256.1312575418798,332.2200443450209,22.43889044632502,315.7080017598423,-171.89257789034832,338.14552697803134,-327.49797104431656,399.790803740688
250.784136662982,326.5866230467021,19.717841955373643,310.5596424807313,-171.4355718461551,332.72036008724837,-323.4594887161762,393.1772134120366
245.48632329392743,320.94799369582313,17.137191095456245,305.1156019122092,-170.37420730868,326.2590109613912,-317.7551040798091,384.08232594942376
240.31221569442815,315.37122936635984,14.750337577903935,299.4282989522882,-168.68406926968328,318.8081419239061,-310.4063973232245,372.57112519410055
235.33512055436358,309.92188520147874,12.610293562108154,293.5490350436502,-166.34158238870037,310.41630390142507,-301.4414816374721,358.72261130223205
230.62597300273444,304.6627734379556,10.768691889699824,287.52698880573126,-163.324622402484,301.13317338122255,-290.895001447465,342.62912475495335
226.25188180297212,299.65266592633446,9.274635576146636,281.408252318214,-159.61328903866652,291.00893160166453,-278.80829807266474,324.39576641430364
222.27457639117702,294.94499117023395,8.173454421187387,275.2349574206811,-155.19078608954928,280.0938068628945,-265.2297019743903,304.13989894213427
218.7488594752517,290.58660828013893,7.505458101424125,269.0445412025591,-150.04433250696547,268.43778650450463,-250.21488726521193,281.9906945631531
215.7211789783604,286.61674179731824,7.304783974242014,262.8691920392595,-144.16601927649913,256.0904892465889,-233.8272122708213,258.0886811570371
213.22842521935982,283.06614903240927,7.598431174144764,256.7355020469997,-137.55353137631414,243.10117311967312,-216.1379709130781,232.5852343313154
211.2970359704529,279.9565682054341,8.405552559591285,250.6643314218228,-130.21067069732686,229.51884128783988,-197.22649241377783,205.6419672350302
209.94245874527803,277.3004661897274,9.737047124999464,244.67086864783084,-122.14764075595471,215.39239971725812,-177.18004826021254,177.42998090121185
209.16898309382702,275.1010748902877,11.595463294082549,238.76485207777557,-113.3810826120895,200.77081830326944,-156.09355131533175,148.12895348348107
208.96992251115324,273.35268072323277,13.975193717290239,232.95090632757353,-103.9338787375808,185.70325130345452,-134.06905788974694,117.9260641866483
209.32810115913287,272.0411163909165,16.86291940399056,227.22894339070683,-93.83476353917833,170.23908328630424,-111.21510550682984,87.01476445133225
210.2165880781073,271.1444001553194,20.238248048990982,221.5945838167674,-83.117793045494,154.42788192118522,-87.64593404204089,55.59342301397692
211.59962145074218,270.63347477594175,24.07448901859462,216.03956650661559,-71.82173075271857,138.31925674167198,-63.48064433153397,23.86388148661873
213.4336758294706,270.47301377529817,28.339514444505483,210.55213409445724,-59.98940219658252,121.9626410855809,-38.84234606385758,-7.970037552459458
215.66864218066917,270.6222827536375,32.9966694943009,205.1174010839245,-47.66705920170379,105.40703030514877,-13.857336885925328,-39.70402732680106
218.24910913099933,271.0360633128613,38.00571145130233,199.71773014006112,-34.90377860896514,88.70072087336305,11.3456607663712,-71.13475950018338
221.1157486959345,271.6656619789692,43.32377274594714,194.33315470655322,-21.75090275431549,71.89110049354636,36.6361968684217,-102.06128088310682
224.2068164577641,272.46003229580884,48.906353850409886,188.94189061916552,-8.261513307561017,55.02453767304995,61.882734931423386,-132.28632219509035
227.4597715043789,273.3670323632099,54.708355148457215,183.5209739066014,5.510080799304873,38.1464100759472,86.95326204634071,-161.6175081816505
230.81300433696558,274.3348217621869,60.68515098634019,178.04704615346748,19.508864484149044,21.301294720916026,111.7159024007442,-189.86847001851135
234.20763269879907,275.31337248455196,66.79369416894497,172.4972838257321,33.67966544025751,4.533320966588737,136.0395710589268,-216.85987160335696
237.5892896478549,276.2560318431722,72.99361703547103,166.8504365977957,47.967737217422645,-12.1133386655877,159.79469896278187,-242.42036971758597
240.9097911992913,277.1210370738177,79.24826952115477,161.0879062276286,62.31936396840239,-28.593891466803086,182.85404672247793,-266.38753290562926
244.128540095906,277.87284859331066,85.52561033487979,155.19476732298614,76.68245235221997,-44.8623367194816,205.09360569362812,-288.6087443055731
247.2135058746554,278.4831493281968,91.79885047019661,149.1606104257408,91.00705536987063,-60.87095921304734,226.39356319956602,-308.9421091010864
250.14162671838392,278.93135815467235,98.0467445930599,142.9800819306547,105.24575866269876,-76.57000192948036,246.63928854387672,-327.2573779777882
252.89851057954704,279.2045311655812,104.253440101755,136.65300881883914,119.35385696618641,-91.90760728289068,265.7222818967385,-343.43688500806564
255.4773728561067,279.2965765916866,110.40782811330898,130.18403092142637,133.28926057725025,-106.83009229032903,283.54102286818693,-357.37648361141896
257.87723168744685,279.206784624351,116.5023941235383,123.58171791584417,147.0121000150644,-121.2825845134148,300.00166179016895,-368.98645009196747
260.10048066794053,278.9377641019809,122.53163341838946,116.85721707147557,160.48403944183863,-135.20999642184904,315.01851446102563,-378.1923133942483
262.1500588211842,278.4929716815425,128.49016843249166,110.02255179224673,173.66736029593773,-148.55826260039285,328.5143479490472,-384.9355644854235
264.0265226088395,277.8741005934333,134.37077031495255,103.08875851019242,186.52392748653546,-161.27571551543411,340.42047636534915,-389.1742006682679
265.72537802809416,277.078649919067,140.1625322382238,96.06409794106659,199.01419134591788,-173.31444050057172,350.6767152264545,-390.883069403097
267.2350390360087,276.09800870175,145.8494563061268,88.95259517252265,211.09639966767148,-184.63143709919584,359.23126487032596,-390.0539916903113
268.5357343297119,274.91635475202,151.4096922103642,81.75314455993419,222.72618849579766,-195.18942673780023,366.04060233619884,-386.6956642740735
269.5995889612012,273.5105859863729,156.81560308424787,74.45935889251857,233.85668526789658,-204.95718625315774,371.0694546216777,-380.83335956811624
270.3919705144586,271.8513811758122,162.03473838381467,67.06025347282363,244.43919641143452,-213.90934838210222,374.29090495994205,-372.5084587991211
270.8740297897395,269.9053432268064,167.03167772950712,59.541746631421525,254.42447197970233,-222.0256847378358,375.6866515934016,-361.7778644900063
271.0062065342049,267.6380327534479,171.77059074427922,51.8888452277506,263.76445497262176,-229.28996186404757,375.2474017583223,-348.7133413157634
270.75233634461426,265.01757527356114,176.21825490148186,44.08828486245785,272.41434699459205,-235.68852384535234,372.9733495774292,-333.40082933296463
270.0839067949933,262.0184416754247,180.34720318545985,36.13132602235804,280.3347681804288,-241.20879473632485,368.8746620272743,-315.93976191305217
268.98398322071023,258.62497202491954,184.13864770769348,28.016380462900443,287.493767434843,-245.83790395539992,362.9718867766468,-296.44240489522133
267.4503616711271,254.83424177852615,187.5848485844804,19.751161023192623,293.86845285448965,-249.56161645874806,355.29620113489085,-275.03321663127673
265.4976019863751,250.65795184560045,190.69066539180497,11.354109204617004,299.44605919562935,-252.36370131340146,345.88944102512534,-251.84821378829432
263.1577321119802,246.12314596169637,193.47412998519064,2.8549476911973244,304.2243410849346,-254.22580624552904,334.8038785212164,-227.03431742723333
260.4795736588287,241.27170086404965,195.96599785980965,-5.705685841369188,308.2112650022262,-255.1278336161314,322.10175014873647,-200.74864936773858
257.52679404535394,236.15867490841615,198.20835194318357,-14.27745910086692,311.42405602325,-255.0487472248553,307.8545696421655,-173.15775038565562
254.37491992570807,230.84971870870177,200.25243047324082,-22.80226413221351,313.88772413488726,-253.96768962035202,292.14228291070583,-144.43669851704195
251.10763314258398,225.4178316575293,202.15591631869592,-31.2166175046804,315.6332401831994,-251.86526284135317,275.05233616124804,-114.76811605571382
247.81270523403293,219.93978241626485,203.97995177156244,-39.454298570739354,316.6955484662474,-248.72482387401016,256.67872925026876,-84.34106576682117
244.57790951974874,214.4924991831019,205.7861303519571,-47.44899302685374,317.1115920316259,-244.53366730266964,237.12111630545843,-53.349848455612495
241.48718918757265,209.1496836793055,207.6336717321229,-55.13675007829387,316.91849282271426,-239.28400579153978,216.48399705243557,-21.992723703134185
238.61727014338965,203.97882397799387,209.57691858253764,-62.458123302648815,316.1519801267393,-232.97370610770218,194.8760186891364,9.529417831343846
236.03480685536354,199.0386914965696,211.66321876104018,-69.35993538262288,314.84510706216855,-225.60678569928155,172.40938349873156,41.01439924793374
233.794056757284,194.37732326629006,213.93118694923288,-75.79667245918287,313.02724568602196,-217.19371451068173,149.1993354047991,72.26008901505519
231.9350103418414,190.03042661693394,216.40928885506273,-81.73156380349283,310.72331464726506,-207.75159279164055,125.36368249427706,103.06569344990217
230.48187144054958,186.0201102432108,219.11466704177286,-87.13742889663357,307.9531744362262,-197.30428471809307,101.02230451207042,133.23299160315443
229.44179047110708,182.35384830837566,222.05213405769587,-91.99737314682606,304.73112627212356,-185.88257898403796,76.29659589095672,162.56750365254334
228.8038005797239,179.0236216612385,225.21329425180969,-96.30538630284455,301.0654704012986,-173.52442296171017,51.30880641989074,190.8795945844474
228.53798362201846,176.00524521740118,228.57581379104758,-100.06684951518594,296.95811404516627,-160.27524047721732,26.181262417250508,217.985525485707
228.5949850446921,173.25797076504296,232.10292804833568,-103.29889703213787,292.40426218284205,-146.1883001792379,1.035479214025198,243.70847378041015
228.90608538286037,170.72453403190224,235.74334300990964,-106.0305182900141,287.39226805519127,-131.3250583311454,-24.008792557651354,267.8795497498486
229.38410150787672,168.3318765266535,239.43173802224806,-108.30223822764023,281.9037564387827,-115.75536344587661,-48.83451364138109,290.3388382749865
229.92541495501857,165.99280029596702,243.09009761055972,-110.16518977521261,275.9141534641819,-99.55738705166819,-73.32819841098245,310.9364908755911
230.41339441604129,163.60879491133264,246.63008015475737,-111.67940172575301,269.3937555754415,-82.81714057677047,-97.380543533358,329.5338833456638
230.7233889945285,161.07420444942937,249.9565661193595,-112.91117231579338,262.30944314211297,-65.62745662622088,-120.88673939895793,346.00483905068523
230.72932150986995,158.2817796075893,252.97242025444126,-113.92948288276895,254.6270906346124,-48.08635492630099,-143.74638635871952,360.23689876743225
230.3117202221585,155.12949674618983,255.58435999454906,-114.80151973071418,246.31464861047198,-30.29477675278043,-165.8629832620245,372.1325973537544
229.36681492943615,151.52834006693323,257.70966227379546,-115.58750269814237,237.34578071771583,-12.353750900033084,-187.14301673597538,381.610688837149
227.81611790055487,147.41055997312404,259.28328433476264,-116.33514822636823,227.70384291317427,5.638860086893352,-207.4947479263046,388.60724825584975
225.61574243696765,142.73776741194524,260.26484428983184,-117.07420317864602,217.38590596964764,23.59180439710351,-226.8268579604082,393.0765738833689
222.76461059076155,137.50812679686754,260.64482633601835,-117.81155442091796,206.4064604120907,41.423784893858496,-245.0471620185648,394.99181927216375
219.310688173446,131.76188927810142,260.44936069320585,-118.52743364851663,194.80041762507022,59.066378551844835,-262.06162372136976,394.34530109833673
215.35447003511473,125.58457438158506,259.7429882872952,-119.1731896255285,182.6250400083006,76.46621238062866,-277.7738894057217,391.1484543356166
211.04911859532706,119.10726006078127,258.6289533581442,-119.67099226284603,169.96049853528203,93.58612232211452,-292.08551425842415,385.4314372786745
206.59691709460355,112.50366524158039,257.24676130783735,-119.91567530144171,156.9088627029941,110.40510443319843,-304.89697417994864,377.24242058840844
202.24200792605697,105.98398052443616,255.76697287702586,-119.7787350306399,143.59146393685597,126.91697863751122,-316.1094595893918,366.6466217262548
198.2597103511336,99.78569030772267,254.38345186383907,-119.11430459698305,130.1447225461002,143.12781068197273,-325.6273451751253,353.7251644391591
194.9430136353905,94.16189947144517,253.3035130675195,-117.76674135581862,116.71467173143903,159.05226155857463,-333.36113914242924,338.5738494784748
192.58708751924985,89.36789910231745,252.73660363526835,-115.57931999364072,103.45053232712216,174.70913979478095,-339.23065125646593,321.30191674124643
191.4728166831714,85.64685514010006,252.88227473138147,-112.40343246306873,90.4977751036532,190.11650782558132,-343.1680907880063,302.0308620029636
191.85043566768448,83.21556826997926,253.91825071322415,-108.10766479912823,77.9911455449292,205.28673108879744,-345.12081688237436,280.8933467340573
193.92431431508325,82.2512313767561,255.98937902887792,-102.58614978145167,66.04811765895946,220.22185521809354,-345.05351171099977,258.0322116792789
197.83983156765075,82.88001161492019,259.19815428067176,-95.76567473324597,54.76319345798913,234.90965603136698,-342.94962206550576,233.59957870514216
203.67309674507928,85.16812514836508,263.5973698431659,-87.61114151536714,44.20338299054387,249.32063676903874,-338.81200502704746,207.75600504527767
211.42405694532272,89.11587631537391,269.1852797304217,-78.12911410899129,34.40509879297483,263.40615797668875,-332.6628038576206,180.66964237527938
221.01329305167496,94.65492303299214,275.9034726443444,-67.36933107749556,25.37259151813118,277.097789315871,-324.5426582959541,152.5153513718277
232.28257875585206,101.64882812177697,283.63748785697123,-55.42419090497607,17.07795203816444,290.3078804244128,-314.5094090520793,123.47373014385808
244.99907560229943,109.89677851473044,292.22005305765646,-42.42632694156511,9.462618319493934,302.9312685419978,-302.6364837983185,93.73003035366789
258.8628739426869,119.14021120114435,301.4367061713017,-28.544469531418414,2.440257874632227,314.8479796828382,-289.01115027711427,63.47295518985215
273.5174689869061,129.07197961211205,311.03347908082515,-13.977844902225684,-4.099150243633169,325.9267399621269,-273.7327944367212,32.89335535365524
288.5626801357579,139.3476242264545,320.72626843296666,1.0506130754206708,-10.284238361975277,336.0290933438166,-256.91133422465464,2.1828596072849393
303.56947259793856,149.59826920852026,330.2114905388212,16.301954588924644,-16.256397099264554,345.0139181190506,-238.66582140104413,-28.46750769103223
318.09611224980813,159.4446433431446,339.1776049924656,31.5295286806531,-22.163371879862716,352.742141864068,-219.12322393814756,-58.86866052910843
331.7050670003494,168.51170901847104,347.31708628003014,46.48764691679625,-28.152538519727266,359.0814681032915,-198.41732941045,-88.83467420862728
343.98005222517565,176.44337051496075,354.3384176477807,60.94032425708065,-34.3640925241901,363.91094277829455,-176.68767310427785,-118.18384267170494
354.5426001890899,182.91671938826212,359.977673692066,74.66982080684151,-40.924394887525466,367.12520182919167,-154.07837909478107,-146.73953152662477
363.06751526811513,187.65526201734065,364.00924862769335,87.48469614571106,-47.9397274111749,368.63825169084566,-130.73681116402997,-174.33081088565802
369.2965649709192,190.440568568574,366.25528112622635,99.22707197158869,-55.490719595809125,368.3866432670634,-106.81196283338492,-200.79287928207077
373.04976198015044,191.12179293311706,366.5933320770506,109.77878516488178,-63.62771210529401,366.33190951858444,-82.45256817498695,-225.96731830542106
374.2336271463969,189.62254989560807,364.9618978680379,119.06611016056314,-72.36731311695566,362.46215055179255,-57.8049803569084,-249.70224349306656
372.84589898643867,185.9447078005448,361.36339713359484,127.06274515992123,-81.69037852184235,356.79267133056595,-33.01093322390638,-271.85243660496707
368.97627936024094,180.16876760499093,355.864358741347,133.79079844820353,-91.54160137702577,349.3656082743503,-8.205361107322986,-292.27955420079564
362.802979152399,172.45065245297792,348.59266391553706,139.31958345277192,-101.83082894734183,340.2485229583831,16.48550812366173,-310.85250485653694
354.58504610232404,163.01491967140072,339.7318512718848,143.76213486132147,-112.43613850938617,329.5319929271029,40.945561799687354,-327.4480712829121
344.6507060369888,152.14461732223106,329.51267023282196,147.26948919852668,-123.20860006228006,317.3262883318536,65.06951385528112,-341.95182479731045
333.3822088738439,140.16822330008733,318.20225134998674,150.02292302052382,-133.97854212892355,303.75728396738504,88.76278183632722,-354.2593408646859
321.19791786508335,127.44430668840465,306.09143408871205,152.22449729353534,-144.56302516166792,288.9618131622371,111.94048467747929,-364.27768046102165
308.5325893816038,114.34471845584129,293.4809354137708,154.08640140224855,-154.774126500448,273.0827159767768,134.5256265737913,-371.92705887316873
295.8169379179431,101.23723349538623,280.66713942712704,155.8197071612906,-164.4275627232693,256.26386253735,156.44664351269748,-377.14258774321905
283.4576491465685,88.4686150114363,267.92832671120993,157.62321596182395,-173.3511300667844,238.64543763993126,177.63458272241843,-379.8759535741003
271.81898305112935,76.34904851015501,255.51213535725242,159.67309846313822,-181.3924393501692,220.35975206648263,198.0202445565389,-380.09689067711025
261.20699949752407,65.13879718397449,243.62495480229225,162.11398010452513,-188.42546232090348,201.52780002411464,217.5316295985993,-377.7943201845663
251.8572502548623,55.03777239450645,232.42380729250672,165.052019289291,-194.35548996570463,182.25671551687938,236.09199744110055,-372.97705774063803
243.92653359693662,46.17850838501609,222.01108574814043,168.5503689363993,-199.12222265995632,162.63820192186998,253.61876314038042,-365.67403637653075
237.48902567940272,38.62280031074975,212.43231161798724,172.62722399123095,-202.7008544434583,142.74792980795291,270.0233464317606,-355.9340412393463
232.5368150658578,32.36203203612956,203.67687436231063,177.25645974782114,-205.10116318602385,122.64582987458452,285.2119665390789,-343.82500162868376
228.98459984562618,27.321006263426057,195.68153612448558,182.37068157105057,-206.36475815024056,102.37716056850309,299.08726248253765,-329.43292591476603
226.67808239453504,23.364911169566113,188.33634653004958,187.86635574760504,-206.56075182731314,81.97420889569223,311.5505331191629,-312.8605907251189
225.40542880198322,20.30892479959911,181.49252158865795,193.6105871453888,-205.78020394028096,61.45848781499351,322.50434446893087,-294.226104214925
224.91105318606446,17.929873382181043,174.97179732839598,199.44905706000463,-204.1297283671982,40.8433180684912,331.85524774636275,-273.66145414098355
224.91093801210567,15.979318006936424,168.57676558925846,205.2146304059982,-201.7246609070774,20.136715474914922,339.5163852910812,-251.31112744230091
225.1087002492441,14.197436381482177,162.10172371354435,210.73617463505065,-198.68216478742366,-0.6554663288962104,345.409822180595,-227.330853755597
225.21164654307188,12.327081245064605,155.34360710185896,215.84718878014223,-195.11461184161806,-21.526174733357017,349.4685141276394,-201.88648653169545
224.94611527495385,10.127423904058404,148.11261057139725,220.39390467475937,-191.12353070008206,-42.46362626505986,351.6378925581881,-175.1529980475212
224.07146889079826,7.386623022818867,140.2421322051503,224.24258126777366,-186.79436716494206,-63.44768737385233,351.877103492723,-147.31353377920016
222.39217027970943,3.9329927540657508,131.59768890066493,227.28575969211076,-182.192260321951,-84.44630681820585,350.15997052186094,-118.55845118709422
219.7674515307364,-0.35581698322778266,122.08445936177577,229.44728000917831,-177.35900072204896,-105.41220260659554,346.4757614016801,-89.08426031704238
216.11816589858194,-5.546065240739679,111.65311631507328,230.68588455971985,-172.31130036532437,-126.28006406048863,340.82982475397705,-59.09238958081366
211.43051089873202,-11.643956928965096,100.3036269297126,230.9972557377285,-167.04046244933775,-146.96456500652414,333.24413342365796,-28.78771909948201
205.75642917472993,-18.59474057849515,88.08674090040277,230.41436741514974,-161.513486148759,-167.35948397847815,323.7577312829421,1.6231456967424052
199.21063891590688,-26.28500339560216,75.1029591886297,229.00607771055883,-155.675574420706,-187.33818322606334,312.4270381073759,31.93384882331567
191.9644171927757,-34.54813355697333,61.49888791463523,226.87396135884245,-149.4539310572679,-206.75560874599205,299.3259295316157,61.94045236927878
184.2364511190386,-43.17272557080179,47.46102960476642,224.14747248372376,-142.7626416141359,-225.45184451215815,284.54548214274496,91.44370203430901
176.28126951754578,-51.91349668647752,33.20723874045408,220.97763713726468,-135.50834063712202,-243.25709878496662,268.1932627111732,120.25125655836993
168.37595159564466,-60.50408125756887,18.976254150150666,217.52958821608098,-127.59628742343838,-259.99783765646305,250.3920496486228,148.1797245742523
160.8059548216589,-68.6709004523424,5.015895814535675,213.97435821243232,-118.93641846252127,-275.5036328494317,231.27790692910528,175.05634729070542
153.8509874076055,-76.14719221433299,-8.429345581536737,210.48042147580486,-109.44892954880935,-289.61417930111736,210.99758669056794,200.7201828479074
147.771851937412,-82.68625244499826,-21.13051368019861,207.20551299891213,-99.06897310285103,-302.18588193838093,189.70531410623803,225.02268971461137
142.79909576963325,-88.07299594329716,-32.88536200712932,204.28923605091393,-87.75013861298856,-313.09742244148083,167.55910017124668,247.82766994754442
139.12412435056783,-92.13309523157896,-43.52774488305598,201.84690457981824,-75.46651027722409,-322.25379886279313,144.71682334852545,269.01061211090934
136.89318391404547,-94.73918333050395,-52.93461360998698,199.96495499844914,-62.21325158820214,-329.588476781158,121.33240396175285,288.4575578060297
136.20433204506955,-95.81388578575658,-61.030213513779444,198.69812028427552,-48.00583088855318,-335.0634837712654,97.55244800371922,306.0636920021115
137.10722876715164,-95.32974121883328,-67.78731858300105,198.06840702309586,-32.878150644386466,-338.6674956341224,73.5137428630457,321.7319119612352
139.60533920477152,-93.30633841476737,-73.22558669898925,198.06577433081804,-16.879953149455602,-340.4121757063728,49.34193461475216,335.3716507776977
143.659976817415,-89.80520543300503,-77.40733937790249,198.65030100120623,-0.07392880041281558,-340.32721085975123,25.151602145877945,346.89821229108406
149.19555503786813,-84.92310713982775,-80.43124042656642,199.75555595842175,17.46705885549372,-338.45461728543023,1.0477762396867973,356.23281388476386
156.10545752952197,-78.7844321216553,-82.42445233539459,201.29286092977821,35.66229243798055,-334.84295109016085,-22.871247439475056,363.3034393448398
164.2580663297923,-71.53328545620606,-83.53388365182201,203.1561483508675,54.42485175689346,-329.5420473210064,-46.51015335633399,368.0464890763697
173.50266970266387,-63.325772803379095,-83.91711252031962,205.22716001535863,73.66254000520048,-322.5988294068919,-69.77242848959644,370.40909750782595
183.67516472799394,-54.3227965706858,-83.73349765754054,207.3807869436835,93.27818881083748,-314.05459002459804,-92.55638274920287,370.3518865019048
194.60362946523242,-44.683522986469065,-83.13589008249227,209.49040179590813,113.16958357228648,-303.94396089487765,-114.75199955034569,367.8518554755979
206.11392932619202,-34.55955281606231,-82.26325945759812,211.43306792233614,133.22934235034543,-292.29558386147085,-136.2391616575233,362.90508435401637
218.0355199530769,-24.089761675744853,-81.234466795071,213.09451494649187,153.3451106480174,-279.13429185846263,-156.88762099083587,355.5289472744771
230.20751113708639,-13.3957782475335,-80.14336233016692,214.3737473270017,173.4003927039168,-264.48442943787677,-176.5588411314851,345.7635978044274
242.48487970008435,-2.578134655099362,-79.05536612216324,215.18710449891327,193.27622985791683,-248.3738101574936,-195.1095758850871,333.6725782270776
254.74449791145167,8.286767069647354,-78.00569222295876,215.4715305415665,212.8537713407233,-230.8377400803579,-212.39679958069485,319.34250995694066
266.89042436482816,19.148606068143366,-76.9993892918705,215.18675488610074,232.01758576360666,-211.92254414066878,-228.28341470109447,302.8819223839919
278.85773766588693,29.98364648359538,-76.01336989283263,214.3160535680875,250.65936377026355,-191.68811750286602,-242.64405924536322,284.4193588915179
290.6141274796987,40.79339083711214,-75.00056459978762,212.86527313774505,268.6814989783936,-170.20917906432584,-255.37033362176732,264.1009518318897
302.1585277941436,51.60102982659254,-73.89624656507776,210.8598727907657,285.9999395876978,-147.57510991222813,-266.374861314799,242.08767933990163
313.51629916384866,62.445488486755124,-72.62641765855537,208.33988268844038,302.5457038061319,-123.88848752339239,-275.5937700098102,218.5525083722434
324.7308308052014,73.37312074597324,-71.11793237524827,205.35288422202171,318.26456245824346,-99.26264247606514,-282.9874001644288,193.67759718890844
335.85190391687513,84.42743130039125,-69.3097797173572,201.94537385289686,333.11460824571964,-73.81873288988035,-288.5392809556107,167.65168602143459
346.9216749738037,95.6375624387584,-67.16468025896233,198.15314543501879,347.06173034543247,-47.68292157572225,-292.2536249346322,140.66775651536187
357.9596256102885,107.00661742127112,-64.67993051032637,193.99157557324025,360.0733549427926,-20.984230780565724,-294.1517547061319,112.92099660056604
368.948201236856,118.50113914857027,-61.896288492564366,189.4468768735669,372.1111439804444,6.146467085992612,-294.26796943563824,84.6070727064627
379.82104700693463,130.04316550955656,-58.90368758082534,184.46945194796325,383.123608378221,33.57607624772973,-292.64537924022073,55.920687364231306
390.45568951495324,141.5061981033491,-55.84272117946801,178.97040460607144,393.0397357794102,61.16755366915331,-289.33218575108856,27.054386047794843
400.6721784975656,152.71612994885265,-52.90116844171261,172.82202969201722,401.7647185733517,88.77716649314587,-284.3787806615431,-1.8024303187405586
410.2386061535667,163.45769133659908,-50.305314507871216,165.86271848124971,409.1786800108025,116.25133079406928,-277.83589040563623,-30.464334664437505
418.88361548826754,173.48633446218656,-48.30641339568284,157.9062163394174,415.1389463306007,143.42381190902898,-269.75383665755476,-58.75059498256356
426.31508529451014,182.5447600891028,-47.16327880284468,148.75461030690929,419.48594053547424,170.11411301283746,-260.18283112980646,-86.4858391995231
432.2432600521449,190.38258893372574,-47.12258135729763,138.2138803095648,422.0522425352966,196.1277648993273,-249.1740980514336,-113.50071435822689
436.40581550845144,196.77710316775324,-48.39888772666941,126.1104003770106,422.67385062716403,221.25895855352334,-236.7815324428895,-139.63258370731273
438.59184820333815,201.55263124316184,-51.15671254077145,112.30650288182203,421.20227491173455,245.2955683367424,-223.06356438281762,-164.72628897182665
438.66165687517355,204.59610244405906,-55.49680578141937,96.713179436776,417.5158690236857,268.026163186873,-208.08491006684113,-188.6349779596464
436.5595053959463,205.86659861889484,-61.448539570704426,79.29821736756269,411.5288138330558,289.248182342232,-191.9179450603159,-211.22096152085987
432.31731662780527,205.39737156163494,-68.9696080810671,60.088552949690595,403.19642186851735,308.7761507383046,-174.64352455393816,-232.35652469331055
426.0483685767565,203.28971158038956,-77.9533801897751,39.16631233874156,392.5159087842811,326.44870099419643,-156.35118695159494,-251.9245843187497
