t1,t2,t3
44.145,24.525000000000002,9.81
45.394264669776994,20.72286457959213,-4.223479224783185
46.58035316821369,16.870841839279127,-18.27863510844995
47.691170763464456,12.968046318624328,-32.34151301043602
48.715130933435816,9.013883957704032,-46.397990798977
49.641279585985856,5.008072825885847,-60.43380468561309
50.459410812119614,0.9506605759382403,-74.4345767836757
51.1601724028322,-3.1579615947955766,-88.3858441675837
51.735159562750866,-7.317048639249421,-102.27308918793868
52.17699548761982,-11.525495117006834,-116.08177077988694
52.47939773190751,-15.781832458893657,-129.7973564893275
52.63722957074309,-20.084230027716004,-143.4053549334857
52.646535849965055,-24.43049990552407,-156.89134840923558
52.504563112084355,-28.818105282616827,-170.24102536430854
52.20976407726916,-33.24417227178961,-183.44021245303662
51.76178684016124,-37.70550492403251,-196.47490590929718
51.161449409010366,-42.19860317984923,-209.33130198451911
50.410700457482136,-46.719683454278304,-221.99582621754394
49.51256737655996,-51.26470152409787,-234.4551613253221
48.4710929001435,-55.829377362949465,-246.6962735283053
47.29126173014268,-60.409221554430644,-258.7064371513828
45.97891870301737,-64.99956290461574,-270.4732573696861
44.540680118805206,-69.5955768738444,-281.98469099793084
42.98383989571204,-74.19231445269787,-293.2290652515638
41.31627221928599,-78.78473111845514,-304.195094437253
39.54633232690111,-83.36771552545996,-314.8718945586426
37.682757008367915,-87.93611760511182,-325.24899585029823
35.734566315234126,-92.4847757779183,-335.3163532779449
33.710967858528264,-97.00854301045294,-345.06435506607977
31.62126494147914,-101.50231148336196,-354.4838293345119
29.474769624498578,-105.96103567194503,-363.5660489431242
27.280721658898607,-110.37975367750138,-372.30273465900194
25.04821405784331,-114.75360668480428,-380.6860567719525
22.786125902154406,-119.07785645800786,-388.7086352933395
20.5030628087688,-123.34790082331837,-396.3635388791253
18.207305324506795,-127.55928712125638,-403.6442826211654
15.90676535053601,-131.7077236437552,-410.54482485129853
13.608950556230496,-135.78908910121703,-417.05956310082644
11.3209366072402,-139.79944019159902,-423.1833293538236
9.049346913208002,-143.7350173673301,-428.91138472662107
6.800339496895724,-147.59224891614684,-434.23941369806397
4.57960049922173,-151.3677534886498,-439.1635180060363
2.3923437641282845,-155.05834121845848,-443.68021031557754
0.2433158931391155,-158.66101359029184,-447.786407752984
-1.86319387857003,-162.17296221719553,-451.4794253888587
-3.9233396555960844,-165.59156669060275,-454.7569697414302
-5.933701384915128,-168.91439166613014,-457.61713235983365
-7.89126456313074,-172.13918334419054,-460.0583835356687
-9.793397808067768,-175.26386549789945,-462.0795661802096
-11.637828928586968,-178.28653519164047,-463.6798898943075
-13.422620092083847,-181.2054583223343,-464.8589252484486
-15.146142647617658,-184.01906510223534,-465.61659828170934
-16.80705211542496,-186.72594558728431,-465.95318522057687
-18.404263802063973,-189.32484533899805,-465.8693074118444
-19.936929445869865,-191.8146612909087,-465.36592645806206
-21.404415240922205,-194.19443787300006,-464.444339539358
-22.806281530358955,-196.46336342974612,-463.10617490181903
-24.14226440251154,-198.6207669495636,-461.35338749000897
-25.412259366756228,-200.666115106038,-459.18825469956874
-26.616307230829158,-202.59900959448365,-456.613372225115
-27.75458224817919,-204.4191847315307,-453.6316499787734
-28.827382553176097,-206.12650527077085,-450.2463080555624
-29.835122854011654,-207.72096437429846,-446.4608727233922
-30.77832930821222,-209.20268166849286,-442.279172417573
-31.657636464057873,-210.5719013028221,-437.7053337223295
-32.47378611306246,-211.82898992300568,-432.7437773247908
-33.227627864173755,-212.9744344647254,-427.3992139301752
-33.92012121964663,-214.00883967135817,-421.67664013028394
-34.552338905764024,-214.93292523903176,-415.58133422088997
-35.125471188867,-215.7475224947419,-409.11885196701695
-35.640830888650584,-216.45357051834424,-402.29502231838046
-36.09985878653712,-217.05211162692953,-395.11594308029584
-36.50412911730899,-217.54428615033646,-387.58797654806943
-36.855354827229554,-217.9313264392353,-379.7177451151842
-37.15539228176129,-218.21455006215461,-371.5121268674192
-37.40624511084674,-218.3953521647927,-362.97825117631334
-37.610066889677775,-218.47519698367535,-354.1234943060691
-37.76916236802699,-218.455608526356,-344.9554750480375
-37.885986981596304,-218.3381604515211,-335.48205039630477
-37.96314440443058,-218.12446520413081,-325.7113112766134
-38.00338193215442,-217.81616248263256,-315.6515783388763
-38.00958352143543,-217.4149071368325,-305.31139782091765
-37.98476035137512,-216.92235661568662,-294.6995374878323
-37.93203881708588,-216.34015810355464,-283.8249826475191
-37.85464591402277,-215.66993550083038,-272.6969322386244
-37.755892023071944,-214.9132764198189,-261.32479498235773
-37.6391511602053,-214.07171937880992,-249.71818558456044
-37.50783880982903,-213.1467413860714,-237.8869209690772
-37.36538751681142,-212.13974611060033,-225.84101651805875
-37.21522046750695,-211.05205283762274,-213.5906822894206
-37.060723343762184,-209.88488640383335,-201.1463191764335
-36.90521478470139,-208.63936830008737,-188.51851496946796
-36.75191583783192,-207.31650911769796,-175.7180402753991
-36.603918822469474,-205.91720249874427,-162.75584424622656
-36.464156063491,-204.44222073106255,-149.64305006521835
-36.335368980879295,-202.89221210518357,-136.3909501364521
-36.22007803944159,-201.26770012381564,-123.01100092212971
-36.12055407261939,-199.56908462504956,-109.51481737154694
-36.03879149379499,-197.79664484888585,-95.91416688619752
-35.97648389748311,-195.95054444361085,-82.22096276722466
-35.9350025310509,-194.03083837469651,-68.44725709431448
-35.915378085167866,-192.03748166502479,-54.605232989177566
-35.91828620834607,-189.970339862109,-40.70719622192912
-35.94403709826197,-187.82920109636567,-26.765566124917836
-35.99256946089437,-185.61378956512047,-12.792865785796078
-36.06344905896952,-183.3237802506028,1.1982885002839394
-36.1558719951099,-180.95881465731628,15.195198530574485
-36.268672793989616,-178.5185173354127,29.185096248522843
-36.40033726342453,-176.00251294247852,43.155156543315
-36.54902002852433,-173.41044358679784,57.09251077690047
-36.71256654774124,-170.7419861908876,70.98426101001343
-36.8885393368271,-167.99686961499089,84.8174948886143
-37.07424804829572,-165.17489128620642,98.57930114244391
-37.26678298183679,-162.27593308986232,112.25678563812134
-37.463051536958744,-159.2999762952973,125.8370879207037
-37.65981706448461,-156.24711530800406,139.30739816992596
-37.85373952968839,-153.11757006359238,152.65497449069156
-38.041417367867254,-149.91169690567753,165.8671604518379
-38.21942989372734,-146.62999781891796,178.9314027829221
-38.38437961952139,-143.27312791933767,191.83526913577876
-38.53293384349013,-139.84190113603393,204.5664658159863
-38.66186488956068,-136.33729405066825,217.1128553891349
-38.76808841086269,-132.76044789305314,229.46247406789524
-38.848699212544275,-129.11266872199042,241.6035487883451
-38.90100410244313,-125.39542584966773,253.52451388769813
-38.92255133999119,-121.61034859479368,265.2140273004613
-38.911156322712145,-117.75922147378063,276.6609861959581
-38.86492322407021,-113.84397796023656,287.8545419870227
-38.78226237441924,-109.8666929605197,298.7841146472765
-38.66190325651528,-105.82957416690203,309.4394062826808
-38.50290306664361,-101.73495245988546,319.8104139117459
-38.30465087008925,-97.58527153737772,329.8874414178078
-38.066867453775714,-93.38307695084272,339.66111064591735
-37.78960104790106,-89.13100472734507,349.1223716259925
-37.47321915098237,-84.83176975182629,358.26251191282813
-37.11839674778358,-80.48815407629134,367.0731650421516
-36.72610125627388,-76.10299531217078,375.54631811008574
-36.29757457743685,-71.67917524936384,383.6743184909672
-35.834312650056674,-67.21960883075572,391.4498797154211
-35.338042931444704,-62.72723359478739,398.8660865368003
-34.8107002345588,-58.20499968135821,405.9163992195225
-34.25440135246532,-53.655860478409195,412.59465708742937
-33.67141889314379,-49.08276396836911,418.8950813740403
-33.064154731959704,-44.48864481564709,424.8122774194651
-32.435113466589854,-39.87641721889203,430.34123626078286
-31.78687623074757,-35.248968535118834,435.4773356639371
-31.122075189766043,-30.60915366733679,440.21634064564626
-30.443369004043667,-25.959790193219042,444.5544035335691
-29.75341950663774,-21.303654199852907,448.4880636120193
-29.05486979998988,-16.6434767788307,452.01424639898954
-28.350323934921597,-11.981941127018604,455.13026259817013
-27.642328293619393,-7.321680191313689,457.8338067671168
-26.93335475822598,-2.6652747906183727,460.12295573980197
-26.225785708650502,1.9847478549073028,461.99616683855277
-25.521900857984686,6.625915258544913,463.4522759069099
-24.82386590201567,11.255810536387575,464.4904951912913
-24.133722931195393,15.872073079905878,465.11041109559727
-23.453382529372135,20.472399096465693,465.31198182908975
-22.78461746380141,25.054542077382266,465.09553496408296
-22.12905785551034,29.616313246662266,464.461764916247
-21.48818770796166,34.15558203609479,463.4117303566781
-20.863342665024383,38.6702766239726,461.94685156139207
-20.255708866295826,43.158384565672606,460.06890770055253
-19.6663227685461,47.61795353479451,457.7800340666131
-19.096071806122897,52.04709218375385,455.0827192376232
-18.545695770157543,56.44397112287424,451.9798021692651
-18.015788795917214,60.80682400730903,448.47446920675816
-17.506801859184108,65.13394871177337,444.57025100559093
-17.01904569563024,69.42370856425971,440.27101934815244
-16.552694071309027,73.67453360185708,435.5809838417076
-16.107787347121956,77.88492180465394,430.50468848184175
-15.684236294970503,82.0534402576688,425.0470080644425
-15.28182613782893,86.17872618594909,419.2131444285471
-14.900220799753484,90.25948780456159,413.00862251191813
-14.538967364503677,94.29450492326592,406.4392862010414
-14.197500752652047,98.28262924530287,399.51129395737377
-13.875148636514929,102.22278430101406,392.23111420207147
-13.57113661970898,106.11396495994583,384.60552044213955
-13.284593713447414,109.95523646970084,376.64158612191284
-13.014558144709682,113.74573297601972,368.3466791850391
-12.759983532086089,117.48465548635562,359.72845633363556
-12.519745463409457,121.17126924840767,350.7948569730608
-12.29264850529291,124.80490052558369,341.55409683272205
-12.077433668512732,128.38493276295873,332.01466125554606
-11.872786344973775,131.91080214978686,322.1852981511272
-11.677344721997052,135.38199259774666,312.07501061010475
-11.489708668143336,138.7980301675813,301.6930491800061
-11.308449072044667,142.1584769903441,291.04890380554315
-11.132117602105922,145.4629247427477,280.15229543917945
-10.95925684083673,148.71098774883666,269.0131673306031
-10.788410733372167,151.90229579201795,257.6416760065528
-10.618135275847465,155.03648673208815,246.04818195514332
-10.447009356107316,158.11319903097728,234.24324003145537
-10.273645647153309,161.1320642982223,222.2375896035552
-10.096701443134073,164.09269997243234,210.04214446033953
-9.914889318910404,166.99470225801957,197.6679825045362
-9.7269874875823,169.83763943708465,185.1263352558469
-9.53184972610827,172.62104567446212,172.4285771905401
-9.328414737475285,175.3444154295125,159.58621494475216
-9.115714818933085,178.00719858130878,146.61087640933266
-8.892883709659088,180.60879636449553,133.5142997442256
-8.659163497871816,183.14855820144405,120.30832234015803
-8.41391047679339,185.62577950259703,107.0048697547413
-8.15659985083537,188.03970049136055,93.61594464906293
-7.886829207740028,190.3895060928734,80.1536157494112
-7.604320688882041,192.6743269078297,66.63000685702326
-7.308921808197802,194.8932412736465,53.0572859266306
-7.000604889887157,197.0452783960679,39.447654232248766
-6.6794651157144855,199.12942251522304,25.81333563605518
-6.345717193981649,201.14461805162975,12.16656597347771
-5.999690683600981,203.08977566009463,-1.4804174352636927
-5.641824027701659,204.96377910328468,-15.11538613978626
-5.2726573714069005,206.76549284232053,-28.726130775863897
-4.892824257391105,208.4937702293701,-42.30047114173562
-4.503042310166613,210.1474621771853,-55.82626613536713
-4.104103035398126,211.72542617302213,-69.29142355606935
-3.6968608735952415,213.22653549956107,-82.68390977607712
-3.2822216580326895,214.64968852337972,-95.99175928960437
-2.861130634513408,215.99381791221572,-109.20308414844524
-2.4345602054940514,217.25789964564305,-122.30608329440486
-2.0034975630874214,218.44096168972916,-135.2890517996425
-1.5689323745547057,219.5420922145626,-148.14039002645666
-1.1318446801851962,220.5604472439852,-160.84861271803467
-0.6931931570740772,221.49525763915383,-173.4023580313439
-0.2539038934512021,222.3458353313511,-185.7903965225772
0.18514019286731553,223.11157873442693,-198.00164009450157
0.6231091713449288,223.7919772829985,-210.02515091363017
1.0592350449691352,224.38661505870127,-221.85015030346096
1.4928197358199213,224.89517348299617,-233.46602761811903
1.9232420366934804,225.3174330709407,-244.86234909862668
2.3499634728377075,225.65327425559764,-256.0288667118021
2.772533035360624,225.90267730708106,-266.955526969463
3.190590765212548,226.0657213833673,-277.63247972328014
3.603870183492724,226.14258276170364,-288.05008692828795
4.012199579896233,226.13353230956395,-298.19893136581925
4.415502186134432,226.0389322624966,-308.0698253144717
4.8137952749090545,225.85923238281515,-317.6538191557497
5.2071882373116765,225.5949655778648,-326.942209899207
5.595879702218973,225.2467430595754,-335.9265496103329
5.980153770262419,224.81524912824594,-344.5986537231004
6.360375442215393,224.30123566309004,-352.9506092179861
6.736985327153157,223.70551640014045,-360.97478264546794
7.110493719522388,223.02896107481558,-368.6638279744515
7.48147413638015,222.27248950197736,-376.0106942448034
7.850556406612135,221.43706566084376,-383.0086330031529
8.218419403046735,220.52369184587133,-389.6512055013612
8.58578350618546,219.53340293789466,-395.9322896375302
8.953402884936065,218.46726084260777,-401.84608662011954
9.322057675434749,217.32634913609803,-407.3871273366197
9.692546133962047,216.1117679497798,-412.55027840928676
10.065676834277394,214.82462911989793,-417.3307479216548
10.442260973602199,213.46605161993884,-421.7240908008556
10.823104845147558,212.0371572879298,-425.7262138421991
11.20900252867905,210.53906685484648,-429.3333803639441
11.600728844288177,208.97289627526962,-432.5422144817269
11.999032608440498,207.33975335711102,-435.34970499365375
12.404630225610763,205.64073468370708,-437.7532088686126
12.81819964349878,203.87692281888224,-439.7504543318803
13.24037469502563,202.0493837837164,-441.3395435435883
13.671739846094233,200.1591647926922,-442.5189548670345
14.112825364500747,198.20729223661547,-443.28754472519154
14.564102922414882,196.19476990013715,-443.6445490450377
15.02598164250373,194.1225774027953,-443.58958429053257
15.498804596026627,191.99166885415286,-443.1226480861471
15.98284576003266,189.80297171574668,-442.24411943385746
16.478307440085732,187.55738586506715,-440.9547585273956
16.98531816464558,185.2557828595708,-439.25570616833176
17.503931057255983,182.89900540164848,-437.148482789237
18.034122692934037,180.48786700843692,-434.6349870897412
18.57579244550663,178.0231518932323,-431.7174942917609
19.128762332988895,175.5056150679436,-428.39865402052783
19.692777368330184,172.9359826783863,-424.6814878183122
20.267506422851927,170.31495258615675,-420.5693862978892
20.852543609359294,167.6431952122586,-416.06610594287764
21.447410191124455,164.92135465846945,-411.17576556206126
22.05155702162353,162.15005012258126,-405.90284240471533
22.6643675179856,159.3298776230419,-400.25216794379884
23.285161168521473,156.46141204714567,-394.2289233336468
23.913197571403895,153.54520953472013,-387.8386345485149
24.547680997550167,150.58181020624835,-381.08716720801146
25.187765466020306,147.5717412405463,-373.980721095077
25.832560314819005,144.51552030254095,-366.52582437180064
26.481136243933424,141.41365931641207,-358.72932749796223
27.13253180083721,138.26666857345094,-350.5983968567853
27.785760271645678,135.07506115757133,-342.1405080920146
28.43981693375717,131.83935766458438,-333.3634391600684
29.09368661830629,128.56009118428642,-324.275263100707
29.74635152326706,125.23781250724277,-314.8843405293947
30.39679921075767,121.8730955110786,-305.1993118543495
31.044030715220188,118.466542674273,-295.2290892211594
31.68706868287572,115.01879065909739,-284.9828481878461
32.32496545740287,111.53051589961953,-274.470019133332
32.95681102234626,108.00244012581132,-263.70027840249327
33.581740707530294,104.4353357509142,-252.68353919131627
34.198942564898275,100.83003104649259,-241.4299421761216
34.807664318869705,97.18741502819519,-229.94984589143849
35.40721979762805,93.50844197524324,-218.25381686182058
35.99699475480291,89.79413550817856,-206.35261949377127
36.576451995843044,86.0455921524628,-194.25720573489687
37.14513572999026,82.26398432016012,-181.97870450852213
37.702675077124155,78.45056264811163,-169.52841093316624
38.24878666876289,74.60665763867476,-156.91777533756468
38.78327629404723,70.73368055812816,-144.15839208322063
39.30603955442642,66.83312355810935,-131.26198820785578
39.81706150478563,62.90655899675901,-118.24041190448924
40.31641527365667,58.955637948377245,-105.10562085222999
40.804259670643255,54.982087903125255,-91.86967041618165
41.28083580496507,50.98770967134174,-78.54470173508408
41.746462754749736,46.9743735201247,-65.1429297164655
42.20153234204649,42.94401458264705,-51.67663096004851
42.64650308316005,38.89862759295819,-38.15813163102155
43.08189339748959,34.840261010470215,-24.599795305421924
43.50827417029224,30.771010608687757,-11.014010810353122
43.92626077540258,26.69301261175304,2.586819918036685
44.336504672680334,22.608436469850183,16.190293935858477
44.73968470163264,18.51947737025536,29.784019329367375
45.13649819711212,14.428348584697728,43.355627167202805
45.527652055129884,10.337273755640409,56.89278334547704
45.913853876601436,6.248479224039748,70.38320030516037
46.295803314278864,2.164186499128107,83.81464860236
46.67418374328556,-1.9133950331704597,97.17496831347948
47.04965436868456,-5.982075072310209,110.45208025875922
47.42284287455592,-10.03968895218243,123.63399702938095
47.794338708351766,-14.084103702516472,136.7088338051376
48.16468708209722,-18.11322355805229,149.66481895152066
48.534383758603916,-22.124994861987183,162.49030438702317
48.903870676566676,-26.11741032198005,175.17377571336837
49.273532453552406,-30.088512589225292,187.70386210330952
49.64369379078866,-34.0363971434771,200.06934594246457
50.01461778864148,-37.959214479161076,212.25917222342267
50.386505167050146,-41.85517159956359,224.2624576919639
50.75949437124754,-45.722532837316265,236.06849974673446
51.13366253009921,-49.55962002974901,247.6667850949906
51.509027222570104,-53.364812086993865,259.046998168142
51.88554899736333,-57.136543998827875,270.19902930171406
52.26313458181233,-60.87330533300995,281.11298268502037
52.64164070875512,-64.57363828323402,291.7791840862946
53.02087848442835,-68.2361353287274,302.18818835924486
53.40061821640803,-71.85943656998441,312.33078673702556
53.78059461826416,-75.44222680614965,322.1980139194062
54.160512306823065,-78.98323241924342,331.78115495854087
54.54005150864313,-82.4812181288259,341.07175194816233
54.91887389438087,-85.93498367797018,350.06161052032155
55.29662846299582,-89.34336050767634,358.7428061529194
55.67295740204969,-92.70520847228309,367.10769029032525
56.047501855508536,-96.01941264318717,375.1488962783252
56.4199075362669,-99.28488024242412,382.85934511353844
56.7898301268915,-102.50053774159102,390.2322510063078
57.15694041863585,-105.66532815535601,397.2611267549175
57.52092914543601,-108.77820855257967,403.93978892788357
57.88151147618902,-111.83814780200495,410.2623628499635
58.238431134999146,-114.844124563708,416.22328738652067
58.59146412511963,-117.79512553214893,421.8173195199261
58.940422037918346,-120.69014393183457,427.03953871085287
59.2851549332682,-123.52817826237023,431.88535103656676
59.62555378225207,-126.30823128610889,436.3504930977133
59.96155246694292,-129.0293092487404,440.4310356846228
60.293129335259906,-131.69042132101345,444.1233871938075
60.620308311524326,-134.29057924836115,447.42429678512565
60.943159565376135,-136.8287971944771,450.3308572700294
61.26179974321272,-139.30409176483835,452.84050772140586
61.576391767343054,-141.7154821967333,454.9510357957422
61.88714420869183,-144.06199070346958,456.6605797587205
62.19431023923003,-146.34264296202673,457.9676302058471
62.4981861704474,-148.55646873540303,458.8710314703533
62.79910958422042,-150.70250262317677,459.3699827113509
63.09745706247078,-152.77978493627427,459.46403867609166
63.3936415221542,-154.78736269449837,459.153110131141
63.688109162465324,-156.72429074791373,458.4374639583309
63.98133603178256,-158.58963302561125,457.3177229124967
64.27382422288359,-160.38246391757292,455.79486503920293
64.56609770641205,-162.10186979723744,453.8702227519284
64.85869781451363,-163.74695069382568,451.54548156948067
65.1521783890326,-165.31682212444852,448.8226785157447
65.44710061167885,-166.8106170964035,445.7042001852163
65.74402753714914,-168.22748828981827,442.1927804791088
66.04351835428986,-169.56661042985945,438.29149801815544
66.346122404987,-170.82718285606927,434.003773239508
66.6523729955014,-172.0084322940037,429.3333651863754
66.96278104035386,-173.10961583121775,424.2843680002025
67.27782858450708,-174.13002409581173,418.86120712626507
67.597962255373,-175.06898463124725,413.0686352445211
67.92358670196131,-175.9258654560372,406.9117279383844
68.25505808413058,-176.7000787912845,400.3958791147875
68.59267768024881,-177.3910849330072,393.5267961894111
68.93668568644921,-177.99839623985642,386.3104950513174
69.28725528490548,-178.5215812003642,378.7532948213558
69.64448706198101,-178.96026853739835,370.8618124186663
70.00840385955279,-179.31415130123526,362.64295694932986
70.37894614412076,-179.58299089676626,354.10392393070447
70.7559679783329,-179.76662098501828,345.25218936427603
71.13923367815764,-179.86495119459096,336.0955036688916
71.52841523601322,-179.8779705749686,326.64188548507246
71.92309058563436,-179.80575072114536,316.89961535972276
72.3227427782715,-179.6484484977577,306.87722931896786
72.72676013196632,-179.4063082911039,296.58351233509876
73.13443740614545,-179.07966371915305,286.0274916917046
73.54497804269444,-178.6689387330007,275.2184302490287
73.95749750211338,-178.17464804825786,264.16581960948486
74.37102770946734,-177.59739685157913,252.87937318111526
74.7845226098136,-176.93787973590847,241.36901913458425
75.19686481684116,-176.19687882797015,229.64489324720566
75.6068733218605,-175.37526108293255,217.71733162544783
76.01331221332686,-174.47397473385237,205.5968632954717
76.41490034008612,-173.49404489725399,193.29420264954095
76.81032183484399,-172.43656835075697,180.82024173466422
77.19823739831902,-171.3027075137451,168.1860423686269
77.57729622951103,-170.09368367735226,155.40282806767237
77.94614847383747,-168.8107695451865,142.48197576959163
78.30345804890256,-167.45528116086308,129.43500733577486
78.6479156976686,-166.02856931222243,116.27358081608611
78.9782521110754,-164.5320105147076,103.00948146106197
79.29325095693102,-162.96699768744256,89.65461246704197
79.59176164936119,-161.33493064477304,76.22098544135568
79.87271169337808,-159.63720653313723,62.72071057661575
80.1351184422794,-157.87521034789552,49.16598652546498
80.37810011161203,-156.05030566699898,35.56908996982011
80.60088590226593,-154.16382573798808,21.942364881571343
80.80282509676528,-152.2170650517557,8.298211474988715
80.98339500679535,-150.21127153077896,-5.350925145505209
81.14220766618536,-148.1476394512214,-18.99256663493702
81.27901518163821,-146.02730320757405,-32.614213343832105
81.39371367309549,-143.85133201555644,-46.20335652611147
81.48634575634239,-141.62072563411576,-59.74749080059621
81.55710154186178,-139.3364111708457,-73.23412684441271
81.60631814558258,-136.99924101739194,-86.65080429326132
81.63447772858402,-134.60999194278355,-99.98510482048093
81.64220410355608,-132.1693653535658,-113.22466536410231
81.63025796544858,-129.67798871052736,-126.35719146871097
81.59953082185983,-127.13641807313701,-139.3704707069783
81.55103771496016,-124.54514172495081,-152.25238614417393
81.48590884079613,-121.9045848165763,-164.99092980792912
81.40538018342869,-119.21511494767668,-177.57421612489895
81.3107832903219,-116.47704859622215,-189.99049528586673
81.20353432160093,-113.6906582920318,-202.22816650117738
81.08512250918119,-110.85618042277619,-214.27579110918725
80.95709816235363,-107.97382355416077,-226.12210550163897
80.82106035428404,-105.04377714205528,-237.75603383149385
80.67864441920088,-102.06622051288053,-249.16670047068368
80.53150938302107,-99.04133198953859,-260.3434421875508
80.38132544107415,-95.96929804348855,-271.2758200162011
80.22976158574366,-92.85032235902851,-281.95363079271254
80.07847347461515,-89.68463470325024,-292.36691833596046
79.92909161648393,-86.47249950422409,-302.5059842537111
79.78320993873845,-83.21422405046042,-312.3613983575551
79.64237478561154,-79.91016623628306,-321.9240086730932
79.50807438298632,-76.56074179009613,-331.18495103460725
79.38172879226059,-73.1664309353342,-340.1356582560343
79.26468036358241,-69.7277844468046,-348.76786887254553
79.15818468792006,-66.24542907786707,-357.07363544924954
79.06340203822496,-62.720072346154964,-365.0453324555235
78.98138928265114,-59.152506677050575,-372.6756637051954
78.91309224761525,-55.543612914664806,-379.95766936420824
78.85933850557737,-51.894363219406486,-386.8847325285524
78.82083056188466,-48.20582337923472,-393.4505853760601
78.79813941688614,-44.47915456820406,-399.64931489621733
78.79169848376587,-40.71561459087533,-405.4753682023994
78.80179784906372,-36.91655865451921,-410.92355743094265
78.82857887150452,-33.08343971277895,-415.98906423122025
78.87202912532405,-29.217808424609707,-420.66744385043904
78.93197770649398,-25.32131277095069,-424.9546288162261
79.00809093378554,-21.39569736877994,-428.8469322193013
79.09986849109882,-17.44280251811673,-432.34105059760753
79.20664007250951,-13.464563012279665,-435.4340664223028
79.32756260659342,-9.463006735478306,-438.12345018498456
79.46161815130384,-5.440253064788575,-440.40706208449416
79.6076125644936,-1.3985110859396706,-442.2831533106521
79.76417506758138,2.6599223756538084,-443.7503669213489
79.92975883034671,6.732664915356274,-444.8077383085984
80.1026427128905,10.8172509161038,-445.45469524846686
80.28093430593677,14.911134144184345,-445.69105752926987
80.4625744124218,19.01169060397984,-445.5170361520928
80.64534311131035,23.116221688247393,-444.9332320975633
80.8268675384487,27.221957666203142,-443.9406346529099
81.0046315087285,31.326061556237875,-442.5406192936856
81.17598708870379,35.42563343339317,-440.7349451151316
81.338168208972,39.51771522355526,-438.5257518090139
81.48830638111069,43.599296036591525,-435.9155561828737
81.62344855487773,47.66731808921686,-432.90724821999896
81.74057711798162,51.71868326516294,-429.5040866800307
81.83663200339103,55.750260355172685,-425.709694241953
81.90853482838608,59.758893012437966,-421.52805219326325
81.95321494600283,63.741408450339705,-416.9634946713541
81.96763724395134,67.69462689881965,-412.0207024655292
81.9488314793858,71.61537182345796,-406.7046963905993
81.89392289106368,75.50048089752994,-401.02083024562273
81.80016378452837,79.34681770211367,-394.9747833740221
81.66496574213721,83.15128411295143,-388.572552844001
81.48593206922317,86.91083331548965,-381.82044527083787
81.26089005162744,90.62248337162511,-374.7250683052316
80.98792256946163,94.28333124353449,-367.2933218143307
80.66539858838313,97.8905671618884,-359.5323887843994
80.29200203394778,101.44148920818836,-351.449725976172
79.8667585476635,104.9335179643083,-343.0530543657986
79.38905962597704,108.3642110670114,-334.3503494058566
78.85868365616344,111.73127749168441,-325.34983114212736
78.27581338631389,115.03259137820187,-316.0599542227375
77.64104940045019,118.26620520313948,-306.4893978367149
76.95541921408952,121.43036209684288,-296.64705561911575
76.22038165992204,124.52350710150503,-286.54202555949485
