q1,q2,q3,qd1,qd2,qd3,qdd1,qdd2,qdd3
0.0,0.0,0.0,1.0,2.0,3.0,-0.0,-0.0,-0.0
0.010019872410321994,0.020038738821815002,0.030055593336652683,0.9999497998184114,1.9995984086275236,2.998644685817684,-0.010019872410321994,-0.08015495528726001,-0.27050034002987416
0.020038738821815002,0.040069430259003856,0.06008403015870064,0.9997992043137618,1.9983937957857243,2.99457996785509,-0.020038738821815002,-0.16027772103601542,-0.5407562714283057
0.030055593336652683,0.06008403015870064,0.09005817848861206,0.9995482286058947,1.996386645236727,2.9878095187588216,-0.030055593336652683,-0.24033612063480256,-0.8105236063975085
0.040069430259003856,0.08007450083026207,0.1199509554008307,0.9991968978928621,1.9935777630348752,2.97833945591933,-0.040069430259003856,-0.3202980033210483,-1.0795585986074763
0.05007924419600471,0.1000328142731347,0.14973535149235792,0.9987452474483955,1.9899682772030278,2.9661783359435994,-0.05007924419600471,-0.4001312570925388,-1.3476181634312212
0.06008403015870064,0.1199509554008307,0.17938445528690403,0.9981933226183635,1.9855596372795534,2.95133714692388,-0.06008403015870064,-0.4798038216033228,-1.6144600975821362
0.07008278366294748,0.13982092525971743,0.20887147755055852,0.9975411788162194,1.98035361373621,2.9338292985094787,-0.07008278366294748,-0.5592837010388697,-1.8798432979550266
0.08007450083026207,0.15963474424132812,0.2381697754970093,0.9967888815174376,1.9743522972671375,2.9136706097905676,-0.08007450083026207,-0.6385389769653125,-2.1435279794730837
0.09005817848861206,0.17938445528690403,0.26725287686043997,0.9959365062529405,1.967558097949253,2.8908792950049587,-0.09005817848861206,-0.7175378211476161,-2.4052758917439596
0.1000328142731347,0.1990621270828803,0.29609450381435476,0.9949841386015139,1.959973744274386,2.86547594708076,-0.1000328142731347,-0.7962485083315212,-2.664850534329193
0.10999740672677467,0.2186598572460333,0.3246685967147193,0.993931874181216,1.951602282053538,2.837483519029785,-0.10999740672677467,-0.8746394289841332,-2.922017370432474
0.1199509554008307,0.2381697754970093,0.35294933764596376,0.9927798186397767,1.9424470731937118,2.8069273032085245,-0.1199509554008307,-0.9526791019880372,-3.176544038813674
0.12989246095540102,0.25758404682096103,0.38091117374857436,0.9915280876439908,1.9325117943477985,2.7738349084654175,-0.12989246095540102,-1.0303361872838441,-3.4282005637371693
0.13982092525971743,0.2768948746140219,0.4085288403071956,0.990176806868105,1.921800435438066,2.738236235195079,-0.13982092525971743,-1.1075794984560876,-3.6767595627647607
0.14973535149235792,0.29609450381435476,0.43577738357838114,0.9887261119811998,1.91031729805384,2.700163448322013,-0.14973535149235792,-1.184378015257419,-3.9219964522054305
0.15963474424132812,0.31517522401651815,0.4626321833373691,0.9871761486335687,1.898066993724023,2.659650948238225,-0.15963474424132812,-1.2607008960660726,-4.163689650036322
0.16951810960400077,0.3341293725678981,0.48906897512350833,0.9855270724420948,1.8850544420651438,2.6167353397209987,-0.16951810960400077,-1.3365174902715924,-4.401620776111575
0.17938445528690403,0.35294933764596376,0.5150638721642371,0.9837790489746265,1.871284868805683,2.571455398858911,-0.17938445528690403,-1.411797350583855,-4.635574849478134
0.18923279070534813,0.3716275613151095,0.540593386957804,0.981932253733355,1.8567638036874636,2.5238520380159786,-0.18923279070534813,-1.486510245260438,-4.865340482620236
0.1990621270828803,0.3901565425618566,0.5656344524952307,0.979986872137193,1.841497078244957,2.4739682688655864,-0.1990621270828803,-1.5606261702474264,-5.090710072457076
0.20887147755055852,0.4085288403071956,0.5901644431023417,0.9779430995031595,1.8254908234633862,2.4218491635275976,-0.20887147755055852,-1.6341153612287824,-5.311479987921076
0.2186598572460333,0.4267370763948594,0.6141611948830293,0.975801141026769,1.8087514673165774,2.3675418138437694,-0.2186598572460333,-1.7069483055794377,-5.527450753947264
0.2284262834124282,0.4447739385543272,0.6376030257452814,0.9735612117614305,1.7912857321855402,2.311095288828256,-0.2284262834124282,-1.7790957542173087,-5.738427231707533
0.2381697754970093,0.4626321833373691,0.66046875499188,0.9712235365968559,1.7731006321588167,2.252560590331653,-0.2381697754970093,-1.8505287333494764,-5.94421879492692
0.2478893552496326,0.48030463902695275,0.6827377224580671,0.9687883502364805,1.754203470215686,2.1919906069586483,-0.2478893552496326,-1.921218556107811,-6.144639502122604
0.25758404682096103,0.49778420851734273,0.7043898071788877,0.9662558971738993,1.7346018352933479,2.1294400662809005,-0.25758404682096103,-1.991136834069371,-6.339508264609989
0.26725287686043997,0.5150638721642371,0.7254054455693427,0.9636264316683195,1.7143035992392741,2.064965485388337,-0.26725287686043997,-2.0602554886569484,-6.528649010124084
0.2768948746140219,0.532136690603796,0.7457656491009247,0.960900217719033,1.6933169136499404,1.9986251198235472,-0.2768948746140219,-2.128546762415184,-6.711890841908322
0.2865090720216307,0.5489958075394302,0.7654520214585663,0.9580775290389103,1.6716502065972163,1.9304789109454035,-0.2865090720216307,-2.195983230157721,-6.8890681931270965
0.29609450381435476,0.5656344524952307,0.7844467751624975,0.95515864902692,1.6493121792437242,1.8605884317694827,-0.29609450381435476,-2.262537809980923,-7.060020976462478
0.30565020761136114,0.5820459435349337,0.8027327476399955,0.9521438707396754,1.6263118023485272,1.7890168313342079,-0.30565020761136114,-2.3281837741397347,-7.224594728759959
0.31517522401651815,0.598223689945328,0.8202934167325028,0.9490334968620115,1.6026583126645504,1.7158287776429935,-0.31517522401651815,-2.392894759781312,-7.382640750592525
0.3246685967147193,0.6141611948830293,0.8371129156241046,0.9458278396765951,1.5783612092291797,1.641090399233935,-0.3246685967147193,-2.4566447795321174,-7.534016240616942
0.3341293725678981,0.6298520579835557,0.8531760471778762,0.9425272210325719,1.553430249549531,1.564869225429847,-0.3341293725678981,-2.519408231934223,-7.678584424600886
0.3435566017107228,0.6452899779316592,0.868468297667146,0.9391319723132526,1.5278754456839192,1.487234125322629,-0.3435566017107228,-2.581159911726637,-7.816214679004314
0.35294933764596376,0.66046875499188,0.882975849889269,0.9356424344028414,1.5017070602211018,1.4082552455470942,-0.35294933764596376,-2.64187501996752,-7.9467826490034215
0.36230663733952184,0.6753822934983056,0.8966855956500603,0.9320589576522121,1.4749356021589128,1.328003946900486,-0.36230663733952184,-2.7015291739932223,-8.070170360850543
0.3716275613151095,0.6900246043025389,0.9095851476076096,0.9283819018437318,1.447571822683938,1.2465527398649396,-0.3716275613151095,-2.7600984172101555,-8.186266328468486
0.3809111737485744,0.7043898071788877,0.9216628504647743,0.9246116361551391,1.4196267108539333,1.1639752190911647,-0.3809111737485744,-2.8175592287155506,-8.294965654182969
0.3901565425618566,0.718472133185813,0.9329077915002396,0.9207485391224784,1.3911114891847127,1.080345996902524,-0.3901565425618566,-2.873888532743252,-8.396170123502156
0.3993627395165696,0.7322659269826862,0.9433098104286294,0.9167929986020948,1.3620376091432824,0.9957406358796093,-0.3993627395165696,-2.929063707930745,-8.489788293857664
0.4085288403071956,0.7457656491009247,0.952859508580758,0.9127454117316931,1.3324167465490315,0.9102355805862167,-0.4085288403071956,-2.9830625964036988,-8.575735577226821
0.41765392465388634,0.7589658781685948,0.9615482573957304,0.908606184890465,1.3022607968848232,0.8239080884984126,-0.41765392465388634,-3.0358635126743794,-8.653934316561573
0.4267370763948594,0.7718613130875883,0.9693682062172161,0.9043757336582887,1.2715818705198716,0.7368361601990979,-0.4267370763948594,-3.0874452523503533,-8.724313855954945
0.4357773835783812,0.7844467751624975,0.9763122893868535,0.9000544827740043,1.2403922878463218,0.6490984689011423,-0.4357773835783812,-3.13778710064999,-8.786810604481682
0.4447739385543272,0.7967172101803344,0.9823742326283739,0.8956428660927701,1.2087045743314864,0.5607742893627725,-0.4447739385543272,-3.1868688407213375,-8.841368093655365
0.45372583806531047,0.8086676904402592,0.9875485587166788,0.8911413265425028,1.1765314554877266,0.47194342625943425,-0.45372583806531047,-3.234670761761037,-8.887937028450109
0.4626321833373691,0.8202934167325028,0.9918305924267473,0.8865503160794084,1.1438858517619956,0.3826861420768565,-0.4626321833373691,-3.281173666930011,-8.926475331840726
0.4714920801702031,0.8315897202656872,0.9952164647579018,0.8818702956426046,1.110780873347099,0.2930830845904563,-0.4714920801702031,-3.326358881062749,-8.956948182821117
0.48030463902695275,0.8425520645417728,0.9977031164296156,0.877101735107843,1.0772298149167545,0.2032152139966285,-0.48030463902695275,-3.370208258167091,-8.97932804786654
0.48906897512350833,0.8531760471778762,0.9992883006457041,0.8722451132403329,1.0432461502865646,0.11316372976173934,-0.48906897512350833,-3.412704188711505,-8.993594705811336
0.49778420851734273,0.8634574016742292,0.9999705851244007,0.8673009176466739,1.0088435270030505,0.023009997254936937,-0.49778420851734273,-3.453829606696917,-8.999735266119608
0.506449464195858,0.873391999127569,0.9997493533924854,0.8622696447258992,0.9740357608629131,-0.06716452576894258,-0.506449464195858,-3.493567996510276,-8.997744180532369
0.5150638721642371,0.882975849889269,0.9986248053422938,0.8571517996196371,0.9388368303647295,-0.15727836276993998,-0.5150638721642371,-3.531903399557076,-8.987623248080645
0.5236265675327914,0.8922051051675485,0.9965979570511068,0.851947896161395,0.9032608710953083,-0.24725009204051435,-0.5236265675327914,-3.568820420670194,-8.96938161345996
0.532136690603796,0.9010760585731131,0.9936706398630807,0.8466584568249702,0.8673221700529595,-0.33699842027354104,-0.532136690603796,-3.6043042342924525,-8.943035758767726
0.540593386957804,0.9095851476076096,0.9898454987345495,0.8412840126719929,0.8310351599099598,-0.4264422560142918,-0.540593386957804,-3.6383405904304382,-8.908609488610946
0.5489958075394302,0.9177289550942941,0.9851259898441938,0.8358251032986082,0.7944144132165156,-0.5155007829300325,-0.5489958075394302,-3.6709158203771763,-8.866133908597744
0.5573431087425964,0.9255042105503407,0.9795163774702355,0.8302822767812994,0.7574746365485532,-0.604093532831038,-0.5573431087425964,-3.702016842201363,-8.81564739723212
0.5656344524952307,0.9329077915002396,0.9730217301374795,0.8246560896218621,0.7202306646016826,-0.692140458377051,-0.5656344524952307,-3.7316311660009585,-8.757195571237315
0.5738690063434088,0.9399367247297561,0.9656479160376854,0.8189471066915303,0.6826974542337149,-0.7795620054034684,-0.5738690063434088,-3.7597468989190244,-8.690831244339169
0.5820459435349337,0.9465881874799471,0.9574015977274047,0.8131559011742636,0.6448900784581153,-0.86627918480194,-0.5820459435349337,-3.7863527499197884,-8.616614379546643
0.5901644431023417,0.952859508580758,0.948290226108076,0.8072830545091992,0.6068237203908111,-0.9522136438904065,-0.5901644431023417,-3.811438034323032,-8.534612034972684
0.598223689945328,0.9587481695237406,0.9383220336938165,0.8013291563322752,0.568513667152784,-1.0372877372081009,-0.598223689945328,-3.8349926780949626,-8.444898303244349
0.6062228749125825,0.9642518054734649,0.9275060271729937,0.7952948044170308,0.5299753037308933,-1.1214245966715408,-0.6062228749125825,-3.8570072218938596,-8.347554244556942
0.6141611948830293,0.9693682062172161,0.9158519792702968,0.7891806046145898,0.4912241067993986,-1.2045482010281359,-0.6141611948830293,-3.8774728248688644,-8.242667813432671
0.6220378528464605,0.9740953170525974,0.9033704199166617,0.7829871707928331,0.4522756385046608,-1.2865834445446396,-0.6220378528464605,-3.8963812682103898,-8.130333779249955
0.6298520579835557,0.9784312396126806,0.8900726267350278,0.7767151247747655,0.4131455402155182,-1.3674562048683936,-0.6298520579835557,-3.9137249584507225,-8.010653640615251
0.6376030257452815,0.9823742326283739,0.8759706148505236,0.7703650962760852,0.3738495262418479,-1.4470934100000457,-0.6376030257452815,-3.9294969305134955,-7.883735533654713
0.6452899779316592,0.9859227126277003,0.861077126034287,0.7639377228419596,0.33440337752383487,-1.5254231043172228,-0.6452899779316592,-3.943690850510801,-7.749694134308583
0.6529121427698981,0.9890752545717068,0.8454056171907285,0.7574336497830157,0.29482293529448084,-1.6023745135895262,-0.6529121427698981,-3.956301018286827,-7.608650554716556
0.66046875499188,0.9918305924267473,0.8289702481986446,0.7508535301105509,0.2551240947179043,-1.6778781089260622,-0.66046875499188,-3.9673223697069893,-7.460732233787802
0.6679590559109932,0.9941876196729109,0.8117858691171596,0.74419802447097,0.2153227985059782,-1.7518656695977808,-0.6679590559109932,-3.9767504786916437,-7.3060728220544355
0.6753822934983056,0.9961453897483908,0.7938680067680622,0.7374678010794564,0.1754350305158746,-1.8242703446778208,-0.6753822934983056,-3.9845815589935634,-7.14481206091256
0.6827377224580671,0.9977031164296156,0.7752328507066584,0.7306635356528828,0.13547680933108566,-1.8950267134441803,-0.6827377224580671,-3.9908124657184625,-6.977095656359925
0.6900246043025389,0.9988601741469894,0.7558972385938142,0.723785911341969,0.09546418182849872,-1.9640708444901411,-0.6900246043025389,-3.9954406965879574,-6.803075147344328
0.6972422074261374,0.9996160982361152,0.7358786409824104,0.716835618662694,0.055413216734108914,-2.031340353489027,-0.6972422074261374,-3.9984643929444608,-6.622907768841694
0.7043898071788877,0.9999705851244007,0.7151951455319486,0.7098133554269667,0.015339998169957514,-2.0967744595611166,-0.7043898071788877,-3.999882340497603,-6.436756309787538
0.7114666859391788,0.9999234924529701,0.6938654406655778,0.7027198266725664,-0.024739380805112746,-2.160314040191766,-0.7114666859391788,-3.9996939698118803,-6.2447889659902
0.718472133185813,0.9994748391338337,0.6719087986843055,0.6955557445923564,-0.06480882465829081,-2.221901684651128,-0.718472133185813,-3.997899356535335,-6.04717918815875
0.7254054455693426,0.9986248053422938,0.6493450583536464,0.688321828462779,-0.10485224184662621,-2.281481745867211,-0.7254054455693426,-3.9944992213691752,-5.844105525182818
0.7322659269826862,0.9973737324445874,0.6261946069784515,0.6810188045716412,-0.1448535512792512,-2.339000390705381,-0.7322659269826862,-3.9894949297783495,-5.635751462806064
0.7390528886310184,0.9957221228607965,0.6024783619821044,0.6736474061451937,-0.18479668877540983,-2.394405648608908,-0.7390528886310184,-3.982888491443186,-5.422305257838939
0.7457656491009247,0.9936706398630807,0.5782177520067356,0.6662083732745158,-0.22466561351569403,-2.447647458556582,-0.7457656491009247,-3.9746825594523227,-5.203959768060621
0.752403534428816,0.9912201073093126,0.5534346975515257,0.6587024528412092,-0.2644443144838982,-2.498677714294995,-0.752403534428816,-3.9648804292372506,-4.980912277963732
0.7589658781685948,0.988371509312224,0.5281515911665973,0.6511303984424116,-0.3041168168969051,-2.5474503078045947,-0.7589658781685948,-3.953486037248896,-4.753364320499376
0.7654520214585662,0.9851259898441939,0.5023912772203885,0.6434929703151346,-0.34366718862002127,-2.593921170960251,-0.7654520214585662,-3.9405039593767754,-4.521521494983496
0.7718613130875883,0.9814848522778399,0.4761770312587872,0.6357909352599358,-0.38307954656518434,-2.6380483153486995,-0.7718613130875883,-3.9259394091113595,-4.285593281329085
0.778193109560454,0.9774495588625948,0.4495325389746805,0.6280250665639321,-0.42233806306947463,-2.679791870206863,-0.778193109560454,-3.909798235450379,-4.045792850772124
0.7844467751624975,0.9730217301374794,0.42248187480691707,0.6201961439231609,-0.46142697225136775,-2.7191141184467953,-0.7844467751624975,-3.8920869205499176,-3.8023368732622536
0.7906216820234214,0.9682031442803087,0.3950494801880221,0.6123049533642986,-0.5003305763421763,-2.7559795307346824,-0.7906216820234214,-3.872812577121235,-3.555445321692199
0.7967172101803344,0.9629957363935905,0.3672601414603169,0.6043522871657432,-0.5390332519901401,-2.7903547975931184,-0.7967172101803344,-3.851982945574362,-3.3053412731428518
0.8027327476399955,0.9574015977274047,0.33913896748039746,0.5963389437780693,-0.5775194565346267,-2.82220885949764,-0.8027327476399955,-3.829606390909619,-3.052250707323577
0.8086676904402592,0.9514229748395765,0.3107113669322103,0.5882657277438633,-0.6157737342479316,-2.851512934940337,-0.8086676904402592,-3.805691899358306,-2.7964023023898927
0.8145214427107129,0.9450622686934768,0.28200302536921645,0.580133449616947,-0.6537807225421649,-2.8782405464351797,-0.8145214427107129,-3.780249074773907,-2.538027228322948
0.8202934167325028,0.9383220336938165,0.25303988200639665,0.5719429258809978,-0.6915251581387338,-2.902367544441555,-0.8202934167325028,-3.753288134775266,-2.27735893805757
0.8259830329973407,0.9312049766608204,0.2238481062830602,0.5636949788675735,-0.7289918831979437,-2.9238721291844127,-0.8259830329973407,-3.7248199066432814,-2.014632956547542
0.8315897202656872,0.9237139557431899,0.19445407421763666,0.5553904366735495,-0.7661658514062559,-2.9427348703512957,-0.8315897202656872,-3.6948558229727597,-1.75008666795873
0.8371129156241046,0.9158519792702968,0.164884344575816,0.5470301330779783,-0.8030321340187573,-2.958938724648456,-0.8371129156241046,-3.6634079170811873,-1.4839591011823439
0.8425520645417728,0.9076222045440633,0.135165634873565,0.5386149074583773,-0.8395759258544149,-2.972469051200203,-0.8425520645417728,-3.630488818176253,-1.216490713862085
0.8479066209261653,0.8990279365710167,0.10532479723670962,0.5301456047064544,-0.8757825512417111,-2.9833136247775585,-0.8479066209261653,-3.5961117462840666,-0.9479231751303866
0.8531760471778762,0.8900726267350278,0.07538879413889213,0.5216230751432823,-0.9116374699122624,-2.991462646844275,-0.8531760471778762,-3.5602905069401114,-0.6784991472500291
0.8583598142445963,0.8807598714112645,0.045384674039817656,0.513048174433924,-0.9471262828400714,-2.9969087544102333,-0.8583598142445963,-3.523039485645058,-0.4084620663583589
0.8634574016742292,0.8710934105219191,0.015339546945820095,0.5044217635015252,-0.9822347380240453,-2.9996470266842183,-0.8634574016742292,-3.4843736420876765,-0.13805592251238086
0.8684682976671461,0.8610771260342868,-0.014719440085195672,0.49574470844087615,-1.0169487362114826,-2.9996749895200656,-0.8684682976671461,-3.444308504137147,0.13247496076676105
0.873391999127569,0.8507150404018025,-0.04476512747227552,0.48701788043145655,-1.0512543365602058,-2.9969926176521553,-0.873391999127569,-3.40286016160721,0.40288614725047966
0.8782280117140833,0.8400113149486567,-0.07477036765126445,0.47824215564996775,-1.0851377622370881,-2.9916023347182445,-0.8782280117140833,-3.3600452597946266,0.67293330886138
0.882975849889269,0.8289702481986446,-0.10470804960379065,0.46941841518236477,-1.118585405950708,-2.9835090110696045,-0.882975849889269,-3.3158809927945785,0.9423724464341159
0.887635036968449,0.8175962741489164,-0.13455112335322886,0.4605475449353955,-1.1515838354159194,-2.972719959370451,-0.887635036968449,-3.270385096595666,1.2109601101790597
0.8922051051675485,0.8058939604893209,-0.1642726244055165,0.45163043554765414,-1.1841197987481449,-2.959244927990638,-0.8922051051675485,-3.2235758419572837,1.4784536196496485
0.8966855956500603,0.7938680067680622,-0.19384569811272115,0.442667982300162,-1.2161802297852138,-2.94309609219759,-0.8966855956500603,-3.175472027072249,1.7446112830144904
0.9010760585731131,0.7815232425044001,-0.22324362393737127,0.43366108502647976,-1.2477522533346252,-2.9242880431554252,-0.9010760585731131,-3.1260929700176003,2.0091926154363415
0.9053760531326346,0.7688646252491586,-0.2524398395955983,0.42461064802236514,-1.2788231903441085,-2.9028377747412164,-0.9053760531326346,-3.075458500996634,2.2719585563603846
0.9095851476076096,0.7558972385938142,-0.2814079650573021,0.4155175799549799,-1.3093805629934274,-2.878764668190294,-0.9095851476076096,-3.0235889543752568,2.532671685515719
0.913702919403424,0.7426262901289721,-0.3101218263816328,0.4063827937716608,-1.3394120997053591,-2.852090474584473,-0.913702919403424,-2.9705051605158883,2.7910964374346956
0.9177289550942941,0.7290571093530397,-0.3385554793662701,0.3972072066082578,-1.3689057400738591,-2.8228392951990156,-0.9177289550942941,-2.9162284374121588,3.046999314296431
0.9216628504647743,0.7151951455319486,-0.366683232989116,0.3879917396970549,-1.3978496397074112,-2.7910375597261043,-0.9216628504647743,-2.8607805821277945,3.300149096902044
0.9255042105503407,0.7010459655107749,-0.3944796726212367,0.3787373182742766,-1.4262321749856373,-2.756714002394477,-0.9255042105503407,-2.8041838620430997,3.55031705359113
0.9292526496770458,0.6866152514781423,-0.42191968299006555,0.3694448714871945,-1.4540419477272413,-2.7198996360068257,-0.9292526496770458,-2.746461005912569,3.7972771469105897
0.9329077915002396,0.6719087986843055,-0.44897847087212417,0.3601153323008413,-1.4812677897674187,-2.6806277239184038,-0.9329077915002396,-2.687635194737222,4.040806237849117
0.9364692690423561,0.6569325131138257,-0.47563158749476475,0.3507496374043391,-1.5078987674428985,-2.638933749982157,-0.9364692690423561,-2.627730052455303,4.280684287452883
0.9399367247297561,0.6416924091137806,-0.5018549506266788,0.34134872711685743,-1.5339241859828048,-2.5948553864875485,-0.9399367247297561,-2.5667696364551222,4.516694555640109
0.9433098104286295,0.6261946069784511,-0.5276248663372266,0.3319135452932029,-1.5593335938035877,-2.5484324601220285,-0.9433098104286295,-2.5047784279138043,4.748623797035039
0.9465881874799471,0.6104453304914682,-0.552918050404914,0.32244503922905765,-1.584116786706286,-2.499706915985924,-0.9465881874799471,-2.441781321965873,4.976262453644226
0.9497715267334623,0.594450904426391,-0.5777116493556873,0.31294415956586885,-1.6082638119744481,-2.448722779693239,-0.9497715267334623,-2.377803617705564,5.199404844201186
0.952859508580758,0.5782177520067356,-0.601983261112019,0.30341186019540556,-1.6317649723710546,-2.395526117592636,-0.952859508580758,-2.3128710080269426,5.417849350008171
0.9558518229873352,0.5617523923264612,-0.6257109552341503,0.2938490981639862,-1.6546108300328481,-2.34016499514451,-0.9558518229873352,-2.247009569305845,5.631398597107353
0.9587481695237406,0.5450614377319608,-0.6488732927351748,0.284256833576392,-1.6767922102604935,-2.2826894334917984,-0.9587481695237406,-2.1802457509278432,5.839859634616573
0.9615482573957304,0.5281515911665976,-0.6714493454520859,0.2746360294994711,-1.6983002052030627,-2.2231513642637313,-0.9615482573957304,-2.1126063646663904,6.043044109068773
0.9642518054734649,0.5110296434788618,-0.6934187149552652,0.26498765186544665,-1.7191261774353475,-2.161604582653381,-0.9642518054734649,-2.0441185739154473,6.240768434597387
0.9668585423197356,0.4937024706952255,-0.7147615509793357,0.2553126693749376,-1.7392617634265752,-2.098104698811413,-0.9668585423197356,-1.974809882780902,6.432853958814022
0.9693682062172161,0.4761770312587872,-0.735458569358729,0.2456120533996993,-1.758698876899133,-2.0327090875999207,-0.9693682062172161,-1.9047081250351487,6.6191271242285605
0.9717805451947399,0.4584603632348243,-0.75549106945175,0.23588677788509915,-1.7774297120759437,-1.9654768367517996,-0.9717805451947399,-1.8338414529392972,6.799419625065751
0.9740953170525974,0.4405595814843635,-0.7748409510374107,0.2261378192523304,-1.7954467468152013,-1.8964686934824337,-0.9740953170525974,-1.762238325937454,6.973568559336696
0.9763122893868535,0.42248187480691707,-0.7934907306697506,0.21636615630038078,-1.8127427456311969,-1.825747009602006,-0.9763122893868535,-1.6899274992276683,7.141416576027756
0.9784312396126806,0.4042345030535201,-0.8114235574748823,0.2065727701077591,-1.8293107626000276,-1.7533756851779532,-0.9784312396126806,-1.6169380122140804,7.30281201727394
0.9804519549867066,0.3858247942112399,-0.8286232283764732,0.19675864393399625,-1.8451441441490195,-1.6794201107985338,-0.9804519549867066,-1.5432991768449595,7.457609055388259
0.9823742326283739,0.3672601414603165,-0.8450742027359207,0.18692476312092396,-1.860236531728746,-1.603947108489626,-0.9823742326283739,-1.469040565841266,7.6056678246232865
0.9841978795403092,0.3485480002051285,-0.8607616163939826,0.17707211499374767,-1.874581864366564,-1.5270248713381733,-0.9841978795403092,-1.394192000820514,7.746854547545844
0.9859227126277003,0.32969588508016423,-0.8756712951011831,0.16720168876191743,-1.8881743811006515,-1.4487229018768046,-0.9859227126277003,-1.318783540320657,7.881041655910648
0.9875485587166788,0.3107113669322103,-0.8897897673248523,0.15731447541981142,-1.9010086232935581,-1.369111949285327,-0.9875485587166788,-1.2428454677288412,8.008107905923671
0.9890752545717068,0.2916020697799665,-0.9031042764212313,0.14741146764724042,-1.9130794368243464,-1.2882639454658193,-0.9890752545717068,-1.166408279119866,8.12793848779108
0.9905026469119661,0.27237566775230226,-0.9156027921616475,0.13749365970978092,-1.9243819741584438,-1.2062519400490739,-0.9905026469119661,-1.089502671009209,8.240425129454827
0.9918305924267473,0.25303988200639665,-0.9272740216023401,0.12756204735895216,-1.9349116962943698,-1.1231500343911345,-0.9918305924267473,-1.0121595280255866,8.34546619442106
0.9930589577898384,0.23360247762698433,-0.938107419288119,0.11761762773224071,-1.9446643745865602,-1.0390333146195396,-0.9930589577898384,-0.9344099105079373,8.44296677359307
0.9941876196729109,0.2140712605079683,-0.9480931967806329,0.1076613992529891,-1.9536360924435539,-0.9539777837898124,-0.9941876196729109,-0.8562850420318732,8.532838771025697
0.9952164647579018,0.19445407421763666,-0.9572223315026441,0.0976943615301521,-1.9618232469008638,-0.8680602932134258,-0.9952164647579018,-0.7778162968705467,8.615000983523798
0.9961453897483908,0.17475879684875675,-0.9654865748903116,0.0877175152579373,-1.9692225500678942,-0.7813584730193767,-0.9961453897483908,-0.699035187395027,8.689379174012805
0.9969743013799718,0.15499333785479757,-0.9728784598461229,0.07773186211533338,-1.9758310304483313,-0.693950662012021,-0.9969743013799718,-0.6199733514191903,8.755906138615106
0.9977031164296156,0.135165634873565,-0.9793913074857344,0.06773840466554283,-1.9816460341334687,-0.6059158368886328,-0.9977031164296156,-0.54066253949426,8.81452176737161
0.9983317617240267,0.1152836505395119,-0.9850192331726311,0.05773814625532282,-1.9866652258679958,-0.5173335408805587,-0.9983317617240267,-0.4611346021580476,8.86517309855368
0.9988601741469894,0.09535536928601408,-0.9897571518351457,0.04773209091424936,-1.9908865899878154,-0.4282838118825223,-0.9988601741469894,-0.38142147714405633,8.90781436651631
0.9992883006457041,0.07538879413889213,-0.9936007825610395,0.037721243253913114,-1.9943084312295165,-0.33884711013495467,-0.9992883006457041,-0.3015551765555685,8.942407043049355
0.9996160982361152,0.055391943502462154,-0.9965466524654897,0.027706608367054457,-1.9969293754111788,-0.24910424552471594,-0.9996160982361152,-0.22156777400984862,8.968919872189407
0.9998435340072254,0.03537284793941732,-0.9985920998289891,0.017689191726653553,-1.9987483699842308,-0.1591363045699233,-0.9998435340072254,-0.14149139175766928,8.987328898460902
0.9999705851244007,0.01533954694581965,-0.9997352765023239,0.007669999084978757,-1.9997646844561456,-0.06902457715479135,-0.9999705851244007,-0.0613581877832786,8.997617488520914
0.9999972388316629,-0.0046999142774887155,-0.9999751495764551,-0.002349963627389519,-1.9999779106837998,0.021149516919238127,-0.9999972388316629,0.018799657109954862,8.999776346188096
0.9999234924529701,-0.02473748805577231,-0.9993115023157964,-0.012369690402556373,-1.9993879630373796,0.11130450149978108,-0.9999234924529701,0.09894995222308924,8.993803520842167
0.9997493533924854,-0.04476512747227552,-0.9977449343540442,-0.022388175256314195,-1.9979950784347702,0.20135891770069586,-0.9997493533924854,0.17906050988910208,8.979704409186398
0.9994748391338337,-0.06477478959979804,-0.9952768611523827,-0.032404412329145406,-1.995799816246411,0.29123139750368027,-0.9994748391338337,0.2590991583991922,8.957491750371444
0.9990999772383463,-0.08475843873066376,-0.9919095127205538,-0.04241739598721045,-1.9928030580706568,0.3808407372777523,-0.9990999772383463,0.33903375492265503,8.927185614484985
0.9986248053422938,-0.10470804960379021,-0.9876459316019487,-0.052426120923313106,-1.9890060073797367,0.4701059711501975,-0.9986248053422938,0.41883219841516084,8.888813384417539
0.9980493711531069,-0.12461561062756739,-0.9824899701245388,-0.06242958225783531,-1.9844101890364487,0.5589464441627178,-0.9980493711531069,0.49846244251026955,8.84240973112085
0.9973737324445874,-0.1444731270972402,-0.9764462869201336,-0.0724267756396256,-1.9790174486817893,0.6472818851466162,-0.9973737324445874,0.5778925083889608,8.788016582281202
0.9965979570511068,-0.1642726244055165,-0.9695203427151063,-0.08241669734683811,-1.9728299519937587,0.7350324792512534,-0.9965979570511068,0.657090497622066,8.725683084435957
0.9957221228607965,-0.184006151245097,-0.9617183953963953,-0.09239834438770492,-1.9658501838176443,0.8221189400601625,-0.9957221228607965,0.736024604980388,8.655465558567558
0.9947463178077272,-0.2036657828018553,-0.953047494357234,-0.10237071460123842,-1.958080947168127,0.9084625812297287,-0.9947463178077272,0.8146631312074212,8.577427449215106
0.9936706398630807,-0.22324362393737127,-0.9435154741277243,-0.11233280675784701,-1.9495253621036168,0.993985387585663,-0.9936706398630807,0.8929744957494851,8.49163926714952
0.9924951970253132,-0.24273181235955404,-0.9331309472960009,-0.1222836206598606,-1.9401868644732612,1.0786100856130598,-0.9924951970253132,0.9709272494382162,8.398178525664008
0.9912201073093126,-0.2621225217800672,-0.9219032967263922,-0.1322221572419491,-1.9300692045371413,1.1622602132763071,-0.9912201073093126,1.0484900871202687,8.29712967053753
0.9898454987345495,-0.28140796505730165,-0.9098426670815983,-0.14214741867143038,-1.9191764454601963,1.2448601891058266,-0.9898454987345495,1.1256318602292066,8.188584003734386
0.988371509312224,-0.3005803973236234,-0.8969599556565564,-0.15205840844845256,-1.9075129616804942,1.3263353804891491,-0.988371509312224,1.2023215892944936,8.072639600909007
0.9867982870314093,-0.31963211909564393,-0.8832668025322675,-0.16195413150604213,-1.8950834371524945,1.4066121711046793,-0.9867982870314093,1.2785284763825757,7.949401222790407
0.9851259898441939,-0.33855547936626973,-0.8687755800584842,-0.17183359431001063,-1.8818928634660108,1.4856180274372006,-0.9851259898441939,1.354221917465079,7.818980220526358
0.9833547856498226,-0.35734287867727693,-0.8534993816747658,-0.18169580495870413,-1.8679465378416342,1.563281564314993,-0.9833547856498226,1.4293715147091077,7.681494435072892
0.9814848522778399,-0.37598677217119186,-0.8374520100799925,-0.19153977328259217,-1.8532500610034128,1.639532609409408,-0.9814848522778399,1.5039470886847675,7.537068090719933
0.9795163774702355,-0.39447967262123707,-0.8206479647610392,-0.20136451094367952,-1.8378093349296512,1.7143022666385521,-0.9795163774702355,1.5779186904849483,7.385831682849353
0.9774495588625948,-0.4128141534381407,-0.8031024288918657,-0.21116903153473732,-1.8216305604827245,1.7875229784178641,-0.9774495588625948,1.6512566137525628,7.227921860026791
0.9752846039642568,-0.43098285165258693,-0.7848312556148729,-0.22095235067833696,-1.804720234918869,1.8591285867012637,-0.9752846039642568,1.7239314066103477,7.063481300533856
0.9730217301374794,-0.44897847087212456,-0.7658509537169064,-0.23071348612568388,-1.7870851492789355,1.9290543927577946,-0.9730217301374794,1.7959138834884982,6.892658583452158
0.9706611645756169,-0.46679378421133183,-0.7461786727128646,-0.2404514578552336,-1.7687323856611712,1.9972372156296831,-0.9706611645756169,1.8671751368453273,6.715608054415782
0.9682031442803087,-0.48442163719407416,-0.725832187350377,-0.25016528817108813,-1.7496693143771056,2.063615449219041,-0.9682031442803087,1.9376865487762966,6.532489686153394
0.9656479160376854,-0.5018549506266788,-0.7048298815495572,-0.25985400180115614,-1.7299035909916989,2.1281291179516186,-0.9656479160376854,2.0074198025067154,6.343468933946014
0.9629957363935905,-0.5190867234408767,-0.6831907317923483,-0.26951662599507004,-1.709443153248934,2.1907199309672882,-0.9629957363935905,2.076346893763507,6.148716586131135
0.9602468716278233,-0.5361100355053741,-0.6609342899764554,-0.27915219062185187,-1.688296217884085,2.251331334788344,-0.9602468716278233,2.1444401420214962,5.948408609788099
0.9574015977274047,-0.552918050404914,-0.6380806657493732,-0.28875972826731333,-1.6664712773239494,2.3099085644179795,-0.9574015977274047,2.211672201619656,5.742725991744359
0.9544602003588678,-0.5695040181857252,-0.6146505083384562,-0.2983382743311859,-1.6439770962763602,2.3663986928228082,-0.9544602003588678,2.2780160727429006,5.531854575046106
0.9514229748395765,-0.5858612780662419,-0.5906649878934608,-0.3078868671239658,-1.6208227082103577,2.4207506787547044,-0.9514229748395765,2.3434451122649675,5.315984891041147
0.948290226108076,-0.6019832611120195,-0.5661457763584048,-0.31740454796346906,-1.5970174117284235,2.4729154128687565,-0.948290226108076,2.407933044448078,5.095311987225643
0.9450622686934768,-0.6178634928737587,-0.541115027890045,-0.32689036127108245,-1.5725707668322448,2.5228457620956544,-0.9450622686934768,2.471453971495035,4.870035251010405
0.9417394266838753,-0.6334955959873921,-0.5155953588406418,-0.33634335466770526,-1.547492591083497,2.5704966122284443,-0.9417394266838753,2.5339823839495685,4.640358229565776
0.9383220336938165,-0.6488732927351748,-0.4896098273231241,-0.3457625790693669,-1.521792955661199,2.6158249086851333,-0.9383220336938165,2.595493170940699,4.406488445908117
0.9348104328307976,-0.6639904075667645,-0.4631819123770914,-0.35514708878251683,-1.4954821813172123,2.6587896954103583,-0.9348104328307976,2.655961630267058,4.168637211393823
0.9312049766608204,-0.6788408695792686,-0.43633549275449995,-0.36449594159897186,-1.4685708342315156,2.6993521518809267,-0.9312049766608204,2.7153634783170744,3.9270194347904996
0.9275060271729938,-0.6934187149552649,-0.4090948253441898,-0.3738081988905135,-1.4410697217689215,2.737475628181822,-0.9275060271729938,2.7736748598210594,3.681853428097708
0.9237139557431899,-0.7077180893578217,-0.3814845232547455,-0.38308292570312796,-1.412989888138927,2.773125678120971,-0.9237139557431899,2.8308723574312866,3.43336070929271
0.9198291430967575,-0.7217332502815464,-0.3535295335755012,-0.39231919085087463,-1.38434260996046,2.8062700903528506,-0.9198291430967575,2.886933001126186,3.1817658021795108
0.9158519792702968,-0.735458569358729,-0.3252551148357744,-0.40151606700937864,-1.3551393917332806,2.8368789174828213,-0.9158519792702968,2.941834277434916,2.9272960335219698
0.9117828635725008,-0.748888534619643,-0.2966868141827099,-0.4106726308089331,-1.3253919612178788,2.8649245031258728,-0.9117828635725008,2.995554138478572,2.6701813276443893
0.9076222045440633,-0.762017752706107,-0.26785044429833255,-0.41978796292720744,-1.295112264725702,2.890381506895357,-0.9076222045440633,3.048071010824428,2.410653998684993
0.9033704199166617,-0.7748409510374107,-0.23877206007669038,-0.4288611481815465,-1.2643124623216224,2.9132269272991076,-0.9033704199166617,3.0993638041496427,2.1489485406902133
0.8990279365710167,-0.7873529799277361,-0.2094779350821397,-0.43789127562085556,-1.2330049229405597,2.933440122522276,-0.8990279365710167,3.1494119197109445,1.8853014157392571
0.8945951904940335,-0.7995488146542284,-0.179994537810058,-0.44687743861705964,-1.2012022194202243,2.95100282907809,-0.8945951904940335,3.198195258616914,1.619950840290522
0.8900726267350278,-0.8114235574748823,-0.15034850777141895,-0.4558187349561312,-1.1689171234519689,2.9658991783097024,-0.8900726267350278,3.245694229899529,1.3531365699427704
0.8854606993610438,-0.82297243959543,-0.12056663142286476,-0.4647142669286701,-1.136162600451795,2.9781157107281926,-0.8854606993610438,3.29188975838172,1.0850996828057828
0.8807598714112645,-0.8341908230844503,-0.09067581796398959,-0.4735631414200357,-1.1029518043535491,2.987641388173797,-0.8807598714112645,3.336763292337801,0.8160823616759063
0.8759706148505239,-0.8450742027359202,-0.060703075023729715,-0.48236447000001487,-1.069298072326419,2.9944676037893565,-0.8759706148505239,3.3802968109436806,0.5463276752135674
0.8710934105219191,-0.8556182078784694,-0.030675484257808156,-0.49111736901202263,-1.0352149194188351,2.998588189796982,-0.8710934105219191,3.4224728315138777,0.2760793583202734
0.8661287480985367,-0.8658186041306007,-0.0006201768793105835,-0.49982095966181883,-1.000716033130954,2.999999423070902,-0.8661287480985367,3.463274416522403,0.005581591913795252
0.8610771260342868,-0.8756712951011836,0.029435690855533707,-0.5084743681057413,-0.9658152679178682,2.99870002850147,-0.8610771260342868,3.5026851804047343,-0.26492121769980337
0.8559390515138595,-0.8851723240345281,0.05946496218418859,-0.5170767255384393,-0.9305266396257821,2.994691180147278,-0.8559390515138595,3.5406892961381122,-0.5351846596576973
0.8507150404018025,-0.8943178753993856,0.08944050437511161,-0.5256271682801029,-0.8948643198633612,2.9879765001743457,-0.8507150404018025,3.5772715015975423,-0.8049645393760045
0.8454056171907285,-0.9031042764212313,0.11933523324333256,-0.5341248378631754,-0.8588426303105462,2.978562055583337,-0.8454056171907285,3.612417105684925,-1.074017099189993
0.8400113149486567,-0.9115279985572191,0.14912213762217616,-0.5425688811185441,-0.8224760369670849,2.9664563527277688,-0.8400113149486567,3.6461119942288764,-1.3420992385995854
0.8345326752654906,-0.919585658913216,0.17877430376900955,-0.5509584502611999,-0.7857791443431074,2.95167032962815,-0.8345326752654906,3.678342635652864,-1.6089687339210859
0.8289702481986446,-0.9272740216023401,0.20826493968295506,-0.559292702975354,-0.7487666895940897,2.934217346089021,-0.8289702481986446,3.7090960864093603,-1.8743844571465955
0.8233245922178162,-0.9345899990444672,0.23756739931261286,-0.5675708024990069,-0.7114535366025331,2.9141131716277893,-0.8233245922178162,3.7383599961778686,-2.1381065938135158
0.8175962741489164,-0.9415306532061747,0.26665520663190606,-0.5757919177079597,-0.6738546700087608,2.891375971226305,-0.8175962741489164,3.7661226128246987,-2.3998968596871544
0.8117858691171596,-0.9480931967806329,0.29550207956230984,-0.5839552231992603,-0.6359851891932082,2.8660262889180124,-0.8117858691171596,3.7923727871225315,-2.6595187160607887
0.8058939604893209,-0.9542749943069602,0.32408195371982385,-0.5920598993740724,-0.5978603022126528,2.8380870292255445,-0.8058939604893209,3.8170999772278407,-2.9167375834784144
0.7999211398151668,-0.9600735632286037,0.352369005965265,-0.6001051325199647,-0.5594953196927827,2.8075834364655057,-0.7999211398151668,3.840294252914415,-3.171321053687385
0.7938680067680622,-0.9654865748903116,0.3803376777365756,-0.6080901148926069,-0.5209056486795844,2.7745430719391506,-0.7938680067680622,3.8619462995612466,-3.4230390996291806
0.787735169084763,-0.9705118554733019,0.40796269814208413,-0.6160140447968697,-0.4821067864520006,2.7389957890295626,-0.787735169084763,3.8820474218932075,-3.671664283278757
0.7815232425044001,-0.975147386868248,0.4352191067938274,-0.6238761266673126,-0.4431143142983653,2.7009737062278574,-0.7815232425044001,3.900589547472992,-3.916971961144447
0.7752328507066584,-0.9793913074857344,0.4620822763603348,-0.63167557114806,-0.4039438912590886,2.6605111781127437,-0.7752328507066584,3.9175652299429378,-4.158740487243013
0.7688646252491586,-0.9832419130038563,0.4885279348184775,-0.6394115951720543,-0.3646112478381159,2.6176447643096914,-0.7688646252491586,3.9329676520154253,-4.396751413366298
0.7624192055040494,-0.9866976570526585,0.5145321873842755,-0.6470834220396734,-0.3251321796857035,2.5724131964577492,-0.7624192055040494,3.946790628210634,-4.630789686458479
0.7558972385938142,-0.9897571518351457,0.5400715381028601,-0.6546902814967137,-0.28552254125501486,2.5248573432138492,-0.7558972385938142,3.9590286073405827,-4.860643842925741
0.7492993793262998,-0.9924191686846087,0.5651229110780732,-0.6622314098117228,-0.2457982394351124,2.475020173326229,-0.7492993793262998,3.9696766747384347,-5.086106199702659
0.7426262901289721,-0.9946826385580477,0.5896636713225298,-0.6697060498526796,-0.2059752271628811,2.4229467168103223,-0.7426262901289721,3.978730554232191,-5.3069730419027685
0.7358786409824104,-0.9965466524654897,0.613671645209293,-0.677113451163009,-0.1660694970164773,2.3686840242622225,-0.7358786409824104,3.9861866098619587,-5.523044806883637
0.7290571093530397,-0.9980104618350312,0.6371251405066979,-0.6844528700369296,-0.12609707479284016,2.31228112434645,-0.7290571093530397,3.9920418473401247,-5.734126264560281
0.7221623801251131,-0.9990734788134583,0.6600029659782088,-0.6917235695941202,-0.08607401307187346,2.2537889794964627,-0.7221623801251131,3.9962939152538333,-5.94002669380388
0.7151951455319486,-0.9997352765023239,0.6822844505296138,-0.6989248198537056,-0.0460163847698609,2.193260439867898,-0.7151951455319486,3.9989411060092954,-6.1405600547665244
0.7081561050864301,-0.9999955891293857,0.7039494618862344,-0.706055897807544,-0.005940276684732194,2.1307501955862236,-0.7081561050864301,3.9999823565175427,-6.33554515697611
0.7010459655107749,-0.9998543121553386,0.7249784247833015,-0.7131160874928186,0.03413821696426144,2.066314727331852,-0.7010459655107749,3.9994172486213544,-6.524805823049714
0.6938654406655781,-0.9993115023157965,0.7453523386530487,-0.7201046800639217,0.07420300099985228,2.0000122553074218,-0.6938654406655781,3.997246009263186,-6.708171047877439
0.6866152514781423,-0.9983673775985077,0.7650527947925297,-0.7270209738636206,0.1142379857504297,1.9319026866333755,-0.6866152514781423,3.9934695103940308,-6.885475153132767
0.6792961258700949,-0.9970223171558134,0.7840619929966754,-0.7338642744935062,0.15422709351152067,1.8620475612192968,-0.6792961258700949,3.9880892686232534,-7.056557936970079
0.6719087986843055,-0.9952768611523827,0.8023627576415384,-0.7406338948837093,0.1941542650024535,1.790509996159975,-0.6719087986843055,3.9811074446095307,-7.221264818773846
0.6644540116111058,-0.9931317105482877,0.8199385532032059,-0.7473291553618849,0.23400346581563358,1.7173546287064014,-0.6644540116111058,3.972526842193151,-7.379446978828852
0.6569325131138257,-0.9905877268175036,0.8367734991983506,-0.7539493837214493,0.2737586928558125,1.6426475578632598,-0.6569325131138257,3.9623509072700145,-7.530961492785156
0.6493450583536461,-0.9876459316019486,0.8528523845329288,-0.7604939152890705,0.3134039807668001,1.5664562846656387,-0.6493450583536461,3.9505837264077943,-7.675671460796359
0.6416924091137806,-0.9843075063012007,0.8681606812460534,-0.7669620929914024,0.35292340834301017,1.4888496511889626,-0.6416924091137806,3.9372300252048027,-7.81344613121448
0.6339753337229914,-0.9805737915980582,0.8826845576366305,-0.7733532674210549,0.3923011049232864,1.4098977783472226,-0.6339753337229914,3.922295166392233,-7.944161018729674
0.6261946069784511,-0.9764462869201334,0.8964108907608899,-0.7796667969017939,0.4315212567644125,1.3296720025357422,-0.6261946069784511,3.9057851476805334,-8.06769801684801
0.6183510100679508,-0.971926649837695,0.909327278289528,-0.7859020475529663,0.47056811339178,1.24824481117569,-0.6183510100679508,3.88770659935078,-8.183945504605752
0.6104453304914682,-0.9670166953980014,0.921422049713745,-0.792058393353143,0.5094259939246486,1.1656897772185737,-0.6104453304914682,3.8680667815920056,-8.292798447423705
0.6024783619821044,-0.9617183953963953,0.9326842768900447,-0.7981352162029692,0.5480792933734416,1.0820814926699602,-0.6024783619821044,3.846873581585581,-8.394158492010403
0.594450904426391,-0.9560338775844459,0.9431037839142828,-0.8041319059872241,0.586512488906583,0.9974955011923886,-0.594450904426391,3.8241355103377836,-8.487934055228546
0.5863637637839825,-0.9499654248154636,0.9526711563160304,-0.810047860636075,0.624710146084328,0.9120082298484469,-0.5863637637839825,3.7998616992618546,-8.574040406844274
0.5782177520067356,-0.9435154741277243,0.9613777495649528,-0.8158824861855273,0.6626569250571087,0.8256969200456318,-0.5782177520067356,3.774061896510897,-8.652399746084575
0.5700136869571917,-0.936686615765777,0.9692156968815094,-0.8216351968370565,0.7003375867258745,0.7386395577454615,-0.5700136869571917,3.746746463063108,-8.722941271933585
0.5617523923264612,-0.9294815921402241,0.976177916344928,-0.8273054150164241,0.7377369988619904,0.6509148029998032,-0.5617523923264612,3.7179263685608963,-8.785601247104353
0.5534346975515257,-0.9219032967263922,0.9822581172920224,-0.832892571431665,0.7748401421842047,0.5626019188781574,-0.5534346975515257,3.6876131869055686,-8.840323055628202
0.5450614377319608,-0.913954772902337,0.9874508060010762,-0.8383961051302468,0.8116321163902711,0.473780699850073,-0.5450614377319608,3.655819091609348,-8.887057254009685
0.5366334535460936,-0.9056392127266504,0.9917512906556548,-0.843815463555387,0.8480981461407704,0.3845313996874456,-0.5366334535460936,3.6225568509066015,-8.925761615900893
0.5281515911665976,-0.8969599556565567,0.9951556855838627,-0.8491501026015313,0.8842235869927645,0.2949346589517926,-0.5281515911665976,3.587839822626227,-8.956401170254765
0.5196167021755355,-0.8879204872068142,0.9976609147692144,-0.8543994866689826,0.9199939312808836,0.20507143213204776,-0.5196167021755355,3.5516819488272566,-8.97894823292293
0.5110296434788618,-0.8785244375499641,0.9992647146299466,-0.8595630887176737,0.9553948139434696,0.11502291449873193,-0.5110296434788618,3.5140977501998565,-8.99338243166952
0.5023912772203885,-0.8687755800584842,0.9999656360642614,-0.8646403903200838,0.9904120182914671,0.024870468740541773,-0.5023912772203885,3.475102320233937,-8.999690724578352
0.4937024706952255,-0.858677829789435,0.9997630457596517,-0.8696308817132876,1.0250314817177202,-0.06530444855031299,-0.4937024706952255,3.43471131915774,-8.997867411836864
0.4849640962627027,-0.8482352419122049,0.9986571267651263,-0.8745340618501374,1.0592393013444,-0.15542036047764737,-0.4849640962627027,3.3929409676488196,-8.987914140886136
0.4761770312587872,-0.8374520100799925,0.996648878325817,-0.8793494384495665,1.093021739606272,-0.24539584345913104,-0.4761770312587872,3.34980804031997,-8.969839904932353
0.4673421579079966,-0.8263324647456687,0.9937401149801179,-0.8840765280460154,1.1263652297675886,-0.3351496007960003,-0.4673421579079966,3.3053298589826747,-8.943661034821062
0.4584603632348243,-0.8148810714227064,0.9899334649201731,-0.8887148560379718,1.1592563813703718,-0.42460053612809334,-0.4584603632348243,3.2595242856908255,-8.909401184281558
0.4495325389746805,-0.8031024288918657,0.9852323676171909,-0.893263956735621,1.1916819856119094,-0.5136678267079027,-0.4495325389746805,3.2124097155674627,-8.867091308554718
0.4405595814843635,-0.791001267354367,0.9796410707137363,-0.8977233734076007,1.22362902064929,-0.6022709964273543,-0.4405595814843635,3.164005069417468,-8.816769636423627
0.43154239165206465,-0.7785824465322815,0.9731646261858037,-0.9020926583268573,1.2550846568288643,-0.6903299885314301,-0.43154239165206465,3.114329786129126,-8.758481635672233
0.42248187480691707,-0.7658509537169064,0.9658088857781387,-0.9063713728155984,1.2860362618385297,-0.7777652379528881,-0.42248187480691707,3.0634038148676255,-8.692279972003249
0.41337894062810304,-0.7528119017659156,0.9575804957169389,-0.9105590872893352,1.316471405780749,-0.8644977432026726,-0.41337894062810304,3.0112476070636625,-8.618224461452451
0.4042345030535201,-0.739470527050078,0.9484868907047028,-0.9146553813000138,1.3463778661642947,-0.9504491377511617,-0.4042345030535201,2.957882108200312,-8.536382016342326
0.3950494801880221,-0.725832187350377,0.9385362872026579,-0.9186598435782275,1.375743632812694,-1.0355417608356747,-0.3950494801880221,2.903328749401508,-8.44682658482392
0.3858247942112399,-0.7119023597063697,0.927737676006837,-0.9225720720745098,1.4045569126874176,-1.1196987276302934,-0.3858247942112399,2.847609438825479,-8.349639084061533
0.37656137128499595,-0.6976866382166587,0.9161008141245086,-0.9263916739996984,1.4328061346238536,-1.2028439987145931,-0.37656137128499595,2.7907465528666346,-8.244907327120577
0.3672601414603165,-0.6831907317923477,0.903636215958304,-0.930118265864373,1.4604799539781934,-1.2849024487785117,-0.3672601414603165,2.7327629271693907,-8.132725943624736
0.3579220385840542,-0.6684204618643936,0.890355143806005,-0.9337514735173567,1.4875672571833394,-1.365799934501277,-0.3579220385840542,2.6736818474575745,-8.013196294254046
0.3485480002051285,-0.6533817600457673,0.876269597684573,-0.937290932183282,1.514057166212023,-1.4454633615430899,-0.3485480002051285,2.6135270401830692,-7.886426379161157
0.33913896748039746,-0.6380806657493732,0.8613923044876246,-0.9407362864992133,1.5399390429453197,-1.5238207505889578,-0.33913896748039746,2.5523226629974927,-7.752530740388622
0.32969588508016423,-0.6225233237626706,0.8457367064861372,-0.9440871905503257,1.5652024934448285,-1.6008013023851002,-0.32969588508016423,2.4900932950506824,-7.611630358375235
0.3202197010933304,-0.6067159817799789,0.8293169491827781,-0.9473433079046361,1.5898373721267924,-1.676335461709119,-0.3202197010933304,2.4268639271199155,-7.463852542645003
0.3107113669322103,-0.5906649878934608,0.812147868530844,-0.9505043116467791,1.6138337858364695,-1.7503549802160883,-0.3107113669322103,2.362659951573843,-7.309330816777596
0.30117183723700686,-0.5743767880437806,0.794244977529338,-0.9535698844108311,1.6371820978211433,-1.8227929781038745,-0.30117183723700686,2.2975071521751222,-7.148204797764042
0.2916020697799665,-0.557857923431472,0.7756244522063128,-0.9565397184121732,1.6598729316001581,-1.893584004541894,-0.2916020697799665,2.231431693725888,-6.9806200698568155
0.28200302536921645,-0.541115027890045,0.7563031170031366,-0.9594135154783933,1.6818971747304363,-1.962664096808738,-0.28200302536921645,2.16446011156018,-6.8067280530282295
0.27237566775230226,-0.5241548252218998,0.7362984295728908,-0.9621909870792219,1.7032459824659498,-2.02997083808523,-0.27237566775230226,2.0966193008875993,-6.626685866156017
0.2627209635194251,-0.5069841264981036,0.7156284650066337,-0.9648718543555019,1.7239107813096997,-2.0954434138506923,-0.2627209635194251,2.0279365059924146,-6.440656185059703
0.25303988200639665,-0.4896098273231241,0.6943118995017825,-0.9674558481471849,1.7438832724567555,-2.1590226668314623,-0.25303988200639665,1.9584393092924963,-6.248807095516042
0.24333339519731598,-0.472038905065611,0.6723679934873664,-0.969942709020356,1.7631554351269874,-2.2206511504520368,-0.24333339519731598,1.888155620262444,-6.051311941386298
0.23360247762698433,-0.4542784160563504,0.6498165742214111,-0.9723321872932801,1.7817195297861372,-2.280273180740488,-0.23360247762698433,1.8171136642254015,-5.8483491679927
0.2238481062830602,-0.43633549275449995,0.6266780178761595,-0.9746240430614709,1.799568101253951,-2.3378348866413283,-0.2238481062830602,1.7453419710179998,-5.640102160885435
0.2140712605079683,-0.41821734088325324,0.6029732311273244,-0.9768180462217769,1.8166939816981182,-2.393284258690319,-0.2140712605079683,1.672869363533013,-5.426759080145919
0.20427292190057555,-0.39993123653608775,0.5787236322640199,-0.9789139764954842,1.8330902935128055,-2.4465711960072314,-0.20427292190057555,1.599724946144351,-5.208512690376179
0.19445407421763666,-0.3814845232547455,0.5539511318364162,-0.9809116234504319,1.8487504520806475,-2.4976475515641474,-0.19445407421763666,1.525938093018982,-4.985560186527746
0.18461570327502547,-0.36288460908013165,0.528678112858622,-0.9828107865221402,1.863668168417071,-2.5464671756883526,-0.18461570327502547,1.4515384363205266,-4.758103015727598
0.17475879684875675,-0.34413896357730583,0.5029274105846679,-0.9846112750339471,1.8778374516958998,-2.592985957760552,-0.17475879684875675,1.3765558543092233,-4.526346695262012
0.164884344575816,-0.3252551148357744,0.47672229187588666,-0.986312908216152,1.8912526116552142,-2.6371618660706853,-0.164884344575816,1.3010204593430976,-4.29050062688298
0.15499333785479757,-0.306240646446271,0.4500864341783016,-0.9879155152241657,1.9039082608825142,-2.6789549857953854,-0.15499333785479757,1.224962585785084,-4.050777907604714
0.1450867697463689,-0.28710319445525406,0.4230439041290448,-0.989418935155662,1.9157993169782566,-2.7183275550627264,-0.1450867697463689,1.1484127778210163,-3.807395137161403
0.135165634873565,-0.26785044429833255,0.3956191358111141,-0.9908230170667344,1.9269210045969045,-2.7552439990716984,-0.135165634873565,1.0714017771933302,-3.560572222300027
0.12523092932193072,-0.24849012771386683,0.36783690867614305,-0.9921276199870487,1.9372688573646624,-2.7896709622355482,-0.12523092932193072,0.9939605108554673,-3.310532178085287
0.1152836505395119,-0.22903001963796651,0.3397223251550999,-0.9933326129339979,1.9468387196731347,-2.821577338319989,-0.1152836505395119,0.9161200785518661,-3.057500926395899
0.10532479723671007,-0.20947793508214058,0.3113007879771687,-0.9944378749258527,1.9556267483481837,-2.850934298549012,-0.10532479723671007,0.8379117403285623,-2.801707091794518
0.09535536928601408,-0.18984172599486143,0.2825979772172964,-0.9954432949939077,1.9636294141933115,-2.8777153176529175,-0.09535536928601408,0.7593669039794457,-2.5433817949556676
0.08537636762161088,-0.17012927810828674,0.2536398270931464,-0.9963487721936227,1.9708435034069582,-2.9018961978350344,-0.08537636762161088,0.6805171124331469,-2.282758443838318
0.07538879413889213,-0.15034850777141895,0.22445250253242513,-0.9971542156147583,1.977266118873135,-2.9234550906354597,-0.07538879413889213,0.6013940310856758,-2.020072522791826
0.0653936515938619,-0.13050735877096456,0.1950623755317431,-0.9978595443905022,1.9828946813248824,-2.942372516672085,-0.0653936515938619,0.5220294350838582,-1.755561379785688
0.055391943502462154,-0.11061379914118305,0.1654960013283981,-0.9984646877055894,1.9877269303800802,-2.9586313832410416,-0.055391943502462154,0.4424551965647322,-1.4894640119555829
0.045384674039817656,-0.09067581796398959,0.13578009440657507,-0.998969584803411,1.991760925449198,-2.972216999760696,-0.045384674039817656,0.36270327185595835,-1.2220208496591756
0.03537284793941732,-0.07070142216061043,0.10594150435967019,-0.9993741849921154,1.9949950465146193,-2.983117091045219,-0.03537284793941732,0.2828056886424417,-0.9534735392370317
0.025357470392236806,-0.05069863327606886,0.07600719163052716,-0.9996784476496964,1.9974279947812272,-2.9913218083957407,-0.025357470392236806,0.20279453310427545,-0.6840647246747444
0.01533954694581965,-0.030675484257807268,0.04600420315153421,-0.9998823422280728,1.999058793197988,-2.996823738499068,-0.01533954694581965,0.12270193703122907,-0.41403782836380787
0.005320083403318604,-0.01064001622972209,0.01595964790655631,-0.9999858482561549,1.999886786850327,-2.999617910125936,-0.005320083403318604,0.04256006491888836,-0.14363683115900677
-0.0046999142774887155,0.009399724737084841,-0.014099327563189943,-0.9999889553418999,1.999911643223137,-2.9997017986227217,0.0046999142774887155,-0.037598898948339364,0.1268939480687095
-0.014719440085195672,0.029435690855533707,-0.04414556368719785,-0.9998916631733552,1.9991333523343133,-2.9970753281925795,0.014719440085195672,-0.11774276342213483,0.3973100731847807
-0.02473748805577231,0.0494598358544921,-0.0741519124055047,-0.9996939815186898,1.997552226738762,-2.9917408719639234,0.02473748805577231,-0.1978393434179684,0.6673672116495423
-0.0347530523735636,0.06946411821008634,-0.10409126169812374,-0.9993959302252138,1.9951689014028813,-2.9837032498462097,0.0347530523735636,-0.27785647284034537,0.9368213552831137
-0.04476512747227552,0.08944050437511161,-0.13393656008192145,-0.9989975392173851,1.9919843334495637,-2.9729697241749364,0.04476512747227552,-0.35776201750044645,1.2054290407372932
-0.05477270813593153,0.10938097200522988,-0.1636608410527794,-0.9984988484938058,1.9879998017738243,-2.9595499931498153,0.05477270813593153,-0.4375238880209195,1.4729475694750145
-0.06477478959979804,0.12927751318067687,-0.19323724745098983,-0.9978999081232055,1.9832169065292076,-2.9434561820720355,0.06477478959979804,-0.5171100527227075,1.7391352270589084
-0.07477036765126445,0.14912213762217616,-0.22263905572785395,-0.9972007782394149,1.977637568485179,-2.9247028323885296,0.07477036765126445,-0.5964885504887046,2.0037515015506857
-0.08475843873066376,0.16890687589976114,-0.25183970009154116,-0.9964015290353284,1.9712640282557612,-2.9033068885531588,0.08475843873066376,-0.6756275035990446,2.2665573008238704
-0.09473800003203217,0.1886237826332328,-0.28081279651042546,-0.9955022407558562,1.9640988453997228,-2.879287682716673,0.09473800003203217,-0.7544951305329312,2.5273151685938293
-0.10470804960379021,0.20826493968295418,-0.30953216655218374,-0.9945030036898683,1.956144897392681,-2.8526669172592864,0.10470804960379021,-0.8330597587318167,2.7857894989696534
-0.1146675864493409,0.22782245932971043,-0.3379718610371363,-0.9934039181611289,1.9474053784715317,-2.823468645181641,0.1146675864493409,-0.9112898373188417,3.0417467493342265
-0.12461561062756739,0.2472884874423435,-0.3661061834844305,-0.9922050945182244,1.9378837983516741,-2.7917192483719027,0.12461561062756739,-0.989153949769374,3.294955651359875
-0.1345511233532293,0.2666552066319069,-0.39390971332991803,-0.9909066531234837,1.9275839808175363,-2.7574474137685883,0.1345511233532293,-1.0666208265276276,3.5451874199692623
-0.1444731270972402,0.28591483939106016,-0.42135732889471844,-0.9895087243408947,1.9165100621869788,-2.7206841074406953,0.1444731270972402,-1.1436593575642406,3.792215960052466
-0.1543806256868216,0.3050596512174518,-0.448424230083738,-0.9880114485230146,1.904666489650182,-2.6814625466085222,0.1543806256868216,-1.2202386048698073,4.035818070753642
-0.1642726244055165,0.32408195371982385,-0.4750859607936063,-0.9864149759968793,1.8920580194836965,-2.639818169630504,0.1642726244055165,-1.2963278148792954,4.275773647142457
-0.17414813009306052,0.3429741077056058,-0.5013184310098194,-0.9847194670489106,1.8786897151403619,-2.5957886039831277,0.17414813009306052,-1.3718964308224233,4.511865879088375
-0.184006151245097,0.3617285262487512,-0.5270979385730965,-0.9829250919088222,1.864566945215866,-2.5494136322629033,0.184006151245097,-1.4469141049950047,4.743881447157868
-0.1938456981127216,0.38033767773657645,-0.552401190595295,-0.98103203073253,1.8496953812927663,-2.500735156241081,0.1938456981127216,-1.5213507109463058,4.971610715357655
-0.2036657828018553,0.3987940888943949,-0.5772053245055321,-0.9790404735840635,1.83408099566283,-2.4497971590036123,0.2036657828018553,-1.5951763555775795,5.194847920549789
-0.21346541937242847,0.41709034778671794,-0.601487928707494,-0.9769506204164842,1.817730058928613,-2.3966456652105492,0.21346541937242847,-1.6683613911468718,5.413391358367446
-0.22324362393737127,0.4352191067938274,-0.6252270628292778,-0.9747626810518084,1.8006491374852382,-2.341328699510786,0.22324362393737127,-1.7408764271753097,5.6270435654635
-0.23299941476139374,0.4531730855625115,-0.6484012775474479,-0.9724768751599433,1.7828450908833922,-2.2838962431497487,0.23299941476139374,-1.812692342250046,5.835611497927031
-0.24273181235955404,0.4709450739297952,-0.6709896339674234,-0.9700934322366306,1.764325069074585,-2.2244001888091915,0.24273181235955404,-1.8837802957191807,6.03890670570681
-0.2524398395955983,0.4885279348184775,-0.6929717225426621,-0.9676125915804055,1.7450965095397943,-2.162894293719945,0.2524398395955983,-1.95411173927391,6.236745502883959
-0.2621225217800672,0.5059146071033237,-0.7143276815155648,-0.9650346022685706,1.725167134302633,-2.099434131089942,0.2621225217800672,-2.023658428413295,6.428949133640083
-0.2717788867681524,0.5230981084467474,-0.7350382148634147,-0.9623597231321892,1.7045449468282552,-2.034077039891469,0.2717788867681524,-2.0923924337869897,6.615343933770732
-0.28140796505730165,0.5400715381028593,-0.7550846097331655,-0.9595882227300981,1.683238228809234,-1.9668820730529366,0.28140796505730165,-2.1602861524114374,6.795761487598489
-0.29100878988455864,0.5568280796887498,-0.7744487533493029,-0.9567203793219442,1.6612555368396993,-1.8979099441020366,0.29100878988455864,-2.2273123187549992,6.970038780143725
-0.3005803973236234,0.5733610039218846,-0.7931131493795126,-0.9537564808402471,1.638605698979091,-1.8272229723084694,0.3005803973236234,-2.2934440156875384,7.138018344415613
-0.3101218263816328,0.5896636713225298,-0.8110609337433654,-0.950696824861491,1.6152978112068814,-1.75488502637582,0.3101218263816328,-2.3586546852901193,7.299548403690289
-0.31963211909564393,0.6057295348801084,-0.8282758898497339,-0.9475417185762472,1.5913412337697124,-1.6809614667334538,0.31963211909564393,-2.4229181395204336,7.454483008647605
-0.3291103206288151,0.6215521426824255,-0.8447424632491808,-0.9442914787583326,1.5667455874223941,-1.6055190864805562,0.3291103206288151,-2.486208570729702,7.602682169242627
-0.33855547936626973,0.6371251405066972,-0.8604457756880634,-0.9409464317330054,1.5415207495643013,-1.528626051035734,0.33855547936626973,-2.548500562026789,7.74401198119257
-0.3479666470106403,0.6524422743713535,-0.8753716385516767,-0.9375069133442017,1.5156768502726898,-1.4503518365466275,0.3479666470106403,-2.609769097485414,7.87834474696509
-0.35734287867727693,0.6674973930475826,-0.8895065656842714,-0.9339732689208171,1.4892242682345478,-1.3707671671152455,0.35734287867727693,-2.6699895721903304,8.005559091158442
-0.366683232989116,0.6822844505296138,-0.902837785574377,-0.9303458532420348,1.4621736265785987,-1.2899439508956962,0.366683232989116,-2.7291378021184554,8.125540070169393
-0.37598677217119186,0.6967975084627375,-0.9153532528944025,-0.9266250305017064,1.434535788609153,-1.2079552151221187,0.37598677217119186,-2.78719003385095,8.238179276049623
-0.3852525621447914,0.7110307385280988,-0.9270416593841094,-0.9228111742717866,1.4063218534434945,-1.1248750401254408,0.3852525621447914,-2.8441229541123954,8.343374934456985
-0.39447967262123707,0.7249784247833022,-0.9378924440681095,-0.9189046674648256,1.3775431515545664,-1.0407784923986145,0.39447967262123707,-2.899913699133209,8.441031996612985
-0.4036671771952855,0.738634965957881,-0.9478958027981544,-0.9149059022955257,1.34821124022076,-0.9557415567708567,0.4036671771952855,-2.954539863831524,8.53106222518339
-0.4128141534381407,0.7519948777027217,-0.9570426971116058,-0.9108152802413623,1.318337898884605,-0.8698410677520849,0.4128141534381407,-3.0079795108108867,8.613384274004453
-0.42191968299006555,0.7650527947925297,-0.9653248623980718,-0.9066332120022753,1.2879351244222503,-0.7831546401096615,0.42191968299006555,-3.060211179170119,8.687923761582645
-0.43098285165258693,0.7778034732804606,-0.9727348153668379,-0.9023601174594345,1.257015126325617,-0.6957605987401081,0.43098285165258693,-3.1112138931218425,8.75461333830154
-0.4400027494802792,0.7902417926040398,-0.9792658608083378,-0.8979964256330838,1.2255903217991788,-0.6077379078992418,0.4400027494802792,-3.1609671704161593,8.81339274727504
-0.44897847087212456,0.8023627576415389,-0.9849120976435632,-0.8935425746394677,1.1936733307733152,-0.5191660998545707,0.44897847087212456,-3.2094510305661554,8.86420887879207
-0.45790911466243517,0.8141615007179721,-0.9896684242559413,-0.8889990116468436,1.1612769708362594,-0.43012520302449253,0.45790911466243517,-3.2566460028718884,8.90701581830347
-0.46679378421133183,0.8256332835599149,-0.9935305431008629,-0.8843661928305856,1.1284142520866582,-0.34069566966919396,0.46679378421133183,-3.3025331342396598,8.941774887907766
-0.47563158749476475,0.8367734991983506,-0.9964949645886986,-0.8796445833273857,1.0950983719088399,-0.25095830319859114,0.47563158749476475,-3.3470939967934026,8.968454681298287
-0.48442163719407416,0.8475776738187908,-0.9985590102377916,-0.8748346571885528,1.0613427096728512,-0.16099418516299688,0.48442163719407416,-3.390310695275163,8.987031092140125
-0.4931630507850787,0.8580414685579221,-0.9997208150945817,-0.869936897332418,1.0271608213614154,-0.0708846019924494,0.4931630507850787,-3.4321658742316883,8.997487335851234
-0.5018549506266788,0.8681606812460534,-0.9999793294186687,-0.8649517954958494,0.9925664341259751,0.01928902844902351,0.5018549506266788,-3.4726427249842136,8.999813964768018
-0.5104964640489736,0.8779312480946729,-0.9993343196312996,-0.8598798521848823,0.95757344077398,0.10944523042794974,0.5104964640489736,-3.5117249923786917,8.994008876681697
-0.5190867234408767,0.8873492453284297,-0.9977863685264163,-0.854721576624467,0.922195894189659,0.19950254395821337,0.5190867234408767,-3.549396981313719,8.980077316737747
-0.5276248663372263,0.8964108907608895,-0.9953368747440758,-0.849477486707343,0.8864480016904965,0.28937959840365923,0.5276248663372263,-3.585643563043558,8.958031872696683
-0.5361100355053741,0.9051125453134257,-0.9919880515067201,-0.8441481089420425,0.8503441193217061,0.3789951859999121,0.5361100355053741,-3.6204501812537027,8.92789246356048
-0.5445413790312542,0.9134507144766437,-0.9877429246194341,-0.8387339784000288,0.8138987460909599,0.46826833522908806,0.5445413790312542,-3.653802857906575,8.889686321574906
-0.552918050404914,0.921422049713745,-0.9826053297360021,-0.8332356386619747,0.7771265181457158,0.5571183839810204,0.552918050404914,-3.68568819885498,8.84344796762402
-0.5612392086055064,0.929023349805272,-0.9765799088932295,-0.8276536417631865,0.7400422028954599,0.645465052434927,0.5612392086055064,-3.716093399221088,8.789219180039066
-0.5695040181857252,0.936251562134688,-0.969672106316665,-0.8219885481381801,0.7026606930812527,0.7332285155956639,0.5695040181857252,-3.745006248538752,8.727048956849986
-0.5777116493556869,0.9431037839142826,-0.9618881635015093,-0.8162409265644133,0.6649970007949274,0.8203294754190188,0.5777116493556869,-3.7724151356571305,8.656993471513584
-0.5858612780662419,0.9495772633509076,-0.9532351135731562,-0.8104113541051788,0.6270662514503584,0.9066892324609073,0.5858612780662419,-3.7983090534036306,8.579116022158406
-0.5939520860917075,0.9556694007510711,-0.9437207749324646,-0.8045004160516692,0.5888836777092358,0.9922297569856572,0.5939520860917075,-3.8226776030042844,8.493486974392182
-0.6019832611120195,0.961377749564953,-0.9333537441914982,-0.7985087058642117,0.5504646133637529,1.0768737594692346,0.6019832611120195,-3.845510998259812,8.400183697723484
-0.6099539967942887,0.9667000173689185,-0.9221433884061186,-0.7924368251126854,0.5118244871786911,1.1605447604336252,0.6099539967942887,-3.866800069475674,8.299290495655068
-0.6178634928737587,0.9716340667861361,-0.9100998366124478,-0.7862853834161224,0.47297881669535446,1.2431671595493352,0.6178634928737587,-3.8865362671445443,8.19089852951203
-0.6257109552341503,0.976177916344928,-0.897233970674854,-0.7800549983815034,0.4339432019998688,1.324666303943494,0.6257109552341503,-3.904711665379712,8.075105736073686
-0.6334955959873921,0.9803297412745137,-0.8835574154537192,-0.7737462955417485,0.39473331945831514,1.4049685556519387,0.6334955959873921,-3.9213189650980547,7.952016739083473
-0.6412166335527253,0.9840878742378212,-0.8690825283018819,-0.7673599082929143,0.35536491542123977,1.4840013581542566,0.6412166335527253,-3.9363514969512847,7.821742754716937
-0.6488732927351748,0.9874508060010762,-0.8538223878992366,-0.7608964778305995,0.31585379990004864,1.5616933019317238,0.6488732927351748,-3.9498032240043046,7.684401491093129
-0.6564648048033775,0.9904171860398961,-0.837790782435592,-0.7543566530855703,0.27621584021785367,1.6379741889888333,0.6564648048033775,-3.9616687441595846,7.540117041920328
-0.6639904075667645,0.99298582308165,-0.8210021971524493,-0.7477410906586062,0.23646695463728767,1.7127750962802026,0.6639904075667645,-3.9719432923266,7.389019774372043
-0.6714493454520859,0.9951556855838627,-0.8034718012549633,-0.7410504547545771,0.19662310596786176,1.786028437985505,0.6714493454520859,-3.9806227423354508,7.231246211294669
-0.6788408695792686,0.996925902148474,-0.7852154342059227,-0.7342854171157578,0.15670029515544961,1.8576680265761265,0.6788408695792686,-3.987703608593896,7.066938907853304
-0.686164237836606,0.9982957618717841,-0.7662495914141134,-0.7274466569543843,0.1167145548564385,1.9276291326184447,0.686164237836606,-3.9931830474871366,6.896246322727021
-0.6934187149552649,0.9992647146299466,-0.7465914093300124,-0.7205348608844607,0.0766819429991564,1.995848543259641,0.6934187149552649,-3.9970588585197864,6.719322683970112
-0.7006035725831086,0.9998323712998934,-0.7262586499622713,-0.713550722852822,0.03661853633513931,2.062264619343214,0.7006035725831086,-3.9993294851995738,6.536327849660442
-0.7077180893578217,0.9999985039156035,-0.705269684828981,-0.7064949440694634,-0.0034595760171426864,2.126817351102597,0.7077180893578217,-3.999994015662414,6.347427163460829
-0.714761550979336,0.9997630457596517,-0.6836434783582197,-0.6993682329371373,-0.04353629903354377,2.18944841238255,0.714761550979336,-3.9990521830386068,6.152791305223977
-0.7217332502815464,0.999126091390002,-0.6613995707528819,-0.69217130498023,-0.08359553824786164,2.2501012133393314,0.7217332502815464,-3.996504365560008,5.952596136775937
-0.7286324873033119,0.9980878966020338,-0.6385580603352634,-0.6849048827729214,-0.12362120621524343,2.3087209515720595,0.7286324873033119,-3.992351586408135,5.747022543017371
-0.735458569358729,0.996648878325817,-0.615139585387375,-0.6775696958666403,-0.16359722897275403,2.3652546616390033,0.735458569358729,-3.986595513303268,5.536256268486375
-0.7422108111066805,0.9948096144586761,-0.5911653055033683,-0.6701664807168166,-0.20350755249454633,2.419651262914138,0.7422108111066805,-3.9792384578347044,5.320487749530315
-0.748888534619643,0.992570843633112,-0.5666568824709322,-0.6626959806089394,-0.2433361491390248,2.471861605740685,0.748888534619643,-3.970283374532448,5.099911942238389
-0.7554910694517503,0.989933464920173,-0.5416364606989494,-0.6551589455839328,-0.28306702408539736,2.5218385158399097,0.7554910694517503,-3.959733859680692,4.874728146290545
-0.762017752706107,0.9868985374683963,-0.5161266472090702,-0.647556132362851,-0.32268422175706285,2.5695368369351153,0.762017752706107,-3.947594149873585,4.645139824881632
-0.7684679291013449,0.9834672800784626,-0.4901504912093017,-0.639888304270902,-0.36217183222923816,2.6149134715522657,0.7684679291013449,-3.9338691203138505,4.411354420883716
-0.7748409510374107,0.9796410707137363,-0.46373146326806314,-0.6321562311608112,-0.4015139976182362,2.6579274199604,0.7748409510374107,-3.918564282854945,4.173583169412568
-0.7811361786605877,0.9754214459468878,-0.43689343410752224,-0.624360689335527,-0.44069491844986214,2.6985398172166413,0.7811361786605877,-3.9016857837875514,3.9320409069677003
-0.7873529799277361,0.9708101003428183,-0.40966065303537685,-0.6165024614702799,-0.4796988600043444,2.736713968282337,0.7873529799277361,-3.8832404013712734,3.686945877318392
-0.7934907306697512,0.9658088857781382,-0.3820577260345676,-0.6085823365340014,-0.5185101586352621,2.7724153811785954,0.7934907306697512,-3.8632355431125527,3.4385195343111086
-0.7995488146542284,0.9604198106974688,-0.35410959353072297,-0.6006011097101122,-0.557113228059927,2.805611798151262,0.7995488146542284,-3.8416792427898754,3.1869863417765067
-0.805526623647337,0.9546450393068674,-0.32584150785740407,-0.5925595823166827,-0.595492565618714,2.836273224817193,0.805526623647337,-3.8185801572274696,2.9325735707166367
-0.8114235574748823,0.9484868907047028,-0.2972790104395609,-0.5844585617259844,-0.6336327585007745,2.8643719572654454,0.8114235574748823,-3.7939475628188113,2.675511093956048
-0.8172390240825664,0.9419478379503241,-0.26844790871574864,-0.5762988612834268,-0.6715184899337026,2.8898826070889574,0.8172390240825664,-3.7677913518012964,2.4160311784417376
-0.82297243959543,0.9350305070709015,-0.23937425282000596,-0.5680813002258975,-0.7091345453346148,2.9127821243240586,0.82297243959543,-3.740122028283606,2.1543682753800537
-0.8286232283764732,0.927737676006837,-0.21008431204444444,-0.5598067035995112,-0.7464658184201957,2.933049818277097,0.8286232283764732,-3.710950704027348,1.8907588084
-0.8341908230844503,0.9200722734961667,-0.18060455110381893,-0.5514759021767746,-0.7834973172732503,2.9506673762193687,0.8341908230844503,-3.680289093984667,1.6254409599343704
-0.8396746647308304,0.9120373778984054,-0.1509616062235255,-0.5430897323731757,-0.8202141703633294,2.965618879933448,0.8396746647308304,-3.6481495115936218,1.3586544560117295
-0.8450742027359202,0.9036362159583048,-0.12118226107263563,-0.5346490361632095,-0.8566016325190046,2.9778908200959804,0.8450742027359202,-3.614544863833219,1.0906403496537207
-0.8503888949841439,0.8948721615100172,-0.091293422563691,-0.5261546609958393,-0.8926450908494139,2.9874721084839377,0.8503888949841439,-3.579488646040069,0.821640803073219
-0.8556182078784694,0.8857487341221979,-0.06132209654117785,-0.5176074597094176,-0.9283300706126545,2.994354087993294,0.8556182078784694,-3.5429949364887916,0.5518988688706007
-0.8607616163939826,0.876269597684573,-0.03129536338057696,-0.5090082904460578,-0.9636422410287266,2.9985305404610934,0.8607616163939826,-3.505078390738292,0.28165827042519265
-0.8658186041306007,0.8664385589365545,-0.0012403535200891087,-0.500358016565477,-0.9985674210346477,2.9999976922838303,0.8658186041306007,-3.465754235746218,0.011163181680801978
-0.8707886633649184,0.8562595659384861,0.028815777052876648,-0.4916575065583142,-1.033091584979445,2.998754217827055,0.8707886633649184,-3.4250382637539443,-0.2593419934758898
-0.8756712951011836,0.8457367064861362,0.05884587133829959,-0.4829076339589341,-1.0672008682567364,2.994801240623145,0.8756712951011836,-3.3829468259445448,-0.5296128420446963
-0.8804660091213962,0.8348742064690758,0.08882279586105706,-0.47410927725772417,-1.1008815728726336,2.9881423323561456,0.8804660091213962,-3.3394968258763034,-0.7994051627495135
-0.8851723240345281,0.8236764281735933,0.11871946518718733,-0.46526331981289104,-1.1341201729467498,2.978783509634598,0.8851723240345281,-3.2947057126943733,-1.068475186684686
-0.8897897673248523,0.812147868530844,0.14850886639672747,-0.45637064976177566,-1.1669033201440588,2.966733228555279,0.8897897673248523,-3.248591474123376,-1.3365797975705473
-0.8943178753993856,0.8002931573109174,0.17816408349104948,-0.4474321599316806,-1.199217849035484,2.9520023770627537,0.8943178753993856,-3.2011726292436697,-1.6034767514194452
-0.8987561936344328,0.7881170552635628,0.20765832171261497,-0.43844874775023124,-1.2310507823850163,2.9346042651116524,0.8987561936344328,-3.152468221054251,-1.8689248954135347
-0.9031042764212313,0.7756244522063128,0.23696493175518507,-0.4294213151552731,-1.2623893363612626,2.914554612640557,0.9031042764212313,-3.1024978088252513,-2.1326843857966655
-0.9073616872106899,0.7628203650607748,0.26605743384260894,-0.42035076850431724,-1.2932209256713196,2.891871535368363,0.9073616872106899,-3.051281460243099,-2.3945169045834804
-0.9115279985572191,0.7497099358378803,0.2949095416544327,-0.41123801848354247,-1.3235331686149183,2.8665755284259564,0.9115279985572191,-2.998839743351521,-2.6541858748898948
-0.9156027921616471,0.736298429572892,0.3234951860767218,-0.4020839800163588,-1.3533138920568175,2.838689447837978,0.9156027921616471,-2.945193718291568,-2.911456674690496
-0.919585658913216,0.7225912322110194,0.3517885387566103,-0.3928895721715537,-1.382551136315414,2.8082384898714357,0.919585658913216,-2.8903649288440776,-3.166096848809493
-0.9234761989306571,0.7085938484444636,0.3797640354393301,-0.38365571807101395,-1.4112331599656587,2.7752501682697934,0.9234761989306571,-2.8343753937778544,-3.4178763189539714
-0.9272740216023401,0.6943118995017825,0.4073963990666069,-0.3743833447970448,-1.439348444554308,2.7397542893931304,0.9272740216023401,-2.77724759800713,-3.666567591599462
-0.9309787456254892,0.6797511208904538,0.434660662615564,-0.3650733832992905,-1.4668856992256372,2.7017829252868166,0.9309787456254892,-2.719004483561815,-3.9119459635400764
-0.9345899990444672,0.6649173600935442,0.46153219165749587,-0.35572676830126654,-1.4938338652557481,2.661370384703049,0.9345899990444672,-2.6596694403741767,-4.153789724917463
-0.938107419288119,0.6498165742214111,0.4879867066161285,-0.3463444382065132,-1.5201821204936588,2.6185531821014254,0.938107419288119,-2.5992662968856446,-4.391880359545156
-0.9415306532061747,0.6344548276193799,0.5140003047052523,-0.3369273350043804,-1.5459198837073842,2.573370004656573,0.9415306532061747,-2.5378193104775195,-4.6260027423472705
-0.9448593571047061,0.6188382894323492,0.5395494815259246,-0.3274764041754479,-1.5710368188332748,2.52586167730261,0.9448593571047061,-2.475353157729397,-4.855945333733322
-0.9480931967806329,0.6029732311273244,0.5646111523036814,-0.3179925945966041,-1.5955228391268792,2.4760711258461017,0.9480931967806329,-2.4118929245092975,-5.081500370733133
-0.9512318475552767,0.5868660239748446,0.5891626727466307,-0.30847685844577516,-1.6193681112137008,2.4240433381807387,0.9512318475552767,-2.347464095899378,-5.302464054719676
-0.9542749943069602,0.5705231364903367,0.6131818595055368,-0.2989301511063264,-1.6425630590381954,2.369825323638852,0.9542749943069602,-2.282092545961347,-5.518636735549832
-0.9572223315026441,0.5539511318364162,0.6366470102174251,-0.2893534310711419,-1.6650983677094315,2.313466070516472,0.9572223315026441,-2.215804527345665,-5.729823091956826
-0.9600735632286037,0.5371566651871765,0.6595369231145953,-0.27974765984639133,-1.686964987241871,2.2550165018103066,0.9600735632286037,-2.148626660748706,-5.935832308031358
-0.962828403220138,0.520146481055531,0.6818309161813241,-0.27011380185499495,-1.708154136189762,2.194529429206641,0.962828403220138,-2.080585924222124,-6.136478245631917
-0.9654865748903116,0.5029274105846679,0.7035088458409609,-0.2604528243397922,-1.7286573051737013,2.1320595053636926,0.9654865748903116,-2.0117096423386718,-6.331579612568648
-0.9680478113577234,0.4855063688047322,0.7245511251564953,-0.2507656972664353,-1.7484662602979142,2.0676631745306366,0.9680478113577234,-1.9420254752189288,-6.520960126408458
-0.9705118554733019,0.4678903518558021,0.7449387415282047,-0.2410533932260003,-1.767573046456925,2.0013986215477844,0.9705118554733019,-1.8715614074232083,-6.704448673753842
-0.9728784598461229,0.4500864341783016,0.7646532738723475,-0.23131688733734035,-1.7859699905302568,1.9333257192740976,0.9728784598461229,-1.8003457367132063,-6.881879464851128
-0.975147386868248,0.4321017656719664,0.7836769092654011,-0.22155715714918264,-1.8036497044638895,1.8635059744894984,0.975147386868248,-1.7284070626878656,-7.05309218338861
-0.9773184087385799,0.41394356882450545,0.8019924590388007,-0.2117751825419826,-1.8206050882372398,1.7920024723208616,0.9773184087385799,-1.6557742752980218,-7.217932131349206
-0.9793913074857344,0.3956191358111141,0.8195833743096351,-0.2019719456295443,-1.8368293327144656,1.7188798192419072,0.9793913074857344,-1.5824765432444563,-7.3762503687867165
-0.9813658749899248,0.37713582556599273,0.8364337609332758,-0.19214843066041223,-1.852315922378963,1.644204084698472,0.9813658749899248,-1.508543302263971,-7.5279038483994825
-0.9832419130038563,0.3585010608270722,0.8525283938644093,-0.18230562391905794,-1.867058637949932,1.5680427414119604,0.9832419130038563,-1.434004243308289,-7.672755544779683
-0.9850192331726311,0.3397223251550999,0.8678527309135216,-0.1724445136268529,-1.8810515588799925,1.4904646044148397,0.9850192331726311,-1.3588893006203997,-7.810674578221694
-0.9866976570526585,0.32080715992830766,0.8823929258863878,-0.16256608984285176,-1.8942890657328233,1.411539768873317,0.9866976570526585,-1.2832286397132306,-7.94153633297749
-0.9882770161295718,0.30176316131385944,0.8961358410947013,-0.15267134436439006,-1.9067658424398792,1.3313395467533558,0.9882770161295718,-1.2070526452554378,-8.065222569852311
-0.9897571518351457,0.2825979772172964,0.9090690592265364,-0.14276127062750743,-1.9184768784352784,1.2499364023872657,0.9897571518351457,-1.1303919088691856,-8.181621533038827
-0.991137915563218,0.26331930421120353,0.9211808945659218,-0.13283686360720612,-1.929417470668002,1.1674038869990764,0.991137915563218,-1.0532772168448141,-8.290628051093297
-0.9924191686846087,0.24393488444433464,0.9324604035513839,-0.1228991197175562,-1.9395832254905991,1.0838165722478648,0.9924191686846087,-0.9757395377773386,-8.392143631962455
-0.9936007825610395,0.22445250253242513,0.9428973946639259,-0.11294903671165156,-1.94897006042364,0.9992499828490505,0.9936007825610395,-0.8978100101297005,-8.486076551975334
-0.9946826385580477,0.20487998243196784,0.9524824376354963,-0.10298761358144055,-1.9575742057951995,0.9137805283346132,0.9946826385580477,-0.8195199297278714,-8.572341938719466
-0.9956646280568986,0.18522518429817272,0.9612068719696439,-0.09301585045742318,-1.965392206254729,0.8274854340137918,0.9956646280568986,-0.7409007371926909,-8.650861847726796
-0.9965466524654897,0.1654960013283981,0.9690628147666446,-0.08303474850823865,-1.9724209221606943,0.7404426711967176,0.9965466524654897,-0.6619840053135924,-8.721565332899802
-0.9973286232282501,0.1457003565923106,0.9760431678460397,-0.07304530984014754,-1.9786575308414274,0.652730886744,0.9973286232282501,-0.5828014263692424,-8.784388510614358
-0.9980104618350312,0.12584619985004888,0.982141624160145,-0.06304853739642008,-1.9840995277286888,0.5644293320059226,0.9980104618350312,-0.5033847994001955,-8.839274617441305
-0.9985920998289891,0.10594150435967019,0.9873526734927383,-0.0530454348566411,-1.9887447273634793,0.475617791215467,0.9985920998289891,-0.42376601743868075,-8.886174061434644
-0.9990734788134583,0.0859942636751517,0.9916716074377772,-0.04303700653593673,-1.992591264273703,0.38637650939980356,0.9990734788134583,-0.3439770547006068,-8.925044466939994
-0.9994545504578137,0.06601248843625881,0.9950945236536423,-0.03302425728414608,-1.9956375937233222,0.2967861198755378,0.9994545504578137,-0.26404995374503526,-8.95585071288278
-0.9997352765023239,0.04600420315153421,0.997618329389072,-0.02300819238493045,-1.997882492332712,0.20692757139301746,0.9997352765023239,-0.18401681260613684,-8.978564964501649
-0.999915628761992,0.025977442975726295,0.9992407442775955,-0.01298981745484331,-1.9993250585699593,0.11688205499568298,0.999915628761992,-0.10390977190290518,-8.99316669849836
-0.9999955891293857,0.005940250482940325,0.9999603023979404,-0.002970138342366097,-1.9999647131129088,0.026730930660485878,0.9999955891293857,-0.0237610019317613,-8.999642721581464
-0.9999751495764551,-0.014099327563189943,0.9997763535985567,0.007049838973079376,-1.9998011990818145,-0.06344434621433166,0.9999751495764551,0.05639731025275977,-8.99798718238701
-0.9998543121553386,-0.03413324344101134,0.9986890640850554,0.01706910848213072,-1.998834582142501,-0.15356229840766386,0.9998543121553386,0.13653297376404536,-8.9882015767655
-0.9996330889981573,-0.05415345170275396,0.9966994162700351,0.027086664246492236,-1.9970652504799913,-0.2435415004937394,0.9996330889981573,0.21661380681101583,-8.970294746430316
-0.9993115023157965,-0.07415191240550292,0.99380920788543,0.03710150049992614,-1.994493914642616,-0.3333006524134137,0.9993115023157965,0.2966076496220117,-8.94428287096887
-0.9988895843956758,-0.0941205943399772,0.9900210503581826,0.04711261174923542,-1.9911216072566633,-0.422758652932294,0.9988895843956758,0.3764823773599088,-8.910189453223643
-0.9983673775985077,-0.11405147825579219,0.9853383664507072,0.05711899287521485,-1.9869496826116846,-0.5118346729191636,0.9983673775985077,0.45620591302316876,-8.868045298056364
-0.9977449343540442,-0.13393656008192145,0.9797653871682778,0.06711963923356529,-1.9819798161166242,-0.6004482283785608,0.9977449343540442,0.5357462403276858,-8.8178884845145
-0.9970223171558134,-0.15376785414106262,0.9733071479361339,0.07711354675576033,-1.9762140036269886,-0.6885192531715127,0.9970223171558134,0.6150714165642505,-8.759764331425206
-0.996199598554844,-0.17353739635661652,0.9659694840497585,0.0870997120498552,-1.9696545606433293,-0.7759681713587172,0.996199598554844,0.6941495854264661,-8.693725356447827
-0.9952768611523827,-0.19323724745098983,0.9577590254024385,0.09707713250122675,-1.962304121381357,-0.8627159691008043,0.9952768611523827,0.7729489898039593,-8.619831228621946
-0.9942541975915996,-0.21285949613394742,0.948683190494872,0.10704480637323983,-1.9541656377140624,-0.9486842660507411,0.9942541975915996,0.8514379845357897,-8.538148714453849
-0.9931317105482877,-0.23239626227970794,0.9387501797322371,0.11700173290781679,-1.9452423779862715,-1.0337953861737987,0.9931317105482877,0.9295850491188318,-8.448751617590133
-0.9919095127205538,-0.25183970009154116,0.9279689680147735,0.12694691242591744,-1.935537925702106,-1.1179724279311936,0.9919095127205538,1.0073588003661647,-8.35172071213296
-0.9905877268175036,-0.27118200125257047,0.9163492966285767,0.13687934642790625,-1.9250561780858768,-1.2011393337639125,0.9905877268175036,1.0847280050102819,-8.24714366965719
-0.989166485546922,-0.2904153980615259,0.903901664443929,0.14679803769380223,-1.9138013445169961,-1.283220958813973,0.989166485546922,1.1616615922461035,-8.135114979995361
-0.9876459316019486,-0.3095321665521854,0.8906373184291214,0.15670199038340005,-1.9017779448395231,-1.364143138821016,0.9876459316019486,1.2381286662087416,-8.015735865862093
-0.9860262176467518,-0.32852462959525197,0.8765682434883366,0.16659021013625186,-1.8889908075470379,-1.4438327571328853,0.9860262176467518,1.3140985183810079,-7.88911419139503
-0.9843075063012007,-0.3473851599814287,0.8617071516327726,0.17646170417150508,-1.8754450678435528,-1.5222178107696693,0.9843075063012007,1.3895406399257149,-7.7553643646949535
-0.9824899701245388,-0.3661061834844305,0.846067470494801,0.1863154813875726,-1.8611461655812684,-1.5992274754814466,0.9824899701245388,1.464424733937722,-7.614607234453209
-0.9805737915980582,-0.3846801819027347,0.8296633311955242,0.1961505524616432,-1.8460998430759685,-1.6747921697410442,0.9805737915980582,1.5387207276109387,-7.466969980759718
-0.978559163106779,-0.40309969607882395,0.8125095555767026,0.20596592994900925,-1.8303121428009592,-1.74884361761392,0.978559163106779,1.6123987843152958,-7.312586000190323
-0.9764462869201334,-0.4213573288947201,0.7946216428085874,0.21576062838220625,-1.813789404960462,-1.8213149104483926,0.9764462869201334,1.6854293155788804,-7.151594785277286
-0.9742353751716578,-0.43944574824260235,0.7760157553857562,0.22553366436995428,-1.7965382649434432,-1.8921405673304688,0.9742353751716578,1.7577829929704094,-6.984141798471805
-0.971926649837695,-0.45735768996931725,0.7567087045236106,0.23528405669589,-1.778565650658901,-1.961256594248644,0.971926649837695,1.829430759877269,-6.810378340712496
-0.9695203427151063,-0.4750859607936063,0.7367179349687142,0.24501082641708447,-1.7598787797536692,-2.0286005419152633,0.9695203427151063,1.9003438431744253,-6.630461414718428
-0.9670166953980014,-0.49262344119485596,0.7160615092367313,0.2547129969623243,-1.740485156713884,-2.094111562192075,0.9670166953980014,1.9704937647794238,-6.444553583130581
-0.9644159592534799,-0.509963088272242,0.694758091292162,0.26438959423016306,-1.7203925698512388,-2.157730463069159,0.9644159592534799,2.039852353088968,-6.252822821629458
-0.9617183953963953,-0.5270979385730965,0.6728269296846547,0.2740396466867208,-1.6996090881752688,-2.2193997621474337,0.9617183953963953,2.108391754292386,-6.055442367161893
-0.9589242746631385,-0.5440211108893698,0.6502878401571168,0.28366218546322625,-1.6781430581529049,-2.279063738576464,0.9589242746631385,2.176084443557479,-5.852590561414051
