num_links,lie_AddCount,lie_MultCount,lie_TrigCount,gibbs_AddCount,gibbs_MultCount,gibbs_TrigCount
2,13,25,7,30,40,6
3,20,38,11,45,60,9
4,27,51,15,60,80,12
5,34,64,19,75,100,15
6,41,77,23,90,120,18
7,48,90,27,105,140,21
8,55,103,31,120,160,24
9,62,116,35,135,180,27
10,69,129,39,150,200,30
11,76,142,43,165,220,33
12,83,155,47,180,240,36
13,90,168,51,195,260,39
14,97,181,55,210,280,42
15,104,194,59,225,300,45
16,111,207,63,240,320,48
17,118,220,67,255,340,51
18,125,233,71,270,360,54
19,132,246,75,285,380,57
20,139,259,79,300,400,60
