theta1,theta2,theta3,thetadot1,thetadot2,thetadot3,thetaddot1,thetaddot2,thetaddot3
1.5707963267948966,1.0471975511965976,0.0,0.0,0.0,0.0,1.5233685482017856,-0.9081620191202954,-0.2636599410349243
1.5708726492036467,1.0471520524468505,-1.3210187822486975e-05,0.015249504307794733,-0.009090594003645014,-0.0026395591935733037,1.5235393293241717,-0.9081269905845937,-0.2637559751713823
1.5711016330360015,1.0470155602438218,-5.284953364289938e-05,0.030502430349112573,-0.01818048576862692,-0.005281046729065897,1.5240516588043294,-0.9080218221908385,-0.26404412143680567
1.5714833298860194,1.0467880848020246,-0.0001189472682059147,0.045762196163398355,-0.027268974491383352,-0.007926382969029836,1.5249055017699367,-0.9078462725232562,-0.26452452195147297
1.5720178258604,1.046469643137903,-0.00021155243575046528,0.061032217359041414,-0.036355354433947676,-0.010577488067065334,1.5261008002097198,-0.9075999391864058,-0.2651974150601194
1.57270524101472,1.0460602597065916,-0.000330733007445543,0.07631590963387308,-0.045438912589481094,-0.013236288568307095,1.5276374699229078,-0.9072822554381318,-0.266063132431708
1.573545729353432,1.0455599664019155,-0.000476575881390199,0.09161668877516671,-0.05451892868227264,-0.01590471740942433,1.5295153992549566,-0.90689248856122,-0.2671220993260741
1.5745394788298663,1.0449688025563912,-0.0006491868826135432,0.10693797065963756,-0.06359467516773915,-0.018584713918620748,1.5317344474534396,-0.9064297377394916,-0.2683748347824961
1.575686711346229,1.0442868149412246,-0.0008486907630747457,0.12228317125344298,-0.07266541723242533,-0.021278223815634562,1.5342944426393499,-0.905892931432007,-0.269821951724863
1.5769876781795071,1.0435140636669735,-0.0010752243897177946,0.1376557067399312,-0.08173039826044796,-0.023987214884669934,1.5371951628987783,-0.9052808066378413,-0.2714641345135183
1.5784425855361472,1.042650717023083,-0.0013288238351456363,0.15305900081638088,-0.09078861574654568,-0.026713928139964423,1.5404360631224852,-0.9045916171302254,-0.27330177008117235
1.5800517519940152,1.041696847662537,-0.00160965717776805,0.1684964834124348,-0.09983932691554366,-0.029460337267376346,1.5440168379379327,-0.90382373345279,-0.2753357185669587
1.5818155671269514,1.0406524897129679,-0.0019179686998145149,0.18397157555854116,-0.10888187582093004,-0.03222830417535096,1.5479372750012759,-0.902975483884887,-0.2775671209123636
1.5837344513101081,1.039517691146451,-0.00225401986356616,0.19948768824987234,-0.11791556002019576,-0.03501971854969059,1.552197107263078,-0.9020449959890067,-0.2799972055307904
1.585808855719948,1.038292513779506,-0.0026180893113557585,0.21504822244632482,-0.12693963057483465,-0.03783649785355456,1.556796008880651,-0.9010301916025096,-0.28262729100113343
1.5880392623342436,1.0369770332730968,-0.0030104728655677344,0.23065656907251925,-0.13595329205034345,-0.04068058732745921,1.5617335906833902,-0.8999287812304247,-0.28545878862213825
1.5904261839320792,1.0355713391326302,-0.003431483528638158,0.24631610901780027,-0.14495570251622164,-0.04355395998927794,1.5670093951775994,-0.898738257821386,-0.2884932048160083
1.5929701640938487,1.034075534707958,-0.0038814514830547452,0.2620302131362368,-0.15394597354597173,-0.046458616634241175,1.572622891076213,-0.8974558899074072,-0.2917321433679315
1.5956717772012572,1.0324897371933748,-0.004360724091356863,0.2778022422466219,-0.16292317021709893,-0.049396585834936335,1.578573467337748,-0.896078714086883,-0.2951773074863897
1.5985316284373203,1.03081407762762,-0.004869665896135523,0.29363554713247264,-0.1718863111111114,-0.0523699239413079,1.5848604266977133,-0.894603526828828,-0.2988305016672489
1.6015503537863645,1.0290487008938765,-0.005408658620033384,0.3095334685420302,-0.18083436831352018,-0.05538071508065737,1.591482978674639,-0.8930268755750914,-0.30269363334274835
1.6047286200340265,1.0271937657197707,-0.005978101165744758,0.32549933718826,-0.18976626741383912,-0.05843107115764326,1.598440232031792,-0.8913450491159528,-0.30676871429456287
1.6080671247672538,1.0252494446773737,-0.006578409616015591,0.34153647374885154,-0.19868088750558488,-0.06152313185428111,1.6057311866745123,-0.8895540672132022,-0.31105786180807354
1.6115665963743047,1.0232159241831995,-0.007210017233643494,0.35764818886621846,-0.2075770611862771,-0.06465906462994354,1.6133547249621045,-0.8876496694436129,-0.3155632995430742
1.6152277940447481,1.021093404498207,-0.007873374461477711,0.3738377831474984,-0.2164535745574383,-0.0678410647213601,1.6213096024120583,-0.885627303234428,-0.32028735809390735
1.6190515077694632,1.0188820997277983,-0.008568948922419146,0.3901085471645534,-0.2253091672245937,-0.07107135514261748,1.6295944377733305,-0.8834821110613238,-0.32523247520999815
1.6230385583406401,1.0165822378218194,-0.009297225419420336,0.4064637614539692,-0.23414253229727144,-0.07435218668515929,1.6382077024444168,-0.8812089167782061,-0.3304011956455782
1.6271897973517797,1.0141940605745607,-0.010058705935485477,0.4229066965170562,-0.24295231638900266,-0.07768583791778627,1.6471477092108318,-0.8788022110470561,-0.3357961706051261
1.6315061071976935,1.0117178236247557,-0.01085390963367041,0.4394406128198483,-0.2517371196173212,-0.08107461518665608,1.6564126002756532,-0.8762561358350806,-0.3414201567487994
1.6359884010745032,1.0091537964555826,-0.011683372857082621,0.4560687607931043,-0.2604954956037639,-0.08452085261528353,1.6660003345558165,-0.8735644679454582,-0.34727601471983455
1.6406376229796413,1.0065022623946625,-0.01254764912888124,0.4727943808323064,-0.2692259514738703,-0.08802691210454032,1.6759086742158547,-0.8707206015470996,-0.3533667071535127
1.6454547477118515,1.0037635186140614,-0.013447309152277055,0.4896207032976614,-0.27792694785718286,-0.0915951833326553,1.6861351704099383,-0.8677175296681183,-0.3596952961248538
1.6504407808711876,1.0009378761302887,-0.014382940810532496,0.5065509485140998,-0.286596898887247,-0.09522808375521431,1.6966771482021699,-0.8645478246170305,-0.3662649399897945
1.6555967588590141,0.9980256598042976,-0.015355149166961636,0.5235883267712766,-0.2952341722016109,-0.09892805860516016,1.707531690634319,-0.861203617295172,-0.37307888957203333
1.6609237488780062,0.9950272083414853,-0.0163645564649302,0.5407360383235709,-0.30383708894182565,-0.10269758089279275,1.7186956219094613,-0.8576765753634592,-0.3801404836452401
1.6664228325044497,0.9919429038947626,-0.01741179475470975,0.5579971825331985,-0.3124037797219778,-0.10653916602386652,1.7301654729369078,-0.8539578836257478,-0.3874532199638324
1.6720947887283584,0.9887737622781128,-0.01849738164058684,0.575372912212557,-0.320929263194649,-0.11045566775476967,1.741937203213855,-0.8500383713726953,-0.395022479341872
1.6779407757069935,0.9855202360843882,-0.019622061171053407,0.5928660485802528,-0.32941118319408524,-0.11444969957136976,1.7540069712818789,-0.8459084731748344,-0.402852735030988
1.6839621553334974,0.9821824925431534,-0.020786695298357246,0.610480295056296,-0.3378485525014311,-0.11852376914545831,1.7663707987397266,-0.8415580492349394,-0.41094779377675567
1.6901603019484561,0.9787607512275625,-0.021992171986454267,0.6282192131542006,-0.34624012765685636,-0.12268044401261965,1.7790243326819561,-0.8369763699489133,-0.4193115953597837
1.6965366023399002,0.97525528405436,-0.02323940521100848,0.6460862224809852,-0.3545844089595564,-0.126922351572231,1.7919628260410467,-0.8321520928796584,-0.42794822321612935
1.7030924557433045,0.9716664152838806,-0.024529334959391996,0.6640846007371719,-0.3628796404677521,-0.13125217908746237,1.8051811167108438,-0.8270732380779782,-0.436861913920117
1.7098292738415874,0.9679945215200491,-0.025862927230685014,0.6822174837167865,-0.37112380999868966,-0.13567267368527658,1.818673605417336,-0.8217271617235444,-0.4460570654705098
1.7167484807651123,0.9642400317103801,-0.02724117403567586,0.7004878653073596,-0.3793146491286409,-0.14018664235642928,1.8324342323035818,-0.816100528062379,-0.4555382443180582
1.723851513091686,0.9604034271459788,-0.028665093396860953,0.7188985974899251,-0.38744963319290304,-0.14479695195546902,1.8464564521970543,-0.8101792796217142,-0.46531019106993443
1.7311398198465602,0.9564852414615402,-0.030135729348444808,0.7374523903390213,-0.3955259812857988,-0.14950652920073715,1.8607332085293669,-0.8039486056881382,-0.47537782480424845
1.73861486250243,0.9524860606353495,-0.031654151936340046,0.7561518120226904,-0.40354065626067637,-0.1543183606743678,1.8752569058805861,-0.7973929090410458,-0.48574624592579463
1.7462781149794355,0.948406522989282,-0.03322145721816739,0.7749992888024784,-0.4114903647299094,-0.159235492822288,1.8900193811231292,-0.7904957709404807,-0.4964207374925627
1.75413106364516,0.9442473191888031,-0.034838767263255674,0.7939971050334356,-0.419371557064897,-0.16426103195421754,1.9050118731435028,-0.7832399143765405,-0.5074067649411702
1.7621752073146317,0.9400091922429685,-0.03650723015264182,0.8131474031641159,-0.42718042739606377,-0.16939814424366917,1.9202249911241303,-0.7756071655968614,-0.5187099741384853
1.7704120572503228,0.9356929375044237,-0.03822801997907087,0.8324521837365777,-0.4349129136128598,-0.17465005572794834,1.9356486813720302,-0.7675784139391655,-0.5303361876861272
1.7788431371621496,0.9312994026694046,-0.04000233684699593,0.851913305386383,-0.4425646973637606,-0.18002005230815335,1.9512721926864693,-0.7591335700077222,-0.5422913994045232
1.7874699832074727,0.9268294877777371,-0.04183140687257827,0.8715324848425978,-0.45013120405626716,-0.1855114797491754,1.9670840402637646,-0.750251522245878,-0.5545817669235994
1.7962941439910964,0.9222841452128373,-0.04371648218368719,0.8913112969277922,-0.45760760285690594,-0.19112774367969843,1.9830719681442743,-0.740910091971503,-0.5672136023081139
1.80531718056527,0.9176643797017112,-0.04565884091990016,0.9112511745580405,-0.46498880669122894,-0.19687230959219937,1.9992229102144314,-0.7310859869586444,-0.5801933606471914
1.814540666429686,0.9129712483149551,-0.04765978723250273,0.9313534087429207,-0.47226947224381366,-0.20274870284294774,2.015522949785374,-0.7207547536667293,-0.5935276265397795
1.8239661875314819,0.9082058604667554,-0.04972065128448851,0.9516191485855148,-0.47944399995826276,-0.20876050865200613,2.031957277779464,-0.7098907282385389,-0.6072230984105534
1.833595342265239,0.9033693779148887,-0.05184278925055928,0.972049401282409,-0.4865065340372049,-0.21491137210322978,2.0485101495667317,-0.6984669864099248,-0.6212865705943199
1.8434297414729826,0.8984630147607215,-0.05402758331712487,0.9926450321236934,-0.49345096244229364,-0.22120499814426692,2.065164840505249,-0.6864552924979996,-0.6357249131314288
1.8534710084441826,0.8934880374492107,-0.05627644168230324,1.0134067644929619,-0.5002709168942084,-0.22764515158655851,2.0819036002524705,-0.6738260476603704,-0.6505450492217418
1.8637207789157526,0.8884457647689029,-0.05859079855592045,1.0343351798673126,-0.5069597728726541,-0.23423565710533828,2.098707605928969,-0.6605482376459659,-0.6657539302910436
1.8741807010720508,0.8833375678519352,-0.06097211415951065,1.0554307178173477,-0.5135106496163607,-0.24098039923963302,2.115556914231555,-0.6465893802882339,-0.6813585086307151
1.8848524355448792,0.8781648701740348,-0.06342187472631608,1.0766936760071726,-0.5199164101230842,-0.24788332239226205,2.132430412609821,-0.6319154730240846,-0.6973657075799277
1.8957376554134842,0.8729291475545189,-0.06594159250128712,1.0981242101943984,-0.5261696611496055,-0.25494843082983776,2.1493057696384286,-0.6164909407568476,-0.7137823892288789
1.9068380462045564,0.8676319281562946,-0.06853280574108225,1.1197223342301386,-0.5322627532117316,-0.26217978868276537,2.1661593847373783,-0.6002785844189417,-0.7306153196324314
1.9181553058922303,0.8622747924858596,-0.071197078714068,1.141487920059011,-0.5381877805842943,-0.26958151994524265,2.1829663374136525,-0.583239530629787,-0.7478711315355522
1.929691144898085,0.8568593733933014,-0.07393600170031907,1.163420697719138,-0.5439365813011514,-0.2771578084752606,2.199700336220476,-0.5653331828868243,-0.7655562846256011
1.941447286091143,0.8513873560722975,-0.07675119099161822,1.1855202553421451,-0.549500737155186,-0.28491289799460273,2.216333667654645,-0.5465171747723581,-0.78367702334181
1.953425464787872,0.8458604780601161,-0.0796442888914563,1.2077860391531627,-0.5548715736983065,-0.2928510920888455,2.232837145238171,-0.5267473257062615,-0.802239332289308
1.965627428752183,0.8402805292376149,-0.08261696371503233,1.2302173534708247,-0.5600401602414471,-0.30097675420735837,2.249180059057739,-0.5059775998242485,-0.8212488893241269
1.9780538785923807,0.8346501586411995,-0.08567067884410874,1.2528102297098267,-0.564998234162179,-0.30929038630881656,2.2653290903839887,-0.484162082788747,-0.8407082719497223
1.990704505569217,0.8289729294185643,-0.08880683075985117,1.2755567799685545,-0.5697368921163841,-0.31778861392320634,2.2812489235737194,-0.4612558287399989,-0.8606193007327941
2.003581626033671,0.8232505795819206,-0.09202756314926484,1.29845597872905,-0.5742433473100412,-0.32647791139666715,2.2969056704705215,-0.4372077749681226,-0.8809926522011512
2.016687539005427,0.817484979673434,-0.09533509459811226,1.3215065136899242,-0.5785042625562241,-0.33536510711502343,2.3122636910217222,-0.4119648905213635,-0.9018391878043915
2.0300244194353247,0.8116782128183807,-0.09873169328092049,1.3447064835488727,-0.5825058645284341,-0.34445699309952904,2.32728545995559,-0.385472390574548,-0.9231695972772054
2.0435943182053626,0.805832574725147,-0.10221967696098114,1.3680533980026741,-0.5862339437606,-0.3537603250068674,2.3419315548372728,-0.3576737784858341,-0.9449943540121177
2.0573991621286956,0.7999505736852298,-0.1058014129903504,1.3915441777471915,-0.5896738546470778,-0.3632818221291512,2.3561606508659785,-0.32851090289427476,-0.9673236693463803
2.071440753949637,0.7940349305732362,-0.10947931830984903,1.4151751544773716,-0.5928105154426508,-0.37302816739392286,2.3699295234017557,-0.29792403177743715,-0.9901674464578418
2.085720772343656,0.7880885788468835,-0.11325585944906237,1.4389420708872451,-0.5956284082625298,-0.3830060073641542,2.383193059278998,-0.26585194551441105,-1.0135352346820112
2.1002407719173806,0.782114664547,-0.1171335525263403,1.4628400806699267,-0.598111579082353,-0.3932219522382463,2.395904278031734,-0.2322320511238282,-1.0374361851903438
2.1150021832085955,0.7761165462975236,-0.12111496324879728,1.4868637485176146,-0.6002436377381857,-0.40368257585002987,2.4080143642216827,-0.19700051996705426,-1.0618790091084207
2.130006312686243,0.7700977953055028,-0.12520270691231236,1.5110070501215915,-0.6020077579265208,-0.4143944156687653,2.419472712122599,-0.16009245132099365,-1.0868719393028778
2.145254342750422,0.764062195361097,-0.12939944840152906,1.5352633721722229,-0.6033866772042785,-0.42536397279914184,2.430226984072391,-0.12144206433087458,-1.1124226972282159
2.1607473317323893,0.7580137428375753,-0.13370790218985557,1.5596255123589595,-0.6043626969888063,-0.4365977119812787,2.44022318385595,-0.0809829209475694,-1.1385384663995473
2.1764862138945595,0.7519566466913175,-0.1381308323394646,1.584085679370335,-0.604917682557879,-0.4481020615907245,2.449405746525012,-0.038648182533742,-1.1652258742457675
2.1924717994305034,0.7458953284618135,-0.1426710525012935,1.6086354928939675,-0.6050330630496991,-0.4598834136384573,2.457717646094624,0.005629097115429148,-1.1924909843001852
2.2087047744649504,0.739834422271664,-0.14733142591504406,1.6332659836165582,-0.6046898314628959,-0.47194812377088446,2.4651005225766647,0.05191563955163153,-1.2203393009030379
2.2251857010537863,0.7337787748265796,-0.15211486540918273,1.657967593223893,-0.6038685446565264,-0.4843025112698429,2.4714948298171073,0.10027756745408434,-1.248775788823392
2.2419150171840547,0.7277334454153817,-0.15702433340094052,1.6827301744008416,-0.6025493233500749,-0.4969528590525991,2.476840005593096,0.15077998562933964,-1.2778049104575842
2.2588930367739564,0.7217037059100014,-0.16206284189631295,1.707542990831357,-0.6007118521234532,-0.5099054136718489,2.4810746653953224,0.2034865144997551,-1.3074306835280682
2.2761199496728497,0.7156950407654812,-0.16723345249006014,1.7323947171984768,-0.5983353794170003,-0.5231663853157178,2.484136821268677,0.2584587734410959,-1.337656762491478
2.29359582166125,0.7097131470199729,-0.1725392763657068,1.757273439184322,-0.5953987175314824,-0.5367419478077603,2.485964127006619,0.315755811464705,-1.3684865471682661
2.31132059445083,0.7037639342947394,-0.17798347429554218,1.7821666534700977,-0.5918802426280935,-0.5506382386069608,2.4864941508898433,0.37543348292323725,-1.3999233224293648
2.3292940856844204,0.6978535247941536,-0.18356925664062007,1.8070612677360924,-0.5877578947284543,-0.564861358807733,2.4856646770250514,0.43754376615529117,-1.4319704331181313
2.347515988936008,0.6919882533056989,-0.18929988335075892,1.831943600661679,-0.5830091777146136,-0.5794173731399203,2.48341403617312,0.5021340232771131,-1.4646314987491797
2.3659858737107387,0.6861746671999691,-0.19517866396454164,1.8567993819253146,-0.5776111593290469,-0.594312309968795,2.479681466755377,0.5692461996825222,-1.4979106729091358
2.384703185444914,0.6804195264306683,-0.20120895760931576,1.8816137522045393,-0.5715404711746577,-0.6095521612950596,2.4744075064913464,0.6389159622271454,-1.5318129526881519
2.403667245505994,0.6747298035346109,-0.2073941730011934,1.9063712631759775,-0.5647733087147762,-0.6251428827548454,2.4675344148501166,0.7111717755516408,-1.5663445438943577
2.4228772511925953,0.6691126836317217,-0.2137377684450512,1.931055877515338,-0.5572854312731603,-0.6410903936197136,2.4590066261907118,0.7860339165406757,-1.6015132882453076
2.442332275734492,0.6635755644250361,-0.22024325183453025,1.9556509688974124,-0.5490521620339953,-0.6574005767966546,2.4487712331257216,0.8635134275179235,-1.6373291591893864
2.4620312682926166,0.6581260562006994,-0.22691418065203667,1.9801393219960772,-0.5400483880418936,-0.6740792788280887,2.436778499268944,0.9436110094390907,-1.6738048334837017
2.481973053959057,0.6527719818279679,-0.23375416196874044,2.004503132484292,-0.5302485602018955,-0.6911323098918648,2.4229824001257327,1.0263158570583053,-1.7109563461401887
2.50215633375706,0.6475213767592076,-0.24076685244457668,2.028724007034101,-0.519626693279468,-0.7085654438012623,2.4073411904589603,1.1116044388001776,-1.748803836844752
2.5225796846410296,0.6423824890298955,-0.2479559583282448,2.0527829633166315,-0.5081563659005057,-0.7263844180049892,2.3898179960207253,1.1994392248584838,-1.7873723964502646
2.5432415594965265,0.6373637792586182,-0.2553252354572089,2.0766604300020948,-0.4958107205513307,-0.7445949335871835,2.37038142708827,1.289767367848912,-1.8266930226371683
2.5641402871402685,0.6324739206470735,-0.26287848925769763,2.1003362467597873,-0.48256246357869237,-0.7632026552674127,2.349006210792611,1.3825193411495598,-1.8668036943188269
2.585274072320132,0.627721798980069,-0.2706195747447041,2.1237896642580876,-0.4683838651897674,-0.7822132114006731,2.325673838791334,1.4776075408485863,-1.9077505748336336
2.6066409957151504,0.6231165126255227,-0.27855239652198616,2.1469993441644597,-0.4532467594521598,-0.8016321939773915,2.3003732264274412,1.57492485795928,-1.949589354404073
2.628239013935513,0.6186673725344634,-0.2866809087820659,2.1699433591454493,-0.43712254429390107,-0.8214651586234232,2.2731013791484784,1.6743432282323327,-1.9923867427430444
2.6500659595225686,0.6143839022410298,-0.29500911530623053,2.1925991928666893,-0.4199821815034498,-0.8417176246000535,2.243864061651865,1.7757121674638754,-2.036222123039448
2.6721195409488216,0.6102758378624712,-0.3035410694645313,2.2149437399928935,-0.4017961967296923,-0.862395074803997,2.2126764649909085,1.878857300634003,-2.08118937884538
2.6943973426179344,0.6063531280991472,-0.3122808742157843,2.2369533061878606,-0.3825346794819419,-0.8835029557673979,2.1795638667397856,1.9835788934824223,-2.127398905604148
2.7168968260335,0.6026257778583849,-0.3212329949505958,2.2586045948665507,-0.36216954071884777,-0.9050468419247633,2.1445618928875456,2.0896513738997187,-2.1749694169396223
2.7396148129375226,0.5990998718763056,-0.3304115865084482,2.2799057716784894,-0.34074759798576665,-0.927040937300733,2.10770899998574,2.196845454115089,-2.223687238864212
2.7625465262931455,0.5957870014234725,-0.33982355259398445,2.300846584388106,-0.31827997951489484,-0.9495054322183086,2.0690743649640964,2.3048635058973383,-2.2735085628337637
2.78568694997423,0.5927013205897803,-0.3494706547214716,2.3214021752653,-0.2947462628334626,-0.9724593210542417,2.0287487131264466,2.413357489829803,-2.3245578323024834
2.8090311075905396,0.5898564015213316,-0.3593551208920544,2.3415501204623363,-0.27013255278890813,-0.995921716164846,1.9868362865434828,2.521948552950075,-2.3769552152704567
2.832574062487739,0.5872652344204358,-0.36947964559375507,2.3612704300138443,-0.24443148154887756,-1.0199118478859985,1.9434550939724533,2.6302268640631206,-2.430816350848296
2.8563109177473955,0.5849402275456099,-0.3798473898014737,2.3805455478368174,-0.21764220860122452,-1.0444490645331388,1.898737049190988,2.737751717103593,-2.4862520510811557
2.8802368161869776,0.5828932072115784,-0.3904619809769877,2.3993603517306132,-0.18977042075401063,-1.0695528324012693,1.8528279853354217,2.844051929942057,-2.543367942362547
2.904346940359856,0.581135417789273,-0.40132751306895237,2.417702153376955,-0.16082833213550526,-1.0952427357649548,1.8058875334275277,2.948626565103803,-2.6022640284321175
2.928636512555304,0.5796775217058325,-0.4124485465129006,2.435560698339929,-0.1308346841941856,-1.1215384768783236,1.7580888540942712,3.050945997511869,-2.663034154358371
2.9531007947984955,0.5785295994446034,-0.4238301082312427,2.4529281660659876,-0.0998147456987365,-1.1484598759750662,1.7096182125190036,3.150453352605143,-2.7257653480771444
2.9777350888505074,0.5777011495451392,-0.4354776916332667,2.4697991698839457,-0.06780031273805076,-1.1760268712684363,1.6606743878871038,3.2465663360600665,-2.790537013015404
3.002534736208318,0.5772010886032011,-0.4473972566151385,2.4861707570049845,-0.03482970872122887,-1.2042595189512495,1.6114679099745437,3.338679473918151,-2.8574199421139785
3.0274951181048073,0.5770377512707573,-0.4595952295599013,2.502042408522649,-0.0009477843775791972,-1.2331779931958853,1.5622201170366556,3.426166779262468,-2.926475120214204
3.0526116555087577,0.5772188902559836,-0.4720785033374759,2.5174160394128475,0.033794082243382206,-1.2628025861542855,1.5131620307429932,3.508384858777886,-2.997752278342919
3.077879809124853,0.577751676323263,-0.48485443730466116,2.532295998533855,0.06933798577193134,-1.2931537079579543,1.4645330455235321,3.584676469665829,-3.0712881599734434
3.1032950793936793,0.5786426982931857,-0.4979308573051332,2.5466890686263097,0.10561949351813665,-1.3242518867179591,1.4165794312895883,3.65437453456379,-3.147104455918034
3.128853006491725,0.5798979630425497,-0.5113160556694456,2.5606044663132135,0.14256764547185868,-1.3561177685249302,1.3695526500148998,3.7168066194471274,-3.225205361183158
3.1545491703313786,0.5815228955043598,-0.5250187912150301,2.574053842099935,0.18010495430274992,-1.3887721174490602,1.3237074880553275,3.7712998770661357,-3.305574703958143
3.1803791905609327,0.5835223386678283,-0.5390482892461957,2.5870512803742045,0.2181474053602554,-1.422235815540105,1.2793000072964287,3.81718645639394,-3.3881725939738723
3.20633872656458,0.585900553578375,-0.553414241554129,2.5996132994061196,0.25660445667361237,-1.4565298628273822,1.2365853191992666,3.8538093769170967,-3.4729315348232443
3.232423477462417,0.588661219337627,-0.5681268064168944,2.61175885134814,0.29537903895184997,-1.491675377319774,1.1958151865228046,3.880528865466861,-3.5597519425374258
3.2586291821104405,0.5918074331034187,-0.5831966085994338,2.6235093222350914,0.33436755558379,-1.5276935950057235,1.157235457899205,3.8967291527237204,-3.648497010814158
3.2849516191005494,0.5953417100897916,-0.5986347393535667,2.6348885319841635,0.373459882638046,-1.5646058698532377,1.1210833404970348,3.90182572657021,-3.7389868618457913
3.311386606760545,0.599265983566995,-0.6144527564179906,2.64592273439491,0.41253936886302417,-1.602433673809886,1.0875845157039503,3.8952730401356397,-3.8309919207392857
3.337930003154131,0.6035816048614852,-0.6306626840182799,2.65664061714925,0.45148283568692255,-1.6411985968028011,1.0569501020796834,3.876572673665083,-3.9242254511012375
3.3645777060809112,0.6082893433559257,-0.6472770128668873,2.667073301811466,0.4901605772177314,-1.6809223467386774,1.029373468762676,3.8452819512226477,-4.018335189521999
3.3913258267863307,0.6133896951295886,-0.6642991635229823,2.677248821590214,0.5284553523454972,-1.7216119959156873,1.0050043650059848,3.801062297824949,-4.113092061946749
3.4181722496552567,0.6188793989032468,-0.6817132426933438,2.687188103351789,0.5662774359022875,-1.7632401746380877,0.9839082692431443,3.7437577872491583,-4.208558154514397
3.445115950791988,0.6247491527984069,-0.6995347562636582,2.6969323842224537,0.6034693097260413,-1.8058185858425626,0.9661785490706033,3.673202499363557,-4.3040510181066844
3.4721560809705836,0.6309886813992589,-0.7177805123068198,2.7065221863698237,0.6398758173978268,-1.8493527833616477,0.9518754265622307,3.589323774255329,-4.398822681969051
3.499291957231525,0.6375869804450103,-0.7364659598549543,2.7159956592693666,0.6753497942352849,-1.8938381493792098,0.9410185958222806,3.4921565585269883,-4.49211270267529
3.526523062881719,0.6445323168298862,-0.7556051888994191,2.7253885797044024,0.7097520672926296,-1.939259894430446,0.9335861787322253,3.3818467248993,-4.583143593463617
3.5538490474944977,0.6518122286031295,-0.7752109303908036,2.734734351766103,0.7429514553606481,-1.985593057401884,0.9295142359188827,3.258653229906949,-4.671115972974942
3.5812697269096163,0.6594135249690003,-0.7952945562389286,2.7440640068534927,0.7748247689667007,-2.032802505531382,0.928696823849398,3.122949101560549,-4.75520358063461
3.608785083233256,0.6673222862867767,-0.8158660793128474,2.7534062036734483,0.8052568103747206,-2.0808429344081287,0.9309865758319195,2.9752212731648315,-4.834548323669857
3.6363952648380216,0.6755238640707542,-0.8369341534408443,2.7627872282406987,0.8341403735852142,-2.129658867972643,0.9361957736453476,2.8160692992395857,-4.908255535336425
3.664100586362942,0.6840028809902458,-0.8585060734104357,2.7722309938778253,0.8613762443352607,-2.179184658516775,0.9440978676957126,2.6462030043690836,-4.975389635234481
3.6919015287134727,0.6927432308695822,-0.8805877749683697,2.781759041215262,0.8868732000985127,-2.229344486683704,0.9544293970702762,2.4664391256749485,-5.034970390662094
3.7197987390614915,0.7017280786881117,-0.9031838348206264,2.7913905381912945,0.9105480100851955,-2.2800523614679418,0.9668922566229913,2.2776970145075888,-5.085969982944695
3.747793030845302,0.7109398605802002,-0.9262974706324172,2.8011422800520607,0.932325435242108,-2.331212120215328,0.9811562561979718,2.0809934630782183,-5.127311084857045
3.7758853837696313,0.7203602838352313,-0.9499305410281857,2.8110286893515517,0.9521382282526214,-2.3827174286230357,0.9968619171496335,1.877436717434264,-5.15786615495626
3.8040769438056325,0.7299703268976058,-0.9740835455916071,2.8210618159516097,0.9699271335366807,-2.434451780739566,1.0136234532809312,1.6682197298516939,-5.176458152240879
3.832369023190882,0.7397502393667424,-0.9987556248655884,2.83125133702193,0.9856408872508038,-2.486288498964752,1.0310318870048178,1.454612691904191,-5.181862870394776
3.8607631004293816,0.7496795419970774,-1.0239445603522683,2.8416045570400597,0.9992362172880809,-2.538090734049756,1.0486582567408975,1.237954874774305,-5.17281308524945
3.8892608202915566,0.7597370266980648,-1.0496467745130171,2.852126407791399,1.0106778432781764,-2.5897114650970723,1.0660568780940287,1.0196457864739297,-5.14800470214968
3.917863993814258,0.7699007565341756,-1.0758573307684376,2.8628194483691995,1.019938476587327,-2.640993499560525,1.0827686290365581,0.8011356373055367,-5.106105081571589
3.946574598300761,0.780148065724899,-1.1025699334983632,2.8736838651745655,1.0269988203183427,-2.691769473245268,1.0983242379522717,0.5839150859955062,-5.0457637112592195
3.9753947773207643,0.7904555596447418,-1.1297769280418601,2.8847174719164537,1.0318475693106066,-2.741861850307787,1.112247562820245,0.36950422049348036,-4.965625380561505
4.004326776414029,0.8007998234899764,-1.1574717718936938,2.8958881603262103,1.0345357904415822,-2.7910398990134584,1.1241232057662223,0.15924488413116825,-4.864948814644538
4.033372124678516,0.8111605800176018,-1.1856544802912785,2.9070716007770225,1.0353109682815538,-2.838926782649546,1.133794207088742,-0.04627582192965586,-4.7452222351546505
4.06253161758181,0.8215167134233285,-1.2143120751151555,2.9182647710780634,1.0341988678620473,-2.8853424301800414,1.1408858310571197,-0.24576523225398073,-4.605589774303937
4.091805714362504,0.8318478615510104,-1.2434284346079512,2.9294751558641905,1.03120739157838,-2.93013101004064,1.1450056146035101,-0.43787047685525265,-4.444992974576136
4.121194542286011,0.8421347594040033,-1.2729858126151457,2.9407038219345423,1.0263591215578205,-2.9731343853440615,1.145782734052303,-0.6213043818849076,-4.262550836092893
4.150697896644555,0.852359239145165,-1.302964838585073,2.9519454182525373,1.0196913196595878,-3.014192113880052,1.1428716996857222,-0.7948608848542772,-4.057588322400618
4.180315240757176,0.8625042300968547,-1.3333445175689203,2.963188175945875,1.0112559274748525,-3.0531414481153836,1.1359562413631437,-0.9574309059264381,-3.829665078032988
4.210045705969729,0.8725537587409338,-1.364102230220729,2.9744139083065346,1.0011195663267358,-3.0898173351938545,1.1247534135636288,-1.1080184993754763,-3.5786037915044133
4.239888091654883,0.8824929487187649,-1.395213732797394,2.9855980107907767,0.9893635372703105,-3.124052416936289,1.1090179390444856,-1.245757033824136,-3.304517508741983
4.269840865212124,0.8923080208312131,-1.4266531571586638,2.996709461019141,0.9760838210925997,-3.155677029840536,1.0885467949995156,-1.369925057536682,-3.0078350519822563
4.299902162067749,0.9019862930386446,-1.4583930107671401,3.00771081877645,0.9613910783125781,-3.1845192050814726,1.0631840227809355,-1.4799613957375384,-2.6893235292119
4.330069785674872,0.9115161804609277,-1.4904041766882792,3.0185582260118045,0.9454106491811711,-3.2104046685110004,1.0328257106034622,-1.5754789022769637,-2.3501067338669897
4.360341207513422,0.9208871953774324,-1.5226559135903899,3.029201406838586,0.9282825536812556,-3.2331568406580473,0.9974250571394502,-1.6562761522134835,-1.991678042780623
4.390713567090141,0.9300899472270304,-1.5551158557446363,3.0395836675344574,0.9101614915276588,-3.252596836728567,0.9569973720949465,-1.7223462228876074,-1.6159062373195148
4.421183671938588,0.9391161426080952,-1.5877500130250342,3.0496418965413623,0.8912168421671596,-3.2685434666055393,0.9116248082932974,-1.7738815813447906,-1.225032520715816
4.451747997619136,0.9479585852785022,-1.6205227709084544,3.059306564465523,0.8716326647784876,-3.28081323484897,0.8614605505780372,-1.8112739936190652,-0.8216569146616628
4.482402687718972,0.9566111761556284,-1.6533968904746212,3.0685017240774446,0.8516076982723235,-3.2892203406958904,0.8067321141644107,-1.8351083205313112,-0.4087122297670956
4.513143553852098,0.9650689133163525,-1.6863335084061122,3.0771450103119107,0.8313553612912992,-3.293576678060359,0.7477433357253456,-1.8461490950261572,0.010576035846938689
4.5439660756593305,0.9733278919970552,-1.7192921369883587,3.0851476402679863,0.8111037522099971,-3.2936918355334583,0.6848745842594218,-1.8453189212318002,0.43274515761843435
4.574865400808303,0.9813853045936187,-1.7522306641096457,3.092414413209017,0.7910956491349515,-3.289373096383299,0.6185806883221762,-1.8336680290552525,0.8541666900941902
4.60583634499346,0.9892394406614273,-1.785105353261112,3.0988437105626283,0.7715885099046469,-3.280425438555016,0.5493860863561935,-1.8123347880114196,1.2711338204987905
4.636873391936063,0.9968896869153668,-1.8178708435367503,3.1043274959207268,0.7528544720895194,-3.266651534670771,0.4778767730379956,-1.7824976437651527,1.6799632078734883
4.667969600748663,1.0043387522781195,-1.8504798760140855,3.1087984765499965,0.7350723254517657,-3.2479900976813174,0.4044296637485252,-1.7448005401627589,2.0784013438251265
4.699110592597893,1.0116049353477274,-1.882884686553844,3.112480730596069,0.7177626212636798,-3.2252507313395595,0.32783171856467513,-1.696744322535283,2.472155763270732
4.73028622045491,1.0186982820179076,-1.9150432035703235,3.115390847684622,0.7009342620372668,-3.1986420629711554,0.24802868046176627,-1.6383797944771472,2.860813680996935
4.761487487825342,1.0256267431787764,-1.946915229057093,3.1174939692625414,0.6847114865017965,-3.1682224418292235,0.16526002635293027,-1.5703643301248438,3.2426461500725
4.792705330777271,1.0323986480742309,-1.9784618302022232,3.118757967990168,0.66920851254793,-3.1340585427173373,0.07975907711283937,-1.4933437541107901,3.6161434339349756
4.8239306179412385,1.0390227043019462,-2.009645339388287,3.1191534477412994,0.6545295372277201,-3.0962253659895267,-0.008247650535168708,-1.4079555333440676,3.9800093250308906
4.855154150510242,1.0455079978133777,-2.040429354192359,3.118653743603189,0.6407687367546109,-3.0548062375502787,-0.09854019598755297,-1.3148347004663867,4.333149360821431
4.886366662239737,1.05186399291376,-2.0707787373860156,3.1172349218765443,0.628010266503438,-3.009892808854535,-0.1909040071846684,-1.2146219736892476,4.67465386011295
4.917558819447633,1.0581005322621073,-2.100659616935335,3.11487578007553,0.6163282610104284,-2.961585056907695,-0.28512796593072787,-1.1079732987806366,5.003777084176623
4.948721221014301,1.064227836871213,-2.1300393860008984,3.111557846927765,0.6057868339732007,-2.9099912842656126,-0.38100173823337774,-0.9955698543430807,5.3199141044367755
4.979844398382564,1.0702565061076503,-2.158886702937787,3.1072653823743255,0.5964400782507646,-2.8552281190345994,-0.478312674857846,-0.878127461413347,5.622577088444348
5.010918815557707,1.0761975176917717,-2.187171491295586,3.1019853775697417,0.5883320658635216,-2.797420514871422,-0.576842543152292,-0.7564043428683752,5.911372674091362
5.041934869107468,1.0820622276977092,-2.214864939818381,3.0957075548820003,0.5814968479932645,-2.7367017509833045,-0.6763644011187329,-0.6312062922867356,6.1859818893933864
5.072882888162044,1.0878623705533739,-2.24193950244476,3.0884243678925434,0.5759584549831774,-2.673213432127926,-0.7766399235645389,-0.5033885241794691,6.446143718884517
5.10375313441409,1.093610059040457,-2.268368898307813,3.0801310013962686,0.5717308963378362,-2.6071054886134215,-0.8774174575327948,-0.3738537612099057,6.691642966900427
5.134535802118714,1.0993177842944284,-2.2941281117351315,3.0708253714015292,0.568818160723208,-2.5385361762983836,-0.9784310243720258,-0.24354643241090282,6.9223025847133535
5.165221018093486,1.1049984158045385,-2.31919339224881,3.0605081251301343,0.5672142159666513,-2.4676720765918603,-1.0794004068662233,-0.11344316955601287,7.137980175745808
5.195798841718429,1.110665201413816,-2.343542254565444,3.0491826410173486,0.5669030090569162,-2.394688096453354,-1.1800323720496428,0.015459939172366184,7.33856802407735
5.226259264936026,1.11633176731907,-2.36715347859613,3.036855028711892,0.567858466144144,-2.3197674683928278,-1.280022994134145,0.1421626744746272,7.523995741268702
5.256592212251213,1.1220121180708884,-2.3900071094464685,3.0235341290759408,0.5700444925398679,-2.2431017504706974,-1.379060966311203,0.26567780266770297,7.694234508663499
5.286787540731389,1.1277206365736387,-2.4120844574165607,3.009231514185126,0.5734149727170121,-2.1648908262978352,-1.4768317312821455,0.3850491538757084,7.849301899843506
5.316835040006405,1.1334720840854684,-2.433368098001009,2.9939614873285345,0.5779137703098924,-2.0853429050355703,-1.5730222212718297,0.49936986032153824,7.98926637815653
5.346724350812029,1.139281673987012,-2.4538419194921772,2.9777399518535126,0.5834814957020005,-2.00466565322873,-1.66731672284281,0.607799091445522,8.114245335326512
5.376443908936341,1.1451642167785723,-2.473493668150578,2.9605672862411248,0.5901722074393038,-1.9228770828159696,-1.759267067210877,0.7095681556962514,8.224371260641393
5.405984430986598,1.151128049002786,-2.492315607618713,2.942469898236923,0.5979226830009682,-1.840057961378281,-1.8486432080674555,0.8040067004007744,8.320012460508194
5.435337713114166,1.1571795612919629,-2.510301053495255,2.923484604976991,0.6066125385708665,-1.7563520979746259,-1.9352995619850784,0.8905054697847556,8.401561361628774
5.464495792970794,1.1633245591478534,-2.527444178547783,2.903647498943211,0.616125564387488,-1.6718988919619258,-2.019090459216881,0.9685246210722716,8.46938628255983
5.493450949708616,1.169568262941649,-2.5437400127127843,2.882993947963266,0.6263497247439387,-1.586833332995061,-2.09987786668269,1.0376109736211374,8.523851766846168
5.522195703980149,1.1759153079139821,-2.559184443095657,2.8615585952106364,0.6371771579879414,-1.5012860010268727,-2.177537972483531,1.0974101641087641,8.565332750273656
5.550722817938293,1.1823697441749252,-2.573774213970706,2.839375359204601,0.6485041765218356,-1.4153830663081601,-2.251966525388456,1.1476741145097267,8.594223370635847
5.579025295236329,1.1889350367039928,-2.587506926781145,2.8164774338102387,0.6602312668025774,-1.3292462893876829,-2.3230828986267555,1.188264346964434,8.6109413441493
5.607096381027926,1.195614065350139,-2.600381040139096,2.7928972882384264,0.67226308934174,-1.2429930211121598,-2.390832906836751,1.2191517436992652,8.615928856034811
5.634929561967132,1.2024091248317597,-2.612395869825591,2.7686666670458404,0.6845084787055128,-1.1567362026262693,-2.455190448985295,1.2404133649438782,8.60965086861852
5.662518566208381,1.2093219247366906,-2.6235515887905683,2.743816590134956,0.6968804435147024,-1.0705843653726497,-2.5161580802662757,1.2522269169250826,8.592591661362544
5.689857363406488,1.216353589522209,-2.6338492271528766,2.7183773527540462,0.7092961664447317,-0.9846416310918975,-2.5737666346706205,1.2548634175668993,8.565250302740116
5.716940164716654,1.2235046585150329,-2.643290672200272,2.692378525497184,0.7216770042256406,-0.8990077118225706,-2.6280740294555383,1.248678549435283,8.528135628956038
5.74376142279446,1.230775085911321,-2.6518786683894198,2.665848954304241,0.7339484876420858,-0.8137779099011846,-2.6791633853469,1.234103125409492,8.481761180281005
5.770315831795874,1.2381642407766722,-2.6596168173458934,2.6388167604608874,0.7460403215333402,-0.7290431179622157,-2.727140593924102,1.2116330280880474,8.426640429735311
5.796598327377245,1.2456709070461274,-2.6665095778641748,2.6113093405985923,0.7578863847932941,-0.6448898189380989,-2.7721314578581597,1.1818189227582954,8.363282535586414
5.822604086695304,1.2532932835241675,-2.672562265907655,2.5833533666946242,0.7694247303704541,-0.5614000860592303,-2.8142785217503934,1.1452559881053783,8.292188760889987
5.848328528407169,1.2610289838847142,-2.677781054608633,2.5549747860720498,0.7805975852679435,-0.4786515828539628,-2.8537377021804793,1.1025738598118267,8.213849630716911
5.8737673126703385,1.2688750366711306,-2.6821729742683167,2.526198821399735,0.7913513505435027,-0.3967175631486113,-2.8906748158740254,1.0544269400956057,8.128742840245497
5.898916341142695,1.2768278852962198,-2.685745912356822,2.4970499706923435,0.8016366013094883,-0.31566687106744906,-2.925262095074559,1.001485190802692,8.037331883331946
5.923771756982505,1.2848833880422261,-2.6885086135131737,2.4675520073103403,0.811408086732874,-0.23556394103270906,-2.9576747695147287,0.9444254983272597,7.940065339890159
5.948329944848417,1.2930368180608351,-2.6904706795453053,2.4377279799599867,0.82062473003525,-0.1564687977645829,-2.9880877849640157,0.8839236746217696,7.8373767396493585
5.972587530899463,1.3012828633731723,-2.6916425694300585,2.4076002126933442,0.8292496284928235,-0.07843705628122333,-3.0166727192372256,0.8206471390621719,7.729684907851561
5.996541382795058,1.3096156268698045,-2.692035599313184,2.3771903049082734,0.837250053436418,-0.0015199218987418384,-3.0435949477781286,0.7552483101471177,7.617394693536266
6.020188609695005,1.3180286263107392,-2.6916619425093407,2.3465191313484324,0.8445974502514741,0.0742358097687914,-3.069011102457072,0.6883587231947287,7.50089798172547
6.043526562259482,1.326514794325425,-2.6905346295020953,2.31560684210328,0.8512674383780491,0.1487877528093451,-3.093066859001488,0.6205838797056614,7.380574895732013
6.066552832649056,1.3350664784127508,-2.6886675479439246,2.2844728626080713,0.8572398113108166,0.22209793101292963,-3.1158950804809176,0.5524988253408212,7.256795103813432
6.089265254524676,1.3436754409410467,-2.686075442656213,2.253135893643863,0.8624985365990674,0.29413277787159586,-3.1376143364731757,0.48464444607297147,7.129919154498341
6.111661889253575,1.3523329678048173,-2.68277367597574,2.2216138320762178,0.8670306793027761,0.3648627543940163,-3.1583291614635165,0.417525852367428,7.00029813592385
6.13374047581184,1.3610343327387182,-2.6787689784337383,2.1899170893294335,0.8708000843923498,0.43425096553251646,-3.1781670320046302,0.35166982445086986,6.868236549955204
6.1554990899319115,1.36977371085513,-2.6740721970259087,2.1580469600666987,0.8738319774301218,0.5022793506448081,-3.197180595793056,0.2875541724353637,6.734124024368319
6.176936151565922,1.3785436299863356,-2.6686987225355754,2.126005247967706,0.8761787984173313,0.5689411376410004,-3.21537998428766,0.22558149545186373,6.598377599608665
6.198050152486315,1.387337034803636,-2.6626637130069732,2.093794526844788,0.8778913916209309,0.6342315746377605,-3.2327667381690066,0.16610419899228807,6.461396983461688
6.21883965628585,1.3961472868173481,-2.6559820937452496,2.061418140642915,0.8790190055735859,0.6981479299583135,-3.249334014489246,0.10942627060620852,6.323564887499834
6.239303298377598,1.4049681643768064,-2.648668557316463,2.0288802034396958,0.8796092930736752,0.760689492132443,-3.2650670336838896,0.05580537104175689,6.185247457988373
6.259439785994943,1.4137938626703614,-2.640737563547582,1.996185599445379,0.8797083111852902,0.8218575698964895,-3.2799437226507475,0.005455158775620186,6.046794748879983
6.279247898191585,1.4226189937253813,-2.6322033395264874,1.9633399830028515,0.8793605212382359,0.8816554921933528,-3.2939355137581328,-0.04145222144166094,5.908541199224889
6.2987264858415335,1.4314385864082504,-2.623079879601972,1.930349778587639,0.87860878882803,0.9400886081724901,-3.307008263196506,-0.0847835442773405,5.770806089190924
6.317874471639115,1.44024808642437,-2.6133809453837378,1.8972221808079053,0.8774943838159034,0.9971642871899166,-3.3191232555256853,-0.12444185224245095,5.633893958362393
6.336690850098966,1.4490433563181582,-2.603120065742401,1.863965154404454,0.8760569803288001,1.0528919188082053,-3.3302382645885817,-0.16036378678855953,5.49809497745864
6.3551746875560395,1.4578206754730503,-2.592310536809486,1.8305874342507265,0.8743346567593773,1.1072829127964878,-3.340308644158423,-0.19251693449483406,5.363685270424773
6.3733251221656,1.4665767401114977,-2.580965421977431,1.7970985253528031,0.872363895766005,1.1603506991304537,-3.349288424755705,-0.2208972141636942,5.230927188296401
6.391141363903224,1.4753086632949695,-2.569097551899584,1.7635087028494039,0.8701795842727665,1.2121107279923498,-3.3571313960090894,-0.245526324848994,5.100069539582995
6.408622694564804,1.4840139749239507,-2.5567195244902052,1.7298290120118858,0.8678150134694582,1.2625804697709817,-3.3637921567348896,-0.2664492697632227,4.971347784367695
6.425768467766545,1.4926906217379436,-2.5438437049244658,1.6960712682442463,0.8653018788115894,1.3117794150617126,-3.3692271175658357,-0.283731966574325,4.8449842010668025
6.442578108944964,1.5013369673154673,-2.5304822256384476,1.6622480570831204,0.8626702800203826,1.359729074666464,-3.3733954434631386,-0.29745895074735157,4.721188035978405
6.4590511153568935,1.5099517920740577,-2.5166469863291447,1.6283727341977827,0.8599487210827733,1.4064529795937153,-3.37625992578838,-0.30773117526036253,4.600155646497747
6.475187056079477,1.5185342932702675,-2.5023496539544623,1.5944594253901454,0.8571641102514103,1.451976681058504,-3.3777877757853463,-0.3146639071863855,4.482070649281027
6.490985572010173,1.527084084999666,-2.4876016627332165,1.560523026594761,0.8543417600446551,1.4963277504824253,-3.3779513333189444,-0.31838471924968703,4.367104084771004
6.506446375866752,1.5356011981968396,-2.472414214145135,1.5265792038788195,0.8515053872465828,1.5395357794936324,-3.3767286865328034,-0.31903157250608066,4.25541460940856
6.5215692521873,1.5440860806353915,-2.456798276930857,1.4926443934421496,0.8486771129069809,1.5816323799268377,-3.3741041997146066,-0.3167509847395638,4.1471487265785045
6.536354057330214,1.5525395969279414,-2.440764587091932,1.4587358016172198,0.8458774623413505,1.6226511838233098,-3.3700689480957213,-0.3116962779902525,4.042441066893886
6.550800719474204,1.5609630285261262,-2.424323647890822,1.4248714048691364,0.8431253651309059,1.6626278434308768,-3.3646210595594557,-0.30402589781287565,3.9414147278184903
6.564909238618298,1.5693580737205994,-2.4074857298509,1.3910699497956447,0.8404381551225738,1.7016000312039234,-3.3577659642920965,-0.29390179639425545,3.844181681858571
6.578679686581829,1.5777268476410313,-2.39026087075645,1.3573509531271284,0.8378315704289947,1.7396074398033938,-3.34951655428714,-0.2814878715172821,3.7508432616106564
6.592112207004452,1.5860718822561093,-2.3726588756526676,1.323734701726611,0.8353197534285217,1.7766917820967896,-3.3398932553133047,-0.2669484535320115,3.661490728817909
6.60520701534613,1.5943961263735371,-2.3546893168456595,1.2902422525897537,0.8329152507652213,1.8128967911581695,-3.328924014489634,-0.25044683296814496,3.5762059332420524
6.61796439888714,1.6027029456400355,-2.3363615339024433,1.2568954328448563,0.830629013348873,1.848268220268152,-3.3166442069880144,-0.2321438221807806,3.4950620655829714
6.630384716728074,1.610996122541342,-2.317684633650949,1.2237168397528582,0.828470396354969,1.8828538429139121,-3.3030964656180686,-0.21219634544772237,3.4181245068544017
6.642468616478784,1.6192784914031613,-2.298665801702482,1.1907220113782926,0.8264528963763306,1.9166962058448775,-3.288327361234797,-0.1907147142293337,3.3454695356348756
6.654218609419319,1.6275466129479317,-2.2793062257860646,1.157893136330294,0.8246152403749529,1.9498100942990984,-3.2723743962703695,-0.16763573329753098,3.2772401104763724
6.665637691966647,1.6358006528195645,-2.2596140428641025,1.1252367660959715,0.8229801375473758,1.982237248556834,-3.255288463828654,-0.14303389718669257,3.21351453656647
6.676728752904189,1.6440417563729064,-2.2395976781614393,1.092762827568143,0.8215675866685433,2.0140251069415553,-3.2371291511805014,-0.11699454107587161,3.1543620298758577
6.687494622535539,1.6522713697943512,-2.21926480588751,1.0604803857867577,0.8203978508563664,2.0452227629931263,-3.2179629522288518,-0.08958949509265451,3.0998543194595722
6.6979380726844555,1.66049124010184,-2.198622349236341,1.028397643938896,0.8194914575717218,2.0758809654678037,-3.1978628951215304,-0.06087602343901716,3.050067386993947
6.708061816694871,1.6687034151448616,-2.1776764803865496,0.9965219433587692,0.8188691986184533,2.106052118338236,-3.176908138793849,-0.030895719115023933,3.0050833420895513
6.717868509430884,1.676910243604452,-2.1564326205013447,0.9648597635277198,0.8185521301433707,2.135790280793466,-3.1551835455295767,0.00032665682940458054,2.9649924360000313
6.727360747276768,1.6851143749931945,-2.1348954397285262,0.9334167220742219,0.8185615726362503,2.1651511672389274,-3.1327792360917095,0.03278440183484064,2.929895216161131
6.736541068136958,1.6933187596552197,-2.113068857200486,0.9021975747738802,0.8189191109298349,2.194192147296448,-3.109790133435874,0.06649017364097108,2.899904823684144
6.7454119514360675,1.7015266487662057,-2.0909560410342056,0.8712062155494309,0.8196465941998337,2.2229722458042476,-3.0863155005000107,0.1014773758920185,2.8751494354604907
6.753975818118874,1.709741594333378,-2.068559408331259,0.8404456764707411,0.8207661359649221,2.251552142816939,-3.0624584770863956,0.1378016350068211,2.855774851880739
6.762235030650326,1.7179674491955095,-2.045880625177811,0.8099181277548091,0.8223001140867424,2.279994173605528,-3.03832562043696,0.17554237459696545,2.841947230305936
6.770191893015543,1.7262083670229202,-2.0229206066446186,0.7796248777657647,0.8242711707699029,2.308362328657412,-3.014026453772366,0.21480449239649269,2.8338559633300004
6.777848650719813,1.7344688023174775,-1.9996795167870287,0.7495663730148686,0.8267022125619783,2.336722253676383,-2.989673026841214,0.2557201432009425,2.8317166995218144
6.7852074907885935,1.7427535104125966,-1.97615676864498,0.7197421981605128,0.8296164103535101,2.3651412495826234,-2.9653794924308436,0.29845062969150027,2.8357745027224843
6.792270541767512,1.7510675474732393,-1.952351024243002,0.6901510760082198,0.8330371993780059,2.39368827251271,-2.941261702848939,0.34318840123480565,2.8463071440920737
6.799039873722366,1.7594162704959155,-1.9282601945902162,0.6607908675106444,0.8369882792119399,2.4224339338196117,-2.9174368306197436,0.39015915879629676,2.863628518953162
6.805517498239123,1.7678053373086822,-1.9038814396803354,0.6316585717675716,0.8414936137747525,2.4514505000726903,-2.894023018075851,0.43962406198743514,2.8880921780795066
6.811705368423919,1.7762407065711432,-1.8792111684916626,0.6027503260259182,0.8465774313288507,2.4808118930577,-2.871139061192031,0.4918820319930453,2.9200949604498416
6.8176053789030595,1.784728637774451,-1.8542450389870928,0.5740614056797314,0.8522642244796079,2.5105936897767878,-2.8489041339289525,0.5472721417141874,2.9600807116691805
6.8232193658230225,1.7932756912413037,-1.8289779581141123,0.5455862242701903,0.8585787501753639,2.540873122448494,-2.8274375605591233,0.606176081944982,3.0085440693064545
6.828549106850452,1.8018887281259484,-1.8034040818047985,0.5173183334856052,0.8655460297074249,2.571729078507751,-2.806858644962319,0.6690206898242548,3.066034293380929
6.833596321172164,1.8105749104141786,-1.7775168149758196,0.48925042316141654,0.8731913487100634,2.6032421006058835,-2.7872865677295473,0.7362805232275726,3.1331591172429896
6.838362669495144,1.8193417009233355,-1.7513088115284354,0.4613743212801972,0.8815402571605188,2.6354943866106098,-2.768840364127805,0.8084804622740892,3.2105885912515157
6.842849754046545,1.8281968633023074,-1.7247719743484975,0.4336809939716504,0.8906185693789962,2.6685697896060403,-2.7516389985733363,0.8861983168185722,3.299058889084192
6.847059118573694,1.8371484620315304,-1.6978974553064476,0.4061605455126108,0.9004523640286677,2.702553817892679,-2.7358015542553495,0.9700674168076553,3.399376044383195
6.850992248344083,1.8462048624229872,-1.6706756552573199,0.3788022183270442,0.9110679841156715,2.7375336349874213,-2.721447559954478,1.0607791608479924,3.5124195839063765
6.854650570145376,1.855374730620209,-1.6430962240407383,0.35159439298604733,0.9224920369891124,2.773598059623556,-2.708697479911197,1.1590854974311773,3.639146022602667
6.858035452285407,1.8646670335982733,-1.6151480604809196,0.3245245882078487,0.9347513943410616,2.8108375657507647,-2.6976733968085425,1.2658013131714765,3.780592186239755
6.861147593316206,1.8740984350400949,-1.5868081891222343,0.2975363056814384,0.9481715915873836,2.8496684397612313,-2.6888074025644633,1.3820071161050875,3.93851158378266
6.863988417189889,1.8836821060236735,-1.5580568276113422,0.27057870158133945,0.9630789569130008,2.8904918221998437,-2.6825546091457273,1.5090589090179412,4.114952882157791
6.866560175648256,1.8934211589491978,-1.528888451458635,0.24365873154091106,0.9794152256799833,2.933287489904465,-2.6789855181298763,1.6482115838723628,4.311332040768256
6.868864448199864,1.9033222461079036,-1.499292571834254,0.21677398444151846,0.9971724505576763,2.9780987120768403,-2.6782262038836215,1.8008086906750058,4.529256625786636
6.870902138449635,1.9133955972226173,-1.469253681037256,0.18991248187448362,1.0163943407589437,3.025033724455708,-2.6804656675217657,1.9683320189879592,4.770579859074397
6.872673474098848,1.9236550194477555,-1.4387512524956116,0.16305267814108557,1.037176262040167,3.0742657293168034,-2.6859621421109936,2.1524566477310914,5.037460015326881
6.874178006945146,1.9341178973693258,-1.407759740766206,0.13616346025256032,1.0596652367012467,3.126032895472857,-2.6950499056232062,2.355112655010143,5.332428222295427
6.875414612882533,1.9448051930049253,-1.3762485815348378,0.10920414793010072,1.0840599435856006,3.1806383582735944,-2.708146887746617,2.5785540684697494,5.658465158330448
6.876381491901374,1.955741445803742,-1.3441821916162207,0.08212449360485663,1.1106107180801656,3.238450219605736,-2.7257634580031143,2.8254357571774,6.019087242957115
6.877076168088396,1.9669547726465542,-1.3115199689539827,0.05486468241793491,1.1396195521153967,3.299901547892999,-2.748512902833328,3.0988991468526206,6.418443065571496
6.877495489626689,1.9784768678457307,-1.2782162926206657,0.02735533222039921,1.1714400941652667,3.365490378096095,-2.7771242468556228,3.4026678822731755,6.861420999203976
6.877635628795702,1.9903430031452303,-1.2442205228177259,-0.0004825064267297008,1.206477649247267,3.435779711712731,-2.8124582596661285,3.7411548639528855,7.35376920466237
6.877492081971248,2.0025920277206026,-1.209477000875534,-0.028737350252474203,1.2451891789224072,3.5113975167776106,-2.8555277290215773,4.119582450250159,7.902229548916948
6.877059669625499,2.0152663681789873,-1.1739250492533748,-0.05750728327589977,1.288083301295215,3.593036727862431,-2.9075233928764797,4.544118040590353,8.514687343991852
6.8763325363269905,2.0284120285591145,-1.1374989715394475,-0.0868999568061149,1.335720291013737,3.6814552460758856,-2.969847330350079,5.022027740929535,9.20033926277981
6.875304150740618,2.0420785903313052,-1.1001280524508659,-0.11703258944227102,1.3887120792695364,3.777475939063664,-3.044156144950797,5.5618513609590705,9.969882310065804
6.873967305627641,2.0563192123974705,-1.061736557833657,-0.14803196707356275,1.4477222537976968,3.8819866410084503,-3.1324169685671257,6.173602607952693,10.835727323468276
6.872314117845678,2.071190631091111,-1.0222437346627635,-0.18003444287922787,1.5134660588768183,3.995940152629924,-3.2369802150813896,6.868999030818448,11.812241148602514
6.870336028348711,2.086753160177319,-0.981563811042041,-0.21318593732854663,1.5867103953290203,4.12035424118476,-3.3606741676305343,7.661727037112563,12.916022363630761
6.868023802187081,2.103070690852776,-0.9396059962042607,-0.24764193818084324,1.66827382051994,4.256311640466629,-3.506927947389344,8.567748160804548,14.166216186795248
6.865364033846802,2.1202252071111563,-0.8962567492581509,-0.2836451388751192,1.7593187500105216,4.405304246351471,-3.680340909793235,9.60745305462963,15.587330745750634
6.862332263987268,2.1383511219952456,-0.8513363089250573,-0.32163608913992886,1.8618589830703436,4.569853143277515,-3.8876939201093985,10.810276184599557,17.215121934399654
6.858913124524572,2.1575524748920434,-0.8047000032097527,-0.36181518190875084,1.9771066741286778,4.751556987256071,-4.135999838172919,12.205543102437886,19.08376592890267
6.855084214175539,2.1779621398826623,-0.7561682866993619,-0.4045701554033355,2.106944234524722,4.952789866727726,-4.435057021724815,13.83225919355011,21.23896578062773
6.850814259120219,2.1997490659664507,-0.7055180122152516,-0.450520291936973,2.2540838910778103,5.176887515271949,-4.798562013323235,15.743094840609084,23.742570609336568
6.846063113001887,2.2231182770609936,-0.6524824308130301,-0.5005164179144931,2.422067686087414,5.428147311607088,-5.2454045542771235,18.0082372862912,26.676759279105053
6.840781756927039,2.2483108720021145,-0.5967511917825452,-0.555640903832268,2.6152674773331497,5.711828279590376,-5.80155161936127,20.720265921568277,30.14931762480281
6.834912299465401,2.2756040245438705,-0.537970342647893,-0.6172076642782023,2.8388849380747434,6.034151088217896,-6.502798544383872,24.00038971876919,34.300386124128906
6.82838797664992,2.3053109833585586,-0.4757423291674051,-0.6867621579317471,3.098951557052084,6.402298051624636,-7.398790272544379,28.0064763879569,39.31115935775671
6.82108734253429,2.337880502829281,-0.4095119936861753,-0.76819274116671,3.407158931439942,6.830247803973022,-8.572390114400314,33.00411088778641,45.49415984547045
6.8129107382742164,2.373771182017839,-0.3387100310685799,-0.8636378406548857,3.7723004478023854,7.328235898917853,-10.129245516740015,39.29033656533046,53.18725573611424
6.803778212721996,2.413469943985078,-0.26272979925057754,-0.9738309418593287,4.200836533212822,7.903342728077303,-12.208233508301902,47.19933234376672,62.758952368507806
6.793476511305619,2.457807355283216,-0.1805652377827176,-1.1055923653803612,4.713470138177803,8.579588168020406,-15.062156831193263,57.380774802720666,74.9619185457472
6.781657598443657,2.5079606915639596,-0.09080735150575359,-1.2719002747677814,5.345305332938842,9.398123810379673,-19.132453831018143,70.95582344242321,91.11873347910503
6.767838657545262,2.565453937578507,0.008355789449357609,-1.4918906765208648,6.14584730747241,10.417232961851095,-25.17817347609447,89.75009350736204,113.40492999638512
6.751402091010165,2.632157787177546,0.119139049661455,-1.7908574200883631,7.179002371489942,11.712330644194143,-34.49564282029513,116.65039200690028,145.29280231604506
6.7314778622542875,2.7105680143229463,0.2444976982229039,-2.2091314491231606,8.54171221873437,13.399310820884532,-49.45332538510541,156.69649821641946,192.9413882146794
6.7066011681775075,2.8046574259694177,0.3891565647756884,-2.815634148398117,10.390407965676886,15.665992434877724,-74.59802670427719,219.2536258696916,268.0077444313764
6.674083997650803,2.9210886797153837,0.5611442979367403,-3.7610576082429676,13.057153369048208,18.92029311171246,-120.14445767775972,326.0325599331199,397.8546498213266
6.629066722469838,3.0713339308344696,0.7743448175349172,-5.369573381825667,17.262624414012688,24.04686389575579,-211.06784681079733,533.6234941652381,652.9931606663955
6.562182864812753,3.2765866238150947,1.0549742115803955,-8.340254604942347,24.580164560091056,33.02384647443717,-408.4959134293742,1009.7680813035558,1226.0785174149078
6.4522071658988915,3.590836782986938,1.4658824733229663,-14.312282706141854,40.42093904180514,51.29164873168445,-824.8156592182836,2424.1137945422174,2609.0422733372875
6.26271687723545,4.171624202308427,2.1357910661966164,-23.195821583510273,82.28390982200835,83.13012129935025,-591.7321293388374,6323.450341571126,2650.9903050993826
6.007783009229581,5.361225575307023,3.0079841424992306,-30.144366885207678,158.53702195493068,82.61847815729426,-1990.1387520962498,8074.732534861141,-2140.779000901823
5.593528031454074,7.248888889433025,3.753296057790946,-49.49089350068796,202.86501620758668,74.62612308913168,-580.0569909310011,-904.5953489444134,2560.3282339621333
5.133513576334118,9.000350871320315,4.572332993557282,-34.731772765942765,132.59845542127044,76.9280688583566,3325.6137998176973,-8766.118976353611,-1942.996924678309
4.935328631215049,9.947865231910853,5.296133624194864,-7.004304740570795,61.07744723667497,70.1478495032222,2178.27352297657,-6030.191224221893,-681.748474897301
4.95188737004061,10.31080760664154,5.936920706331934,8.377855329744774,16.468020909834664,55.52319575422324,988.5125009791484,-2996.6715153681976,-1964.2527959744918
5.072945937340777,10.360126878341093,6.395703373297208,14.822989667718474,-3.8239461134920116,36.71477985434818,393.75940238027243,-1314.98978986045,-1655.2181871139558
5.236437694731416,10.269422242189036,6.689960585386874,17.4705634120357,-13.206275372669317,23.076348904954042,166.39508085990568,-648.6144415168369,-1066.207560940983
5.417313783893978,10.111651739915532,6.877909693286799,18.45533407143672,-17.678645526176474,15.540636663598988,34.83358156074854,-256.03489578089386,-418.5287282702856
5.60175337618876,9.928269883340773,7.02476097491879,18.1969389792987,-18.33364519662457,15.011626494478204,-84.2576299093332,122.84538223290723,307.4658010459094
5.777910600155174,9.756569191194178,7.2007970345590495,16.831761912421552,-15.425959679447619,21.085503882522318,-184.17623122595467,446.17716909970767,855.2913026735924
5.935218667691341,9.630284176004274,7.461340958792952,14.36743775799127,-9.173390570309627,31.612429250069013,-323.0314069657293,837.3699946241252,1229.9348006665596
6.058802719304077,9.591149091862682,7.8441465336913225,9.84030039629267,2.6883308103490453,45.18842367367867,-617.7628091291283,1638.919456743719,1421.7828930577195
6.11878077639026,9.722949606548196,8.363394603459808,1.3471690393658804,26.271174851671866,57.61688297875399,-1080.002166116983,3196.0484755542793,842.1823809000366
6.074813496209184,10.173815165819509,8.950099796507464,-10.22294066392307,66.34295495584534,55.85502202649841,-1165.5868413935739,4599.214918734225,-1446.9259560063526
5.9046860546299325,11.071102094339413,9.402555879554347,-24.987350297433995,111.59752550760501,31.091936048943346,-1846.8489864378123,3823.4885356751665,-3295.7502448134405
5.5776928365876035,12.305668403081476,9.55002624832014,-37.62552640063964,127.89964342105814,0.676495003452473,-262.6437514791893,-376.095069039721,-2098.2366203650513
5.213662466340226,13.573049602957104,9.549953135167609,-32.664009919517405,125.42895604765776,8.502383599441623,1245.715100185321,-734.3584010343958,3068.4266986185253
4.96699028846179,14.719398236214246,9.801313856354737,-15.962360291387379,97.04382501407476,41.4425834503289,1679.8698101959692,-4525.682963942956,2984.7475636541753
4.889142108484131,15.446763945689613,10.329626334089115,0.5188151593536219,47.90191977238973,59.77902250478607,1700.4147274166469,-4746.302571362204,488.87110581196526
4.9734308290644,15.716547924124058,10.913508009358068,15.3666863156506,9.227841981165238,53.58087614439107,1158.6105790724203,-2890.2679229186633,-1490.4074902707837
5.174318261414504,15.691801218887411,11.36077307550162,23.816629026342596,-11.824527444132901,34.89258179534272,592.4545822797792,-1489.13950535011,-2038.9093974171096
5.437509699305872,15.51051273168937,11.6089221088948,28.399052846503753,-23.501338881723328,14.975611770285566,369.41637181370163,-951.1673998199132,-1905.5735220239183
5.738797417039693,15.231914733428775,11.668466063283665,31.653327907926382,-31.717669984495476,-2.3550789144465867,273.3562560407441,-656.4349601391573,-1429.793467804773
6.065531324618909,14.892295812765562,11.595621878344634,33.11610421651471,-34.79166083829971,-9.362564131776276,-28.13437988192176,135.00260111859598,240.1331694616708
6.3895915107790495,14.565106385423045,11.545453625125967,31.137640755912848,-29.391025864703114,1.981952163313057,-321.9302037356437,845.9387202180309,1812.101515904647
6.682817003134871,14.320382043314474,11.668565901207558,27.200937787974386,-18.71551063717988,23.718442870905037,-479.5312852620397,1342.1463061344314,2488.9342077561696
6.9248263514828885,14.219003723421222,12.042134701099652,20.260474825735997,1.0666108537054777,52.01325134410887,-1031.0932815572423,2952.7319920246937,3132.202298667914
7.054296251591362,14.441718089999778,12.71149388673254,3.09494704993128,51.27443815091759,78.60907175712806,-2473.7904031247035,7535.543692096797,1032.9577845232577
6.967719662874186,15.342167520288918,13.400108890576275,-16.50023411930359,119.07232505743282,40.813749581698374,-136.02500565476137,1570.270858319806,-9613.590268094702
6.865993778363156,16.39420829898683,13.236103868949776,-3.838062943101578,92.66855670383158,-50.439239424905786,-471.8708305687475,3181.7270457527256,6358.180269505941
6.771286364036074,17.514619981855425,13.386968969225602,-7.445034965956751,106.37937101065711,66.1344013469144,2717.273961884524,-6917.9079745714125,3860.8132924925644
6.85906117840647,18.198964286082756,14.089169386864446,24.296680649489268,33.280759540293786,64.3418018451921,2613.4410790657666,-5845.885982540089,-2530.695614625634
7.202711858850373,18.303566357286172,14.572121340840532,41.73001759912124,-6.742058871229208,30.144294316912458,1054.1927447205323,-2498.4021398336863,-3788.927851731646
7.662121784694655,18.13847322408309,14.68404809689425,49.42951428034588,-24.45598260144554,-8.063385582128863,667.9973385695271,-1416.5843158661123,-4032.10150899261
8.2003113494439,17.80624667380833,14.356948717758742,60.26429678223327,-46.1526687389771,-66.01942010869236,2126.251302336553,-4329.10061976462,-9922.16195071222
10.456563236048229,11.519779633253581,8.801910808525573,3684.7511050353833,-14762.037842471254,-6212.0000074594755,5580825.792074915,9352363.875959925,-17809640.449006885
