0.,-5.421010862427522e-20,-14.716471647164717
-0.0007353100909655477,-0.1470169749367109,-14.686464793419422
-0.00293929565700399,-0.29372907229506057,-14.656403075529026
-0.006608903288289496,-0.44014205843987286,-14.626144632633297
-0.011741121450471952,-0.5862504821938227,-14.595453296509826
-0.018332878127744298,-0.732048406549667,-14.563999278998683
-0.02638102515245945,-0.8775265223444585,-14.531359917165828
-0.03588229407818645,-1.0226700067224284,-14.497020522393893
-0.04683324555373195,-1.1674592361770648,-14.460375387941669
-0.05923020955675632,-1.3118674460520336,-14.420729021980607
-0.07306921045235626,-1.4558609584295545,-14.377297690566515
-0.08834590799788625,-1.599398330668269,-14.329211328086613
-0.10505548033944183,-1.7424266795669245,-14.275515987184669
-0.12319254702530563,-1.8848862017946,-14.215176840384439
-0.14275106735062165,-2.026704453564381,-14.147081897879332
-0.16372422139459294,-2.16779803944288,-14.070046569108719
-0.18610429524698507,-2.3080713791432403,-13.98281915077198
-0.20988255525500366,-2.4474160625999315,-13.884087383112922
-0.235049116832886,-2.5857102532296707,-13.772486180633301
-0.26159280809747953,-2.72281823030726,-13.64660664280103
-0.2895010287693809,-2.8585900002882965,-13.505006438174712
-0.3187596079176204,-2.992861268402446,-13.346221624505773
-0.3493526544055137,-3.1254522753974747,-13.168779984376647
-0.38126241069603145,-3.2561697161530265,-12.97121585936236
-0.41446910856375535,-3.384804752815026,-12.752086470130985
-0.44895082406496684,-3.5111348221152596,-12.509989685183383
-0.4846833356367085,-3.6349235543007574,-12.243583124593028
-0.5216399924728737,-3.7559212281962084,-11.95160440126881
-0.5597915872483127,-3.873866501387493,-11.632892327606656
-0.5991062393770404,-3.9884865639157914,-11.286408785732629
-0.63954929386763,-4.0994990507321605,-10.911260893805316
-0.6810832306961755,-4.206614141736454,-10.506723124875142
-0.7236675911168529,-4.309533747713861,-10.072258896354608
-0.767258924146024,-4.4079583807648275,-9.607541116808354
-0.8118107588452981,-4.501583352145847,-9.11247110966932
-0.8572735878884681,-4.590107036894851,-8.587195520790827
-0.9035948885381495,-4.673227865385571,-8.032120397947475
-0.9507191570850018,-4.750652195215001,-7.447922154432601
-0.9985879831782881,-4.822092317282903,-6.8355546237716105
-1.047140138806308,-4.887273281331035,-6.196252041762936
-1.0963117074520834,-4.9459325011167286,-5.531527283134728
-1.1460362305004717,-4.997824765171164,-4.84316535242136
-1.1962448892889443,-5.04272370249852,-4.133211739667651
-1.2468667079442461,-5.080424517792508,-3.4039557977888477
-1.2978287821776733,-5.110746820233533,-2.6579091869467626
-1.3490565294338177,-5.133535731145562,-1.897779702075967
-1.4004739612772137,-5.148664861446552,-1.1264408683299458
-1.452003967578844,-5.156037212900973,-0.3468979862661736
-1.5035686217327044,-5.155585727494209,0.4377488525314922
-1.5550894845893397,-5.147275729808408,1.224343703256437
-1.6064879223837747,-5.131102936945692,2.0097150549992584
-1.6576854261438025,-5.107095860889231,2.79071641702153
-1.708603919297139,-5.075313597748903,3.5642661287371507
-1.7591660736268602,-5.035845249390661,4.327385832699956
-1.80929559994299,-4.988810131563218,5.0772363143417465
-1.8589175308894244,-4.9343530313666735,5.8111502464722316
-1.9079585022550363,-4.872648612264423,6.526661307758507
-1.9563469808319605,-4.803889011193603,7.221528450694218
-2.004013495889549,-4.728293635208974,7.893755787706368
-2.050890843297926,-4.646096028354366,8.541607440937524
-2.0969142450390073,-4.5575476021033285,9.163617077163222
-2.142021508270115,-4.462913558407755,9.758592794057362
-2.1861531472164413,-4.362469110788401,10.325617056103997
-2.2292524636908424,-4.256496751585231,10.864041962916186
-2.271265617264243,-4.145284908962236,11.37348063668745
-2.3121416657657377,-4.029124275814335,11.853794943766756
-2.351832577494809,-3.9083058820339898,12.305080088289273
-2.390293220322592,-3.7831185022110607,12.727646678890386
-2.4274813342833195,-3.6538469767541333,13.122000875943915
-2.4633574774208085,-3.5207703537836714,13.488823041784485
-2.4978849610301084,-3.3841595202485824,13.828945560032183
-2.531029764892693,-3.244277241453334,14.143330188538252
-2.5627604408367843,-3.1013752281337257,14.433045440294801
-2.5930480089356047,-2.955694655222828,14.699244380568594
-2.6218658377830217,-2.8074647338513694,14.94314306967096
-2.6491895279921738,-2.656901882132021,15.166000045543205
-2.674996785559713,-2.5042111706419368,15.369096918617355
-2.699267288629183,-2.3495815768339376,15.553720246795478
-2.721982559426697,-2.1931938076320034,15.72114485161725
-2.7431258515447725,-2.0352119439532976,15.87261865835287
-2.7626819998174925,-1.8757899717151374,16.009348746803333
-2.780637325208077,-1.7150699830587444,16.132489137526537
-2.796979507628467,-1.5531821748527896,16.243129733646864
-2.8116974735102427,-1.3902456788346014,16.34228663162964
-2.8247812970048853,-1.226371369925652,16.43089369272704
-2.836222111889946,-1.0616601337084544,16.509795258610275
-2.84601202225017,-0.8962053449404553,16.579739861231516
-2.8541440274343413,-0.7300930226041539,16.641374906060246
-2.8606119598779225,-0.5634036693036134,16.6952422264972
-2.865410428874486,-0.3962126178690341,16.741774397492655
-2.868534779001565,-0.22859152684882245,16.781291773745114
-2.869981056382526,-0.06060945527481722,16.81400016525415
-2.86974598973379,0.10766610888445659,16.83998913454031
-2.8678269802319276,0.27616786408678123,16.859230863859956
-2.86422210499568,0.44482776974536453,16.87157960098657
-2.8589301313311206,0.6135756314124511,16.87677167944752
-2.8519505432012506,0.7823380970014672,16.874426144217487
-2.8432835792879607,0.9510374008273158,16.864046023476064
-2.8329302827335634,1.1195902382907523,16.84502030729155
-2.820892561372396,1.2879067306245058,16.816626704864806
-2.807173261680027,1.4558888817739026,16.778035286937925
-2.791776251710493,1.623430290592482,16.728313098433667
-2.7747065118444563,1.7904145621910665,16.666429849205443
-2.755970240065418,1.9567145720352839,16.591264839409625
-2.7355749623093306,2.1221915958941526,16.501615200359918
-2.7135296541680796,2.286694406294309,16.396205608800837
-2.6898448669500183,2.450058849822936,16.273699556552806
-2.6645328643200332,2.6121067598937553,16.13271231977192
-2.6376077567837966,2.7726466426299314,15.971825636899656
-2.6090856444086237,2.9314721680819744,15.789604218649986
-2.5789847607950005,3.088362954821259,15.584614074750105
-2.547325616962256,3.243083858672393,15.355442630511039
-2.5141311425216273,3.395386560342181,15.100720544772935
-2.4794268195550546,3.545008748915722,14.819145061458013
-2.443240816327243,3.691675904718739,14.509504763165808
-2.4056041051334347,3.835101650620678,14.170705329096608
-2.366550575074214,3.974989578203526,13.801796053235085
-2.326117122714537,4.111034550636976,13.401996548526116
-2.284343733493729,4.242924536431437,12.970723273636045
-2.2412735373563892,4.370342829871827,12.507615163052375
-2.196952846372335,4.492970277509361,12.012557827361096
-2.151431165029051,4.610487884181578,11.48570556927799
-2.1047611748388126,4.722579811316411,10.92750055236017
-2.0569986900219575,4.828935745523507,10.338688403932958
-2.008202583378866,4.929254998084619,9.720329583021591
-1.958434678405375,5.023248336469172,9.073805853865203
-1.9077596147740026,5.110642787541678,8.400821431785861
-1.856244671826358,5.191183229878625,7.703398174771899
-1.8039595753019368,5.264636908659542,6.983864880323308
-1.7509762532864241,5.330795538581519,6.24484008798506
-1.6973685877556661,5.389478232182768,5.489209086746479
-1.6432121121213903,5.440534804382198,4.720094653629547
-1.5885837131850555,5.483846207026341,3.9408227829600375
-1.5335612864355812,5.519329080341113,3.1548832660091457
-1.4782233972299363,5.546933715234268,2.365886652343094
-1.4226489137482698,5.5666489463795745,1.5775179983662229
-1.36691664157709,5.5784986646664985,0.7934888547527341
-1.3111049536822919,5.582545525709773,0.017488483541619165
-1.2552914186395217,5.578887435763861,-0.7468645400307998
-1.1995524436823155,5.567658811323222,-1.4960690074303475
-1.1439629206302433,5.549027857049008,-2.2267851712235385
-1.0885958950198191,5.523195338994962,-2.935875026881198
-1.0335222523906207,5.490392238623471,-3.620438062609046
-0.978810425677698,5.450877292763287,-4.277841769560416
-0.9245261378283535,5.404933801568487,-4.905746263434866
-0.8707321602053654,5.352867633103837,-5.502122977189827
-0.8174881184772896,5.2950021506846605,-6.065266941356142
-0.7648503140716305,5.231677763813662,-6.593803118923646
-0.7128715928115513,5.163244965105646,-7.086686677725049
-0.6616012373211697,5.090065294305418,-7.54319786073543
-0.6110848942963558,5.012503656203324,-7.962931837573507
-0.5613645383571279,4.930929543765058,-8.345784137146353
-0.5124784536855451,4.845710373415846,-8.691932485103875
-0.46446126172365143,4.75721168764604,-9.001815506091837
-0.4173439536077781,4.665792708726961,-9.276109320562425
-0.3711539686778842,4.571805081864937,-9.515702410819411
-0.32591527321917046,4.475590711345505,-9.721669721567677
-0.2816484756447039,4.377479594709478,-9.895246353480978
-0.23837094424336464,4.277789118867067,-10.037801578916056
-0.19609694711679604,4.176822007221682,-10.150813526943907
-0.15483779852733243,4.074866039390116,-10.235844996791869
-0.114602014913865,3.9721929388855886,-10.294520684398064
-0.07539547788465305,3.8690578673175415,-10.328506065204872
-0.0372215999878637,3.7656994724868635,-10.33948810400773
-0.00008149323040664014,3.6623391164133303,-10.329157888565248
0.03602586087800556,3.559181724871819,-10.299195234314032
0.07110344568983665,3.4564151340751588,-10.251255255093893
0.1051560406688805,3.3542111149627116,-10.18695685623746
0.13819006375872772,3.252725296068827,-10.107873064662336
0.17021340949453467,3.1520978505578627,-10.015523107247287
0.20123530180103377,3.052454173977822,-9.9113660910857
0.23126614249443672,2.95390501194933,-9.796796187496616
0.2603173795293225,2.856548572618104,-9.67313912078116
0.2884013694298827,2.7604685184795152,-9.541649887594511
0.3155312486344125,2.665737651307169,-9.403511534904016
0.34172082410046695,2.57241686658378,-9.259834801734305
0.36698445302102933,2.4805559283307064,-9.111658622247774
0.3913369454760502,2.390195470487771,-8.95995122218634
0.41479346575961423,2.3013657917723336,-8.805611800104861
0.437369439212865,2.2140891901594366,-8.649472665915921
0.45908047469927676,2.128379849206859,-8.492301677951428
0.4799422827216172,2.0442442715502898,-8.33480501129864
0.4999706074777221,1.9616826734502313,-8.17763007430886
0.519181162091279,1.8806886787194308,-8.021368570866404
0.5375895675406162,1.801250451260174,-7.8665596522403645
0.5552113010540175,1.723351034367157,-7.713693067331654
0.5720616454876845,1.6469686632119354,-7.563212330334889
0.5881556454350879,1.5720774991684068,-7.415517829761945
0.6035080674996078,1.4986478339763172,-7.27096986797756
0.618133363707748,1.426646543871372,-7.1298916164922055
0.6320456394126588,1.356037471326158,-6.99257195730633
0.6452586245278619,1.2867817303690092,-6.8592682046797
0.6577856474853865,1.2188379632757496,-6.730208701561728
0.6696396124538785,1.152162731375015,-6.605595277915586
0.6808329794874829,1.0867106560290272,-6.485605567868808
0.691377746055323,1.0224346801913937,-6.37039519644629
0.7012854321543949,0.959286370288331,-6.260099814067727
0.7105670664074462,0.8972159153017054,-6.15483700231569
0.7192331740627128,0.8361725170895544,-6.054708043744302
0.7272937678744118,0.7761044159586071,-5.959799547824527
0.7347583376571336,0.7169588865262524,-5.870184976273112
0.7416358438274424,0.6586828047717823,-5.785926019571694
0.7479347126382829,0.601222369756605,-5.70707384948347
0.7536628286831905,0.5445231691803795,-5.63367029561646
0.7588275316403709,0.48853064545387576,-5.5657488808186235
0.7634356140953773,0.43318985974736796,-5.5033357498509545
0.7674933169398274,0.37844550814734296,-5.446450530850275
0.7710063281886141,0.32424233302068156,-5.395107074184606
0.7739797827276217,0.27052488940673763,-5.34931409681752
0.7764182596015541,0.21723753997907141,-5.309075770338901
0.778325782280302,0.16432481789532374,-5.274392199934543
0.7797058196780273,0.11173120973606698,-5.245259819492624
0.7805612849217397,0.05940114450043716,-5.221671736355715
0.7808945366030272,0.007279294928339272,-5.203617978908228
0.7807073806613843,-0.04468960161563155,-5.191085667754397
0.7800010703056001,-0.0965607663857043,-5.184059138823619
0.7787763080595532,-0.1483891054378946,-5.18251997715476
0.7770332484313892,-0.20022937041236505,-5.186446977703322
0.7747714987891379,-0.25213618042442115,-5.195816058628145
0.7719901221949196,-0.3041637677043225,-5.210600088366033
0.7686876408817607,-0.35636611445783856,-5.230768640080147
0.7648620381525383,-0.40879697032215423,-5.256287695830598
0.7605107621752344,-0.46150960106346095,-5.287119264007763
0.7556307305196037,-0.5145569052506117,-5.323220921166589
0.7502183332866295,-0.567991422848598,-5.364545298844131
0.7442694382356762,-0.6218650679456771,-5.411039479317518
0.737779396823336,-0.6762292291889744,-5.4626443101279625
0.7307430489811335,-0.7311347630619213,-5.519293657307952
0.7231547301393556,-0.7866316955441488,-5.580913560434017
0.715008279402503,-0.8427693060012815,-5.647421299139644
0.706297046614462,-0.899596099474491,-5.718724391296717
0.6970139020586098,-0.9571594605748338,-5.7947194845651095
0.6871512476299454,-1.0155057210114462,-5.8752911518999875
0.6767010270605966,-1.0746801028721829,-5.960310612621346
0.6656547393102741,-1.1347263106042946,-6.049634339244113
0.6540034538228359,-1.195686579275199,-6.143102563116844
0.6417378250565904,-1.2576015786308763,-6.240537702799008
0.6288481108294081,-1.3205099329429697,-6.341742675018957
0.6153241929877997,-1.3844482441838488,-6.44649910548965
0.6011555976766537,-1.4494509434023375,-6.5545654666844095
0.5863315201735986,-1.515549725201107,-6.665675104572536
0.5708408529278226,-1.5827735075370757,-6.779534175058
0.5546722124849021,-1.6511484240380792,-6.895819534067017
0.5378139720820216,-1.720696922829371,-7.014176536564443
0.5202542994669795,-1.7914376783201191,-7.134216766081457
0.5019811942786371,-1.8633855411794358,-7.255515756064344
0.4829825303758003,-1.9365507257202748,-7.377610681534051
0.46324610333640076,-2.0109386800147107,-7.499998046946003
0.4427596787236673,-2.086549834704499,-7.622131430155342
0.42151104708610954,-2.1633786460263953,-7.743419274744498
0.3994880855437226,-2.2414133247335397,-7.863222775643107
0.37667882068457753,-2.3206357541938414,-7.980853936282842
0.3530714943160622,-2.4010207575358367,-8.09557383327019
0.3286546402003572,-2.482535089289274,-8.206591101722692
0.303417165065601,-2.5651373888057973,-8.31306074748392
0.27734843014522115,-2.6487780506277407,-8.414083368880334
0.2504383388964533,-2.7333979261843844,-8.508704830196116
0.22267743768989473,-2.818927647741305,-8.595916446601086
0.19405701657346253,-2.9052878462559097,-8.674655823600958
0.16456921092007362,-2.9923885571828754,-8.743808424105168
0.13420711465732094,-3.0801280886341105,-8.802209920253752
0.10296489673354177,-3.168392925991347,-8.84864945464264
0.07083792325315769,-3.257057221789307,-8.881873895226265
0.037822881728354754,-3.34598226874074,-8.900593177749565
0.003917913373959372,-3.4350162555300727,-8.90348681015829
-0.030877259905865498,-3.523994678388014,-8.889211620100761
-0.06656120069191895,-3.61273881770358,-8.856410786712669
-0.10313061626099512,-3.7010565220655476,-8.803724212052169
-0.1405802267360945,-3.7887424174683284,-8.729800237228924
-0.1789026293239584,-3.87557730547871,-8.633308693569456
-0.21808816364781577,-3.9613290107545946,-8.512955249768922
-0.2581247843957963,-4.045752768175911,-8.367496958821322
-0.29899793646545636,-4.128591408610592,-8.19575889339095
-0.3406904354897523,-4.209576588147174,-7.996651705167846
-0.38318236266601713,-4.2884297481782765,-7.769189858454976
-0.42645096419197026,-4.364862792181865,-7.512510320183143
-0.470470566842292,-4.43858009114262,-7.225891353516443
-0.5152125050045951,-4.509278959103238,-6.908771090011749
-0.5606450612121305,-4.576652301722102,-6.5607654931142205
-0.6067334344669678,-4.640390601382951,-6.1816851885021595
-0.6534397186792056,-4.700182647095563,-5.771550842475951
-0.700722901155593,-4.755718932219615,-5.330606582457061
-0.7485388916371574,-4.806693672531397,-4.8593309107712
-0.7968405677995404,-4.852806713966371,-4.358444800210845
-0.8455778489002318,-4.89376697919786,-3.8289164728741425
-0.8946977936619831,-4.929293597704211,-3.2719625488402464
-0.9441447168897686,-4.959119544262895,-2.6890453553468188
-0.9938603436401701,-4.982993743936662,-2.0818659884472988
-1.0437839717423247,-5.00068261434854,-1.452353362638405
-1.0938526667179405,-5.011973482902797,-0.8026489862022701
-1.1440014774741745,-5.01667595404758,-0.13508771337659786
-1.1941636679694543,-5.014623942217114,0.547825221406337
-1.2442709711405917,-5.005677224706829,1.243440617910837
-1.2942538487694297,-4.9897222899358535,1.9489944967116315
-1.3440417682585786,-4.966673752736925,2.6616396552784303
-1.3935634881136876,-4.93647544177768,3.3784788625347137
-1.442747349890225,-4.89909995189105,4.096598983663692
-1.4915215652431737,-4.854548871281558,4.8131051627495625
-1.5398145083782322,-4.802852928000617,5.525154500156325
-1.5875549970608174,-4.744069935888556,6.229988289163423
-1.6346725675975031,-4.678285906331126,6.924962243925125
-1.681097746181014,-4.605612003307238,7.607574174878506
-1.7267622891481615,-4.526183368538807,8.275488213143708
-1.7715994241910078,-4.4401584786615755,8.926555660174724
-1.8155440610948859,-4.347714978663369,9.558831715913245
-1.8585329841218037,-4.249050073231989,10.170588093714667
-1.9005050325804163,-4.144376658475179,10.760321553800333
-1.9414012424809126,-4.033921248434225,11.326758019917769
-1.981164979209201,-3.9179225921210588,11.868852855443352
-2.019742040642038,-3.796628082741085,12.385787242953892
-2.057080737117958,-3.670292576427763,12.876961070369044
-2.0931319548518217,-3.539175974871358,13.341982775401219
-2.1278491947288725,-3.403540861382517,13.780656444244153
-2.161188589246029,-3.2636508338515804,14.19296663448362
-2.19310890510811,-3.1197688571906377,14.579061453860053
-2.2235715297748424,-2.972155851737428,14.939234299450165
-2.2525404441523165,-2.8210692296453814,15.27390469507194
-2.2799821769441095,-2.6667611825358906,15.58359856136375
-2.305865752886484,-2.5094784720536936,15.86892841303777
-2.330162632665463,-2.349461428701887,16.13057376215008
-2.35284664627245,-2.186943521861247,16.369262013004818
-2.373893919375873,-2.0221503043219324,16.58575006854097
-2.3932827961479037,-1.855299970228811,16.780806867661166
-2.410993764226108,-1.6866030036951607,16.955197051027888
-2.427009378303992,-1.5162624081443437,17.10966582122901
-2.441314186278576,-1.344473761217631,17.24492510896821
-2.453894656346491,-1.1714257389716751,17.361641073698504
-2.4647391116790174,-0.9973007038387096,17.46042302343779
-2.4738376694683857,-0.8222752230824305,17.54181372528021
-2.481182186987286,-0.6465208418781454,17.606281122561978
-2.4867662142975617,-0.470204738982815,17.654211437810407
-2.490584955697151,-0.2934907291087034,17.68590365891092
-2.4926352402638607,-0.11654008153741953,17.701565389154414
-2.4929155008637403,0.06048753169222825,17.701310035652707
-2.4914257630055654,0.23743312029181562,17.685155333196413
-2.488167642691401,0.4141373910039098,17.653023186751035
-2.483144354643444,0.5904397547130491,17.60474084263029
-2.4763607292647642,0.7661775029343443,17.54004337855619
-2.467823239187606,0.9411847461402385,17.45857753144921
-2.457540034735382,1.1152917126985247,17.35990687334586
-2.445520987134399,1.2883238374037236,17.24351834417969
-2.43177774021543,1.4601010856751184,17.108830168019402
-2.4163237680648075,1.6304373141333532,16.955201145975348
-2.399174439371285,1.7991396795769503,16.781941342552482
-2.380347086180988,1.9660082840936992,16.588324142440158
-2.3598610764634977,2.1308358053057366,16.373599654434003
-2.337737889019627,2.2934073872496183,16.137009409872615
-2.314001189160039,2.4535005933973633,15.8778022756875
-2.2886769036439514,2.6108856107282303,15.595251471825321
-2.261793293301453,2.765325506054176,15.288672547007481
-2.2333810213046106,2.9165768673322305,14.957442122871477
-2.2034732150188105,3.064390347566235,14.601017174114956
-2.1721055210524858,3.208511696372085,14.21895458941664
-2.139316147909942,3.3486828869754923,13.810930653943615
-2.1051458998715282,3.484643098966337,13.376760162840702
-2.069638194337029,3.6161307897847976,12.91641470351718
-2.0328390639612586,3.7428846127265536,12.430039722524329
-1.9947971445958796,3.8646458290786323,11.917969974489502
-1.9555636375203582,3.9811601860803516,11.380742774982044
-1.9151922588640875,4.092179391219348,10.8191088028376
-1.8737391655598807,4.197464197208345,10.234039910029681
-1.8312628531025947,4.296786046737335,9.626733498953515
-1.7878240410348578,4.389929462903594,8.998613370659708
-1.7434855274449967,4.476694389927354,8.351326532949479
-1.6983120254601483,4.556898295492341,7.686735979745867
-1.6523699769272635,4.630378302943527,7.006909300071453
-1.605727345701414,4.69699319624221,6.314103180464572
-1.558453392178851,4.75662515679871,5.610743964584193
-1.5106184314396844,4.809181377915688,4.89940455635008
-1.4622935740377183,4.8545956370943255,4.182778012734391
-1.413550460364553,4.892828483119785,3.4636484477173384
-1.3644609791688846,4.92386974392441,2.7448596576053763
-1.3150969842487468,4.947736472221654,2.029282292957868
-1.2655300111482986,4.964475637199611,1.3197802701411336
-1.2158309844160462,4.974161888561573,0.6191769848649501
-1.166069943098268,4.97689808266683,-0.06977758116060614
-1.1163157595438282,4.972814097541263,-0.7444385379350852
-1.0666358791717951,4.962065485631031,-1.4022955337020608
-1.0170960683203905,4.9448321052553394,-2.0409995904241027
-0.9677601791522713,4.9213167133205005,-2.6583867291371224
-0.9186899338440423,4.891742059110349,-3.2524979827887788
-0.869944730182669,4.8563502256532525,-3.8215955057027085
-0.8215814633739407,4.815398698353723,-4.3641746829412496
-0.7736543837714438,4.769159337308332,-4.878971973991055
-0.7262149594327828,4.7179154075922405,-5.36496890241452
-0.6793117867398508,4.6619584981716296,-5.821391886849329
-0.6329905013599997,4.601587989594509,-6.2477086640749375
-0.5872937336501044,4.537105668575732,-6.643621176319243
-0.5422610746088283,4.468817120710913,-7.009055634561521
-0.4979290673936468,4.3970257503639765,-7.344150019370391
-0.4543312266355575,4.322034035755194,-7.649239455996202
-0.41149806295567204,4.24413929978087,-7.924840069757349
-0.3694571445764526,4.163633167509331,-8.171631533987641
-0.328233155638685,4.080799923836126,-8.390438999048268
-0.2878479859825013,3.9959144388975885,-8.582214571089558
-0.24832082156661958,3.9092421286320898,-8.748018875253486
-0.20966825232342987,3.8210367723414285,-8.889002918623161
-0.17190438715855147,3.73154064937941,-9.006390574150927
-0.13504097521547306,3.640983325594543,-9.101461903309495
-0.09908753461690886,3.549581356362976,-9.175537489670711
-0.06405148444212097,3.457538027136608,-9.229963928207525
-0.029938278022947906,3.3650430394121473,-9.266100561024746
0.0032484589250797273,3.272272400819079,-9.285307510956926
0.03550679515438099,3.179388826666926,-9.288935042718487
0.06683635643160388,3.086541171519352,-9.278314237841156
0.09723819401701916,2.9938656766715597,-9.25474895621799
0.1267146542841192,2.9014851163509228,-9.21950903087855
0.15526925021461807,2.8095102798088227,-9.17382463470458
0.18290654139055115,2.718039512726315,-9.118881729559345
0.20963201154810926,2.6271596879634225,-9.055818534643157
0.23545195892515186,2.536946610014476,-8.985722891791772
0.2603733837202347,2.4474652147085503,-8.909630475071834
0.28440388741759837,2.35877072635511,-8.828523713147538
0.3075515728637889,2.2709083728237425,-8.743331368644334
0.3298249518027082,2.1839147921959547,-8.65492866772762
0.3512328580599071,2.097817781024706,-8.564137902862683
0.37178436377951335,2.0126374146914596,-8.471729445947886
0.39148870431690896,1.928386202993115,-8.378423074151922
0.4103552042850749,1.8450697075571352,-8.284889581100375
0.42839321213625714,1.7626870974361621,-8.191752576655162
0.4456120364876318,1.681231392442397,-8.099590459074108
0.46202088911827327,1.6006902472117632,-8.008938485017847
0.4776288316025648,1.521046016123859,-7.920290912792592
0.4924447250334155,1.4422763038366042,-7.834103187184057
0.5064771838005924,1.3643543102978046,-7.750794128497449
0.5197345357141137,1.287249502120281,-7.670748081217636
0.5322247828933789,1.2109273127198945,-7.594317037354763
0.5439555651896406,1.135349993953068,-7.521822704362626
0.554934130153064,1.0604767726279245,-7.453558470326682
0.5651673018251768,0.9862638356706093,-7.389791309902232
0.57466145446688,0.912665090127273,-7.330763574400495
0.5834224893877834,0.8396320128951442,-7.276694669395144
0.591455811821708,0.7671140008309307,-7.227782636991918
0.5987663115586612,0.6950585799297946,-7.1842056075344995
0.6053583449569002,0.6234115729189081,-7.1461231347027026
0.6112357190197086,0.5521173208828816,-7.113677404828571
0.6164016773354327,0.48111881557689146,-7.086994319060131
0.6208588872533315,0.41035785406282577,-7.066184451378347
0.6246094289577389,0.33977522401903126,-7.051343875068804
0.6276547858413434,0.2693108020702035,-7.042554861178818
0.6299958362102852,0.19890372183554975,-7.039886447434361
0.6316328464772334,0.12849248562580615,-7.0433948750842115
0.6325654654202907,0.058015088078720495,-7.053123896174599
0.6327927198477254,-0.012590836138490463,-7.069104947138497
0.6323130115652779,-0.08338790879681976,-7.091357188322998
0.6311241152409853,-0.1544389080394437,-7.119887411608746
0.6292231778358864,-0.22580657520604064,-7.154689808787669
0.6266067193536996,-0.2975535476811216,-7.195745601211521
0.6232706344745806,-0.3697422265683559,-7.243022532707367
0.6192101958152616,-0.4424345901167603,-7.296474217440892
0.6144200588231046,-0.5156920848921924,-7.356039340815763
0.6088942676866336,-0.5895754848465303,-7.421640716822968
0.6026262629102905,-0.6641447126405412,-7.493184194453315
0.5956088910687203,-0.739458613027691,-7.570557407366387
0.5878344160714889,-0.8155748430431905,-7.653628371375055
0.5792945320323062,-0.8925496651317999,-7.742243928163813
0.5699803787486294,-0.9704376326952144,-7.836228027033344
0.5598825596515883,-1.0492914428997742,-7.935379847144941
0.54899116149176,-1.1291616898098513,-8.039471768352868
0.537295776966501,-1.2100965114494915,-8.148247184628698
0.5247855310675453,-1.29214129450637,-8.261418160184713
0.5114491095157643,-1.375338441162461,-8.378662948928836
0.49727479056283697,-1.4597269604787584,-8.499623377740212
0.48225048149875205,-1.5453419902486722,-8.623902098160652
0.4663637583391752,-1.6322145863062762,-8.75105973562724
0.449601909132117,-1.7203711945550937,-8.880611954381115
0.4319519829555746,-1.809833069030276,-9.012026451162551
0.4134008436255694,-1.9006159772234479,-9.144719917827908
0.3939352268367643,-1.992729634388621,-9.278055018828827
0.37354180455001057,-2.086176966270362,-9.411337405654104
0.35220725541631226,-2.18095368303369,-9.543812831122837
0.32991833848304186,-2.277047828818817,-9.674664439209229
0.3066619752798801,-2.374438732496011,-9.80301027241408
0.28242533986963125,-2.473096515095016,-9.927901082708278
0.2571959519696935,-2.572981824697108,-10.048318557660059
0.23096177752398478,-2.6740445103708144,-10.16317403737317
0.2037113412594618,-2.776222963987503,-10.271307818593215
0.17543384140464208,-2.879444067238744,-10.371489203125217
0.14611926869452008,-2.983622061963704,-10.462417399163533
0.11575854149226988,-3.0886572070850606,-10.542723379816275
0.0843436436279781,-3.1944361781256223,-10.610972881961692
0.05186776127037778,-3.3008315468022618,-10.665670677564867
0.018325435406251527,-3.4076995977235875,-10.705266227973283
-0.016287277162637025,-3.5148810887484796,-10.728160887012514
-0.05197265149107512,-3.622201535184934,-10.732716778140034
-0.08873113340390068,-3.7294690899439895,-10.717267430701297
-0.12656116174318374,-3.8364746584415013,-10.68013029636734
-0.16545900567130045,-3.9429934294815348,-10.619621184603094
-0.20541860433316408,-4.048783751994892,-10.534070616629313
-0.2464313892153993,-4.153586135772133,-10.42184213885923
-0.2884861202972896,-4.257126004156694,-10.281352473446699
-0.3315687376344657,-4.359113780634676,-10.111093327903074
-0.3756622054313631,-4.459244019462007,-9.909654751238426
-0.42074636637008594,-4.5571983702027925,-9.675749729554518
-0.4667978206094396,-4.652646613098716,-9.40823958677765
-0.5137898084033922,-4.745247587905489,-9.106159877442298
-0.5616921188383543,-4.834652175396815,-8.768746157992846
-0.6104710075537754,-4.920503447928269,-8.39545919230459
-0.6600891412937283,-5.002440806029751,-7.986008866873031
-0.7105055718607246,-5.080102585360973,-7.54037611843873
-0.7616757372002139,-5.153128003255799,-7.058832198299261
-0.8135514920227791,-5.22116149728473,-6.54195456266003
-0.866081157411674,-5.283852659242042,-5.990638840858623
-0.91920960889104,-5.340863399881504,-5.40610607646632
-0.972878406104517,-5.391868805849273,-4.789904633179642
-1.0270259407705358,-5.43656164237003,-4.143906590193792
-1.0815876391581278,-5.474655095683846,-3.470297890723164
-1.1364961567962832,-5.505883860794607,-2.77156285666
-1.1916816440973925,-5.530011744868515,-2.0504621068865503
-1.247072016374941,-5.546828378640237,-1.3100049019743438
-1.3025932513215372,-5.556157786122474,-0.5534160214201067
-1.3581697261534837,-5.55785458165585,0.21590245079060597
-1.4137245311990743,-5.551808995330388,0.9944128097199558
-1.4691798512675853,-5.537948000752194,1.7784873062372581
-1.5244573060952071,-5.516232982406132,2.564455085543514
-1.5794783304944318,-5.486664880016861,3.348650585260324
-1.6341645372769855,-5.449278290800958,4.127461478323287
-1.6884380717913428,-5.404145392891746,4.897375201565684
-1.742221972937619,-5.351371990883652,5.655023256744463
-1.7954405018851496,-5.291096621131985,6.397221770706393
-1.8480194607955747,-5.223488818015791,7.12100782543521
-1.8998864946917045,-5.14874682784322,7.823670786376012
-1.9509713591195954,-5.067094214104421,8.502777884315025
-2.0012061614786174,-4.978777045133575,9.156193855536635
-2.050525572124701,-4.884061945255771,9.782094457754047
-2.098867015484886,-4.783231871950596,10.378974041445531
-2.1461708136478417,-4.676583339551581,10.945647020641637
-2.1923803068993215,-4.564422556274705,11.48124392989554
-2.2374419385330295,-4.447063863406774,11.98520237415996
-2.281305316118466,-4.32482487556488,12.457253586446823
-2.3239232342357887,-4.198025176017644,12.897405043580564
-2.365251675594663,-4.066982240828619,13.305920008729913
-2.4052497841906493,-3.932010533902722,13.683294597969038
-2.4438798169103775,-3.7934178104528504,14.030233102006527
-2.48110707258193,-3.65150435827435,14.347622178481098
-2.5168998034442525,-3.5065603886527485,14.636504542569634
-2.5512291115348456,-3.3588653463004055,14.89805269238419
-2.5840688314124804,-3.2086861875124804,15.13354312701822
-2.615395402731696,-3.056276803543139,15.344331459868778
-2.6451877349620996,-2.9018771789194364,15.5318287427879
-2.673427066018457,-2.7457129985839064,15.697479240476632
-2.700096818977574,-2.5879955432283874,15.842739842516828
-2.7251824565947222,-2.4289214411191136,15.969061205559322
-2.748671333388769,-2.2686726219766893,16.077870669575866
-2.770552557296248,-2.1074176954562036,16.170557014290175
-2.790816848504733,-1.945310801460448,16.248456934362757
-2.809456407435385,-1.7824936074146773,16.312843230122056
-2.826464783581226,-1.6190949566683033,16.36491457046827
-2.8418367616981812,-1.455232532590913,16.405786794299267
-2.855568245551351,-1.2910131417587054,16.436485528564774
-2.8676561580539275,-1.1265335944178543,16.457940084817913
-2.8780983462812038,-0.9618823422494804,16.470978452028042
-2.8868935006471115,-0.7971396478236354,16.47632330199142
-2.8940410816341626,-0.6323794362022168,16.474588864194942
-2.8995412582887674,-0.46766977575537844,16.466278583030352
-2.9033948586137286,-0.3030744413045001,16.45178346546598
-2.9056033296144617,-0.1386537786203213,16.431381034429993
-2.906168710335833,0.025534060460267,16.40523483889085
-2.9050936148929707,0.18943196230239345,16.37339446579529
-2.902381227901357,0.3529827745586028,16.335796035075408
-2.898035310667191,0.5161281271739073,16.292263162040964
-2.8920602188891387,0.6788073154867137,16.242508396715444
-2.8844609312879084,0.8409562609615517,16.186135161536075
-2.8752430894768826,1.0025062958303503,16.122640227755873
-2.864413047973705,1.1633833156205653,16.05141678037118
-2.8519779350945886,1.3235065212804913,15.971758141421867
-2.837945723333567,1.4827876937059448,15.882862224952726
-2.8223253097550556,1.641130009322151,15.783836813722415
-2.8051266049243395,1.798427429630584,15.673705746369562
-2.786360630842056,1.9545636048466828,15.551416115715242
-2.7660396257272164,2.1094114967340216,15.415846567042344
-2.7441771564590094,2.2628323437160436,15.265816795045865
-2.7207882361449736,2.41467555046374,15.10009831319631
-2.6958894472960893,2.5647778041823575,14.917426570869601
-2.6694990677098076,2.7129632885539845,14.716514455697297
-2.6416371995072216,2.8590429770078747,14.496067212474452
-2.6123258980401323,3.002815230122635,14.2547987560283
-2.5815893007625106,3.1440653444251145,13.991449339301834
-2.5494537518242244,3.282566743941206,13.704804464318325
-2.5159479252326915,3.4180800462466707,13.39371492856952
-2.4811029415023107,3.550355839042108,13.057117790270526
-2.444952465378158,3.6791342437320087,12.694057901105488
-2.407532811683578,3.804145931252222,12.303709952359096
-2.368883020795109,3.9251151114348506,11.885400347335395
-2.3290449266685322,4.04175905637322,11.438628695696174
-2.288063210761058,4.153791599910748,10.963088432657841
-2.2459854271211612,4.260924430117266,10.458685919309255
-2.202862015230006,4.362869422153098,9.92555768486456
-2.1587462840441143,4.459340950360281,9.364085111709057
-2.113694376622979,4.550058612556861,8.774906150223112
-2.067765201391861,4.634749695719571,8.158923404455662
-2.0210203484193587,4.713151522426628,7.517308368018288
-1.973523966713668,4.785015088942784,6.851501131027482
-1.925342622282024,4.85010659387337,6.163205511467717
-1.8765451282839964,4.9082107441662375,5.4543793163396215
-1.827202349620257,4.959133002725354,4.727219694534822
-1.7773869825705553,5.002701842430181,3.9841436536102726
-1.7271733123627868,5.038771483415424,3.227763983272608
-1.6766369537567336,5.067222051345886,2.46086100127682
-1.625854572193002,5.087963190320723,1.6863505612613714
-1.5749035953358124,5.100933760798594,0.9072490599155962
-1.5238619052620643,5.106102999577199,0.12663599761500888
-1.4728075390902686,5.103471855916478,-0.6523847229966921
-1.42181837247677,5.093070873015703,-1.4267243092991382
-1.370971813428829,5.07496295916626,-2.1933481502544363
-1.3203445036238173,5.049239286179112,-2.949313653968213
-1.2700120098335501,5.016021577044264,-3.69180630337926
-1.2200485642763996,4.975457122782411,-4.418172361695387
-1.1705267782087807,4.927720098537767,-5.125948679008206
-1.1215174153157268,4.873007769200236,-5.812887861258477
-1.0730891480057916,4.811538595936078,-6.476979488752609
-1.025308374641598,4.743550382170177,-7.116466070272006
-0.9782390283157101,4.669296420841555,-7.7298545583738765
-0.9319424399875029,4.589044509856079,-8.315922626096441
-0.8864772069314556,4.503072397190603,-8.87372049073757
-0.8418991042881374,4.41166671241519,-9.402568073654905
-0.7982610128129191,4.315119123904039,-9.902048183499542
-0.755612879537643,4.213724271695941,-10.371995954373167
-0.7140016995736183,4.107777567173538,-10.812485158025757
-0.673471524912174,3.9975718551662327,-11.223811841316314
-0.6340634915877064,3.883396986277574,-11.606475904370564
-0.5958158731042079,3.7655356822787907,-11.961161066353664
-0.5587641433123284,3.644264258809995,-12.288713872186364
-0.5229410680659915,3.5198486311099635,-12.590122038714297
-0.48837679482822516,3.392545273581486,-12.866492817730709
-0.4550989737336732,3.262598275036439,-13.119031482430044
-0.42313286629916036,3.1302397676350733,-13.349020580347293
-0.3925014857729829,2.9956885950302516,-13.55779990003404
-0.3632257186163382,2.8591498138567433,-13.746747690491723
-0.33532447407156735,2.7208150840596237,-13.917262986808726
-0.3088148129597363,2.580861254702966,-14.070749427494551
-0.2837120975936881,2.439452186864841,-14.208600385205742
-0.2600301228984798,2.2967367481592094,-14.33218562883161
-0.2377812596820112,2.1528515320540422,-14.44283934682803
-0.21697658331696956,2.007918738127209,-14.54184960168813
-0.19762600573051742,1.8620491415986258,-14.630449068818477
-0.17973839608272024,1.7153405430177322,-14.709807026353113
-0.16332170062010454,1.5678798607443702,-14.78102245945801
-0.1483830486072994,1.4197438085052692,-14.845118209101885
-0.13492885594673948,1.2709981612368348,-14.90303601994576
-0.122964923148568,1.1217008218694968,-14.955632389899673
-0.1124965146809433,0.971900769433844,-15.003675135962176
-0.10352844180617589,0.8216402486440099,-15.047840528223754
-0.09606512500645815,0.6709549817632638,-15.08871094202583
-0.090110656023849,0.519875400055371,-15.1267729051149
-0.08566884405535871,0.36842758573226986,-15.162415489234949
-0.08274325601974894,0.2166341789900358,-15.19592896543909
-0.08133724464707712,0.06451546537733982,-15.227503679660995
-0.08145396830656688,-0.08790973650457096,-15.257229103689168
-0.08309639934902102,-0.24062291917122328,-15.285093039687697
-0.08626732327684176,-0.3936050185517284,-15.310980963532112
-0.09096932704905904,-0.5468352370551597,-15.334675511566143
-0.0972047774539267,-0.7002901583770089,-15.355856126903694
-0.10497578904539104,-0.8539425785500763,-15.37409889801831
-0.11428418168621035,-1.0077605990254423,-15.388876636738802
-0.1251314279379418,-1.1617064736626967,-15.399559257389646
-0.13751858992731836,-1.3157357088132016,-15.405414534550342
-0.15144624629143333,-1.4697959097768605,-15.405609329713588
-0.16691440880779942,-1.6238259715575527,-15.39921139250221
-0.18392242943265852,-1.7777547948133783,-15.385191852673932
-0.2024688960826291,-1.9315006646939528,-15.362428536486105
-0.22255152331402875,-2.084970268269868,-15.329710229188574
-0.2441670278618191,-2.238057383326184,-15.285742056349406
-0.26731100131269003,-2.3906430716482823,-15.229152098762073
-0.291977773865384,-2.542593672270198,-15.158499403646283
-0.3181602658329849,-2.6937611341111456,-15.07228355399708
-0.34584984470273095,-2.843982436658293,-14.968955855078917
-0.37503616354884756,-2.9930779634821363,-14.846932354722155
-0.4057070056875626,-3.140853401020464,-14.704608683811179
-0.4378481280153531,-3.2870972939881815,-14.540376798054476
-0.47144309066450524,-3.43158246247426,-14.35264372176735
-0.5064731098787055,-3.5740667387295413,-14.139852044627789
-0.5429168934940087,-3.714291035823086,-13.900502327797764
-0.5807504924780178,-3.851983394387246,-13.63317706781718
-0.6199471670990729,-3.986857102638371,-13.336565978046128
-0.660477242739758,-4.118612977758251,-13.009492495573268
-0.7023080052792219,-4.246941957954233,-12.650940734577375
-0.7454035929957789,-4.371524112363844,-12.260082774614904
-0.7897249127644337,-4.492033637316283,-11.83630552934256
-0.8352295858341358,-4.608139149179254,-11.379236522229949
-0.8818719030250062,-4.719506863346762,-10.888768118691853
-0.9296028190890234,-4.825803502825452,-10.365079216273129
-0.978369969801074,-4.926699292522062,-9.80865384051064
-1.0281177206696768,-5.021870227236337,-9.220295843666763
-1.0787872438684467,-5.111002459715096,-8.601139070590902
-1.1303166355904763,-5.193794941732885,-7.952652223822183
-1.182641061488656,-5.2699636171768205,-7.276638055582962
-1.2356929411198583,-5.33924311137252,-6.5752263479437065
-1.289402151019875,-5.4013915918698086,-5.85086070794438
-1.3436962789700675,-5.456192805608745,-5.106278654580446
-1.3985008892847068,-5.503459664721577,-4.344485657830097
-1.4537398335864977,-5.543036000004532,-3.568722953538055
-1.5093355611262531,-5.574799030228806,-2.7824302910642085
-1.5652094752274097,-5.598661509188747,-1.9892036266666546
-1.6212822815174972,-5.614572331136784,-1.1927494011008395
-1.6774743687039986,-5.62251837538281,-0.39683579262532875
-1.7337061751464315,-5.622523549601892,0.3947572829186916
-1.7898985739690503,-5.614650176852835,1.1782887619199025
-1.8459732416996524,-5.59899694056331,1.9501059423315676
-1.9018530263964741,-5.57569891052721,2.7066920222155932
-1.9574622973497997,-5.544925164447404,3.4447103606513565
-2.0127272783660093,-5.5068770611646665,4.161044561792671
-2.0675763601876413,-5.46178624759722,4.852833537507772
-2.121940385114824,-5.409910871256469,5.5175008492595925
-2.175752905302137,-5.351534333061198,6.152777935320142
-2.2289504095049137,-5.286959833390728,6.756720936367667
-2.281472515952479,-5.216509804657416,7.327721070606042
-2.3332621363974653,-5.1405195227887726,7.864508775696841
-2.3842655980512695,-5.059336806682047,8.366151789670198
-2.434432743631527,-4.973315699975853,8.83204785817798
-2.4837169841967617,-4.882816190691915,9.26191237114895
-2.5320753376985095,-4.788197839566293,9.655761919276692
-2.5794684082645256,-4.68981965657973,10.013894057056454
-2.6258603837324253,-4.588037072593735,10.336864684318314
-2.6712189579379584,-4.483196810500179,10.625462959798783
-2.715515263376737,-4.375638955238308,10.880685168518784
-2.7587237692989066,-4.265690464902181,11.103707809635548
-2.8008221589738294,-4.153667256750976,11.295860619349808
-2.8417912066001905,-4.039871178623996,11.458600147492497
-2.8816146282475703,-3.924588393537256,11.593484171642396
-2.920278920784341,-3.808088974070143,11.702147407851951
-2.9577732012892635,-3.690626943588527,11.786278839766887
-2.994089043192663,-3.5724393535798353,11.847600832576248
-3.029220301808036,-3.453745315285155,11.887850149034497
-3.0631629366545536,-3.3347468400577576,11.908760976674953
-3.0959148417779816,-3.2156287305541555,11.912049997973087
-3.127475674326322,-3.0965589373346303,11.89940344738399
-3.1578466860769936,-2.977688334460158,11.872466100782548
-3.187030556880467,-2.859151939564926,11.832832102735773
-3.2150312375163956,-2.7410688726131185,11.782037511749877
-3.2418537949676782,-2.623543479468886,11.721554426933778
-3.2675042661928644,-2.5066654062782616,11.652786550580142
-3.2919895165916837,-2.3905109210313884,11.577066040513913
-3.315317107573032,-2.2751429728410293,11.49565149698792
-3.337495170313376,-2.1606128713070847,11.409726940997073
-3.358532289800357,-2.0469598699007854,11.32040163263444
-3.378437388398779,-1.9342127238487983,11.228710627157508
-3.3972196280694256,-1.8223903710299503,11.13561588855058
-3.414888310276713,-1.7115021145253655,11.04200790702416
-3.431452789104066,-1.6015491894590792,10.948707668095647
-3.4469223887524643,-1.4925244752227056,10.85646890709675
-3.461306326726335,-1.3844139662930546,10.765980563015054
-3.4746136471111253,-1.2771969628600668,10.677869337040509
-3.4868531559453277,-1.1708467682503212,10.592702325499655
-3.498033365837057,-1.0653314088124504,10.51098963890704
-3.5081624442739323,-0.9606139590605222,10.433186983815347
-3.5172481680340097,-0.8566532879743836,10.359698155126976
-3.5252978831479793,-0.7534044451703259,10.290877406213962
-3.532318469097661,-0.6508191592064905,10.227031674863587
-3.5383163081988944,-0.5488463525191881,10.168422636259379
-3.5432972596686887,-0.447432530844795,10.115268566223522
-3.5472666372949795,-0.3465222040153506,10.067746005669292
-3.5502291922801517,-0.2460583880492885,10.025991205585713
-3.5521890993087113,-0.14598283148743574,9.990101355012344
-3.5531499467353043,-0.046236606724202836,9.960135581009318
-3.5531147311772617,0.05323969413844468,9.936115715356989
-3.552085854485147,0.15250549042454187,9.918026838602518
-3.5500651261984624,0.25161982668236293,9.905817583873757
-3.5470537678375957,0.35064115402506313,9.899400224521449
-3.543052422334822,0.4496266815618775,9.898650530637978
-3.538061166455754,0.5486324548546032,9.903407413451328
-3.5320795250753356,0.647712593073409,9.91347237201
-3.525106494132003,0.7469188221442284,9.92860871365263
-3.517140562699108,0.846300713366725,9.948540615604868
-3.508179739378525,0.9459046321238418,9.972952012055158
-3.49822158664129,1.0457734832674388,10.001485305667007
-3.487263254573427,1.1459467177289853,10.033739970596775
-3.4753015206886926,1.2464592721467025,10.06927103426402
-3.4623328366649795,1.3473414168398816,10.107587463326073
-3.448353375186913,1.4486185098509996,10.148150519415225
-3.4333590844279187,1.550310012631767,10.190372083323327
-3.4173457480859475,1.6524293538842039,10.233613001292944
-3.4003090475516236,1.7549833880780552,10.27718151437258
-3.382244632126883,1.857971631419885,10.320331797683828
-3.3631481935984704,1.9613859892181,10.362262684881907
-3.343015545856208,2.0652099989708335,10.402116638774608
-3.3218427113610782,2.169418379670772,10.438979033365472
-3.2996260115038534,2.2739764448915647,10.471877834042731
-3.2763621652886643,2.378839323011085,10.499783746340311
-3.2520483915100904,2.4839518829234906,10.521610935862496
-3.2266825157520587,2.5892476185031166,10.536218405789493
-3.200263088405834,2.6946481953470593,10.54241212101549
-3.1727895008589604,2.8000635930865063,10.538947998806547
-3.1442621094846377,2.905390683089964,10.52453584507417
-3.1146823670881436,3.010513380493359,10.49784434047659
-3.084052953108885,3.115302197998746,10.457507169695797
-3.052377913755351,3.219613401271727,10.402130375398695
-3.019662798673164,3.3232899806406246,10.330301004987312
-2.985914801492337,3.4261599295864973,10.24059710155401
-2.951142906444039,3.528037527719866,10.131599085614864
-2.915358023117774,3.6287229731333452,10.001902495507364
-2.87857313379814,3.728001969408782,9.850132116232505
-2.8408034264635806,3.8256476144061535,9.674957373220224
-2.8020664280663135,3.9214189503376167,9.475108923407157
-2.7623821356797817,4.015063454645039,9.249396306854702
-2.721773127482159,4.1063170427624645,8.996726378267024
-2.680264680092651,4.194904790499478,8.716122408211506
-2.6378848606300322,4.280543502230622,8.40674340566481
-2.5946646121275654,4.362941445549519,8.067903418779894
-2.5506378240851806,4.4418015208152895,7.699090396250077
-2.5058413796013297,4.516822180484099,7.299984122107422
-2.4603151907240464,4.587699757801507,6.8704728650216556
-2.414102207541036,4.6541304986152445,6.41066816559919
-2.3672484082179905,4.715813146335658,5.920917348318167
-2.319802761491511,4.772450915400325,5.4018132208159555
-2.271817173088598,4.823754111758215,4.854200645507229
-2.223346392829692,4.869443542072849,4.279179353486508
-2.1744479123494975,4.909250659780634,3.67810299539196
-2.1251818276895302,4.942923822279515,3.052573912090652
-2.0756106717332625,4.970226843521907,2.404433510571973
-2.025799247386288,4.990943651777339,1.7357486000455506
-1.9758143987297014,5.004881051467242,1.0487929710402746
-1.9257248028629366,5.011866732282192,0.34602546619645375
-1.8756007166889432,5.011757347954159,-0.36993598083563023
-1.8255137074051606,5.004433475024885,-1.0963435517735045
-1.7755363991916318,4.989804923633928,-1.830350990733663
-1.7257421625237428,4.96781109510864,-2.569047710646642
-1.6762048447889237,4.9384182992545105,-3.309493478208795
-1.6269984671968956,4.901625148980355,-4.0487540130632445
-1.5781969275683958,4.857457379482539,-4.7839361964767075
-1.5298737223566636,4.805969656341553,-5.512221953629847
-1.4821016611866662,4.747244725947284,-6.230900506761811
-1.43495258970041,4.681392105106712,-6.937398133138306
-1.3884971345508872,4.608545695937998,-7.629304669595459
-1.342804467743191,4.528862333258906,-8.304396353903503
-1.2979420850935703,4.442520468158525,-8.960654739293958
-1.2539755959252523,4.349717933495751,-9.596281494941326
-1.2109685497164455,4.250668954283717,-10.209708620161262
-1.1689822767563782,4.145602348921587,-10.799604415292153
-1.1280757600850684,4.034758937593021,-11.36487508714713
-1.0883055180056496,3.918389763349231,-11.90466248925426
-1.0497255250579018,3.7967527604615867,-12.418337916115489
-1.0123871439624856,3.670111457912273,-12.9054926865045
-0.9763390902290123,3.5387319698875905,-13.365925640540272
-0.9416274059162192,3.4028820165572924,-13.799628293720776
-0.9082954635541565,3.262827945359038,-14.20676783608205
-0.8763839789683855,3.1188341142531355,-14.587668692617246
-0.8459310468710629,2.971160480137147,-14.9427929124063
-0.8169721840406047,2.8200622090463865,-15.27271997511258
-0.7895403891022578,2.6657878046442884,-15.57812628447135
-0.7636662087635853,2.508578880547389,-15.859764796705347
-0.739377813721188,2.3486690232163037,-16.118445035777498
-0.7167010790902395,2.186283646132301,-16.355013792693793
-0.6956596688879271,2.0216395493370816,-16.570336708889112
-0.6762751227907102,1.8549447729501858,-16.765280914456614
-0.6585669423777699,1.6863990016985737,-16.940698860103428
-0.6425526753299778,1.5161932065591035,-17.097413432305146
-0.6282480004397936,1.344510489569975,-17.236204372084767
-0.6156668023596669,1.1715264734934276,-17.3577961156025
-0.6048212462863221,0.9974096837605371,-17.462846963881976
-0.5957218418268175,0.8223227416899677,-17.551939660103507
-0.5883775020726825,0.6464224960684973,-17.625573295674627
-0.5827955942437736,0.46986143930012914,-17.684156545409763
-0.5789819793506096,0.2927884679748458,-17.72800221952193
-0.5769410437600508,0.11534978862999054,-17.757323078594812
-0.5766757203359327,-0.06230994712332899,-17.772228906276776
-0.5781874995966438,-0.24004674352719432,-17.772724819343956
-0.58147643056015,-0.4177160934618571,-17.758710810491078
-0.5865411100482213,-0.5951719359710412,-17.729982536812578
-0.5933786627338284,-0.772265690984726,-17.686233349348818
-0.6019847101686583,-0.9488451843183298,-17.62705760166801
-0.6123533306603705,-1.1247537621524637,-17.551955254862527
-0.6244770091392523,-1.2998292538787768,-17.460337825378435
-0.6383465781953883,-1.4739032479691931,-17.351535709704752
-0.6539511516082253,-1.6468002356228038,-17.224806918922713
-0.6712780496281134,-1.818336967386884,-17.07934727073219
-0.6903127193533733,-1.9883219226523505,-16.914302042826737
-0.7110386486367919,-2.15655474969946,-16.728779121544257
-0.7334372774306858,-2.3228261814496745,-16.521863611744667
-0.7574879066941551,-2.4869176420094736,-16.29263388250845
-0.7831676056743138,-2.6486014236191275,-16.04017898779762
-0.8104511216541151,-2.80764085431008,-15.763617331507325
-0.8393107913589386,-2.963790607967182,-15.4621164528807
-0.8697164583728991,-3.1167974753145966,-15.134913709758207
-0.9016353967030777,-3.2664009014062882,-14.781337630443321
-0.9350322437892912,-3.4123343745012087,-14.40082962031994
-0.9698689461356678,-3.554326293655851,-13.992965656413768
-1.0061047139729145,-3.6921014695386396,-13.557477635466496
-1.0436959981045295,-3.825383388661982,-13.094273797063599
-1.082596480026773,-3.95389488731436,-12.603457867751395
-1.122757078452729,-4.0773613154226265,-12.085346410946284
-1.1641259889176867,-4.195512667871454,-11.540483667373806
-1.2066487316268157,-4.308084397821217,-10.969653714352555
-1.2502682296939953,-4.414822334932922,-10.373889187493443
-1.2949249211573153,-4.515483492946094,-9.754476073207169
-1.3405568753489374,-4.609838078258313,-9.112954609853867
-1.3870999540780242,-4.697674655572196,-8.451115443466827
-1.4344879943233566,-4.778799661220729,-7.770991158136633
-1.4826529989270454,-4.853040976907094,-7.074843299937799
-1.5315253747259914,-4.920251348197726,-6.365144360696986
-1.5810341762387174,-4.980307811092986,-5.6445554963868965
-1.6311073654436403,-5.033115556763053,-4.915900133272977
-1.6816721028013957,-5.078608895173446,-4.182133666768743
-1.7326550378669137,-5.116751683915403,-3.446310267165677
-1.783982613495155,-5.147538681472482,-2.7115472355563863
-1.835581377355945,-5.170996425645441,-1.9809877323476686
-1.8873783005196954,-5.187182793380252,-1.2577626705484541
-1.93930108780681,-5.196186563343388,-0.5449528077360196
-1.991278484445988,-5.198126939887611,0.15444822189124435
-2.043240571351924,-5.193151821058923,0.8375690523705362
-2.095119057804824,-5.181438529449963,1.5016933064478302
-2.1468475544023153,-5.163189743879433,2.1442890205285554
-2.1983618218781467,-5.138632518095522,2.7630342007653965
-2.2496000039616164,-5.108015723347876,3.3558382133043847
-2.3005028318932808,-5.071608190198116,3.920858581367481
-2.351013817982328,-5.029696258002451,4.456513246742832
-2.4010794087473504,-4.982580232510546,4.961487943624804
-2.4506491157682566,-4.930572397647538,5.434739020587237
-2.4996756199292,-4.873993795456358,5.87549188396114
-2.548114848943321,-4.813172424818466,6.283235383552371
-2.5959260313838275,-4.748439954110466,6.657712566257778
-2.6430717203726384,-4.680129173021578,6.998908197548913
-2.689517794148301,-4.60857205675724,7.307033616454545
-2.7352334367155695,-4.534097336010726,7.582509456313228
-2.7801910947017974,-4.457028583798078,7.825946718361073
-2.8243664187479185,-4.377682615796589,8.038126752888195
-2.8677381830346342,-4.2963671777550605,8.21998058348273
-2.9102881930503854,-4.21338055942115,8.37256806679567
-2.952001180688536,-4.1290094897366725,8.497057262860821
-2.992864685848001,-4.04352886648999,8.594704353119036
-3.0328689336518617,-3.957200416134977,8.666834417495119
-3.0720066957904186,-3.870272135973916,8.714823271866692
-3.110273163999539,-3.7829795844336043,8.74008059305637
-3.147665806350307,-3.695542254724369,8.74403439438063
-3.1841842150703967,-3.6081659552486975,8.7281169833789
-3.2198299654863702,-3.5210413576160895,8.693752444123497
-3.2546064781033306,-3.4343467855983287,8.642345618921691
-3.2885188829590444,-3.3482462328531177,8.575272559027614
-3.3215738841782847,-3.262889594229021,8.493872400394894
-3.353779610648722,-3.1784130463171087,8.39944064909484
-3.3851454912063703,-3.0949400529862907,8.293223712071752
-3.415682134525816,-3.0125833125655648,8.176414591356034
-3.445401213589981,-2.931443057568215,8.050149643191991
-3.4743153490405687,-2.8516084192694433,7.915506328567463
-3.5024379966515697,-2.773157778569528,7.773501842535154
-3.529783347476453,-2.696159734526075,7.625092475076596
-3.556366234013593,-2.6206741423965445,7.471173625015593
-3.5822020419778187,-2.546751798637692,7.312580375488387
-3.607306624428825,-2.474435530874671,7.150088565150488
-3.631696224772444,-2.403760668967795,6.984416236131916
-3.655387404438797,-2.334755595904484,6.8162254066127055
-3.678396977339077,-2.2674425156466804,6.646124086181957
-3.7007419493206575,-2.20183764026861,6.474668484002687
-3.722439461249648,-2.1379519392353354,6.302365367172576
-3.7435067398113353,-2.0757915991847593,6.129674489969123
-3.763961050630171,-2.015358349433177,5.9570110932709435
-3.7838196570312608,-1.9566500552101935,5.784748412932813
-3.8030997827324775,-1.8996609596143994,5.613220179552429
-3.8218185775719262,-1.8443821814131323,5.4427230922299525
-3.8399930892017453,-1.7908021586514284,5.273519218075676
-3.8576402362350932,-1.7389067184634552,5.105838339793211
-3.8747767849647823,-1.6886796330728564,4.939880218836544
-3.8914193299462574,-1.6401028029790345,4.775816759109393
-3.907584276219879,-1.5931564913217244,4.613794083893926
-3.9232878249564394,-1.5478196953478716,4.453934502276414
-3.93854596140106,-1.50407025324379,4.296338371169243
-3.9533744444239365,-1.4618851087277165,4.1410858573767655
-3.967788798804017,-1.421240514483897,3.9882385864620153
-3.981804308906491,-1.3821121681627269,3.8378411918209787
-3.9954360141974146,-1.3444754221639104,3.6899227599407185
-4.008698706439121,-1.3083053998747491,3.5444981746497404
-4.021606928048262,-1.273577136535413,3.4015693679385857
-4.034174971988908,-1.2402657225442235,3.26112647559386
-4.046416882728799,-1.2083463865781352,3.1231489055546358
-4.058346458263991,-1.1777946250131908,2.987606321943386
-4.069977253219,-1.148586275094633,2.8544595477874886
-4.081322582638499,-1.1206976040725765,2.723661394131851
-4.092395526790845,-1.0941053987092186,2.5951574151081207
-4.103208936598634,-1.0687870116343814,2.4688865967347855
-4.113775439674344,-1.044720443263413,2.3447819830282617
-4.1241074471117285,-1.0218843927609549,2.222771240795642
-4.134217160556961,-1.0002582812553389,2.10277717198018
-4.1441165799784,-0.9798223694925219,1.9847181715125541
-4.153817512181844,-0.9605577555125663,1.868508632844781
-4.163331579045319,-0.94244635675236,1.7540593166522465
-4.172670226012114,-0.9254710017689513,1.6412776788900965
-4.181844731934962,-0.9096155342146682,1.5300681468607842
-4.1908662188331895,-0.8948647388447546,1.4203323635102614
-4.199745661251385,-0.88120433956713,1.3119694063793657
-4.208493896079726,-0.868621111985254,1.2048759725275495
-4.217121633503271,-0.8571029226626887,1.0989465226520347
-4.225639467556529,-0.8466386750106472,0.9940734056923092
-4.2340578865095635,-0.8372183177157461,0.8901469629661785
-4.242387283722811,-0.8288329411872858,0.787055605245513
-4.250637969287399,-0.8214747881596342,0.6846858599993166
-4.258820181307309,-0.8151372187971894,0.5829224051278716
-4.266944097104104,-0.8098147244146702,0.4816480869993979
-4.275019844949938,-0.8055030154819823,0.3807439160490434
-4.283057516289249,-0.8021990092885298,0.28008904151000136
-4.291067177739171,-0.7999008242217315,0.17956071580774619
-4.299058883148891,-0.7986077965800041,0.07903424602201624
-4.30704268612534,-0.7983205477643569,-0.021617072066287657
-4.315028652897354,-0.799040979766852,-0.12252203475871024
-4.32302687513859,-0.8007722800085054,-0.22381162002082594
-4.33104748288964,-0.803518946266858,-0.3256190868228812
-4.339100658002579,-0.8072868416808009,-0.4280800891456298
-4.347196647718073,-0.8120831865910743,-0.5313327985350569
-4.3553457784796965,-0.8179166040354143,-0.6355180357662161
-4.363558470012154,-0.8247971339990663,-0.7407794111212054
-4.371845249673109,-0.8327362675123711,-0.8472634725327376
-4.380216767115559,-0.8417469773849946,-0.9551198611884872
